<?xml version="1.0" encoding="UTF-8"?>
<!-- Created with TexturePacker https://www.codeandweb.com/texturepacker -->
<!-- $TexturePacker:SmartUpdate:53fc5e441bea2b6d97ed857ec07de75b:900fc3da982bd2ea3f61f2726603e589:679e5cce68ddae91dbddea83427b7f7d$ -->
<!--Format:
n  => name of the sprite
x  => sprite x pos in texture
y  => sprite y pos in texture
w  => sprite width (may be trimmed)
h  => sprite height (may be trimmed)
pX => x pos of the pivot point (relative to sprite width)
pY => y pos of the pivot point (relative to sprite height)
oX => sprite's x-corner offset (only available if trimmed)
oY => sprite's y-corner offset (only available if trimmed)
oW => sprite's original width (only available if trimmed)
oH => sprite's original height (only available if trimmed)
r => 'y' only set if sprite is rotated
with polygon mode enabled:
vertices   => points in sprite coordinate system (x0,y0,x1,y1,x2,y2, ...)
verticesUV => points in sheet coordinate system (x0,y0,x1,y1,x2,y2, ...)
triangles  => sprite triangulation, 3 vertex indices per triangle
-->
<TextureAtlas imagePath="08_FX.png" width="8024" height="4616">
    <sprite n="AbyssGuardianCrushFX/AbyssGuardianCrushFX0" x="2100" y="3412" w="720" h="720" pX="0.5" pY="1"/>
    <sprite n="AbyssGuardianCrushFX/AbyssGuardianCrushFX1" x="2820" y="3412" w="720" h="720" pX="0.5" pY="1"/>
    <sprite n="AbyssGuardianCrushFX/AbyssGuardianCrushFX2" x="0" y="3412" w="700" h="700" pX="0.502857" pY="1.01714"/>
    <sprite n="AbyssGuardianCrushFX/AbyssGuardianCrushFX3" x="4624" y="2720" w="632" h="640" pX="0.525316" pY="1.075"/>
    <sprite n="AbyssGuardianCrushFX/AbyssGuardianCrushFX4" x="0" y="1676" w="424" h="416" pX="0.509434" pY="1.36538"/>
    <sprite n="AbyssGuardianCrushFX/AbyssGuardianCrushFX5" x="704" y="500" w="140" h="140" pX="0.514286" pY="3.08571"/>
    <sprite n="AbyssGuardianCrushFX/AbyssGuardianCrushFX6" x="2624" y="20" w="28" h="28" pX="0.571429" pY="13.4286"/>
    <sprite n="ArchbishopKillerFX/ArchbishopKillerFX00" x="7128" y="852" w="220" h="220" pX="0.5" pY="1.07273"/>
    <sprite n="ArchbishopKillerFX/ArchbishopKillerFX01" x="6244" y="1072" w="252" h="252" pX="0.5" pY="1"/>
    <sprite n="ArchbishopKillerFX/ArchbishopKillerFX02" x="4204" y="1072" w="244" h="244" pX="0.5" pY="1.01639"/>
    <sprite n="ArchbishopKillerFX/ArchbishopKillerFX03" x="6496" y="1072" w="252" h="252" pX="0.5" pY="1"/>
    <sprite n="ArchbishopKillerFX/ArchbishopKillerFX04" x="6748" y="1072" w="252" h="252" pX="0.5" pY="1"/>
    <sprite n="ArchbishopKillerFX/ArchbishopKillerFX05" x="2336" y="1072" w="236" h="236" pX="0.5" pY="1.0339"/>
    <sprite n="ArchbishopKillerFX/ArchbishopKillerFX06" x="2572" y="1072" w="236" h="236" pX="0.5" pY="1.0339"/>
    <sprite n="ArchbishopKillerFX/ArchbishopKillerFX07" x="4448" y="1072" w="244" h="244" pX="0.5" pY="1.01639"/>
    <sprite n="ArchbishopKillerFX/ArchbishopKillerFX08" x="6256" y="852" w="212" h="212" pX="0.5" pY="1.09434"/>
    <sprite n="ArchbishopKillerFX/ArchbishopKillerFX09" x="4564" y="660" w="188" h="188" pX="0.5" pY="1.17021"/>
    <sprite n="ArchbishopKillerFX/ArchbishopKillerFX10" x="1184" y="852" w="196" h="196" pX="0.5" pY="1.14286"/>
    <sprite n="ArchbishopKillerFX/ArchbishopKillerFX11" x="1380" y="852" w="196" h="196" pX="0.5" pY="1.14286"/>
    <sprite n="ArchbishopKillerFX/ArchbishopKillerFX12" x="1576" y="852" w="196" h="196" pX="0.5" pY="1.14286"/>
    <sprite n="ArchbishopKillerFX/ArchbishopKillerFX13" x="1592" y="248" w="108" h="108" pX="0.5" pY="1.66667"/>
    <sprite n="ArchbishopKillerFX/ArchbishopKillerFX14" x="7745" y="0" w="20" h="20" pX="0.5" pY="6.8"/>
    <sprite n="ArrowFX/ArrowFX0" x="5064" y="248" w="76" h="112" pX="0.473684" pY="1"/>
    <sprite n="ArrowFX/ArrowFX1" x="7436" y="500" w="100" h="160" pX="0.48" pY="1.2"/>
    <sprite n="ArrowFX/ArrowFX2" x="4828" y="852" w="132" h="208" pX="0.545455" pY="1.21154"/>
    <sprite n="ArrowFX/ArrowFX3" x="7104" y="660" w="152" h="192" pX="0.5" pY="1.45833"/>
    <sprite n="ArrowFX/ArrowFX4" x="1772" y="852" w="160" h="196" pX="0.5" pY="1.44898"/>
    <sprite n="ArrowFX/ArrowFX5" x="1064" y="364" w="8" h="120" pX="1.5" pY="2.43333"/>
    <sprite n="BabyBatBulletFX/BabyBatBulletFX0" x="5424" y="20" w="40" h="40" pX="0.5" pY="1.4"/>
    <sprite n="BabyBatBulletFX/BabyBatBulletFX1" x="6724" y="20" w="48" h="48" pX="0.5" pY="1.25"/>
    <sprite n="BabyBatBulletFX/BabyBatBulletFX2" x="1284" y="72" w="56" h="56" pX="0.5" pY="1.14286"/>
    <sprite n="BabyBatBulletFX/BabyBatBulletFX3" x="4548" y="72" w="64" h="64" pX="0.5" pY="1.0625"/>
    <sprite n="BabyBatBulletFX/BabyBatBulletFX4" x="7284" y="72" w="72" h="72" pX="0.5" pY="1"/>
    <sprite n="BabyBatBulletFX/BabyBatBulletFX5" x="7356" y="72" w="72" h="72" pX="0.5" pY="1"/>
    <sprite n="BabyBatBulletFX/BabyBatBulletFX6" x="7428" y="72" w="72" h="72" pX="0.5" pY="1"/>
    <sprite n="BerserkFX/BerserkFX0" x="6572" y="248" w="104" h="116" pX="0.423077" pY="1"/>
    <sprite n="BerserkFX/BerserkFX1" x="5140" y="248" w="96" h="112" pX="0.583333" pY="1"/>
    <sprite n="BerserkFX/BerserkFX2" x="5236" y="248" w="88" h="112" pX="0.681818" pY="1"/>
    <sprite n="BerserkFX/BerserkFX3" x="1700" y="248" w="116" h="108" pX="0.517241" pY="1"/>
    <sprite n="BerserkFX/BerserkFX4" x="5324" y="248" w="120" h="112" pX="0.5" pY="1"/>
    <sprite n="BerserkFX/BerserkFX5" x="6676" y="248" w="120" h="116" pX="0.5" pY="1"/>
    <sprite n="BerserkFX/BerserkFX6" x="6796" y="248" w="120" h="116" pX="0.5" pY="1"/>
    <sprite n="BiancaDashFX/BiancaDashFX00" x="1992" y="1328" w="132" h="288" pX="0.5" pY="1.04167"/>
    <sprite n="BiancaDashFX/BiancaDashFX01" x="2276" y="1328" w="132" h="304" pX="0.5" pY="1.01316"/>
    <sprite n="BiancaDashFX/BiancaDashFX02" x="3056" y="1328" w="132" h="312" pX="0.5" pY="1"/>
    <sprite n="BiancaDashFX/BiancaDashFX03" x="2408" y="1328" w="120" h="304" pX="0.45" pY="1.01316"/>
    <sprite n="BiancaDashFX/BiancaDashFX04" x="2528" y="1328" w="84" h="304" pX="0.547619" pY="1.02632"/>
    <sprite n="BiancaDashFX/BiancaDashFX05" x="2272" y="1328" w="4" h="296" pX="0.5" pY="1.06757"/>
    <sprite n="BiancaDashFX/BiancaDashFX06" x="1608" y="1328" w="4" h="284" pX="0.5" pY="1.11268"/>
    <sprite n="BiancaDashFX/BiancaDashFX07" x="7536" y="500" w="4" h="160" pX="0.5" pY="1.975"/>
    <sprite n="BigHammerSwingFX/BigHammerSwingFX0" x="1612" y="1328" w="232" h="284" pX="0.5" pY="1"/>
    <sprite n="BigHammerSwingFX/BigHammerSwingFX1" x="4752" y="660" w="224" h="188" pX="0.482143" pY="1.53191"/>
    <sprite n="BigHammerSwingFX/BigHammerSwingFX2" x="5828" y="72" w="180" h="68" pX="0.355556" pY="3.58824"/>
    <sprite n="BigHammerSwingFX/BigHammerSwingFX3" x="3993" y="0" w="52" h="12" pX="-1.23077" pY="19"/>
    <sprite n="BlackHoleFX/BlackHallFX00" x="2100" y="3412" w="720" h="720" pX="0.5" pY="1"/>
    <sprite n="BlackHoleFX/BlackHallFX01" x="2820" y="3412" w="720" h="720" pX="0.5" pY="1"/>
    <sprite n="BlackHoleFX/BlackHallFX02" x="700" y="3412" w="700" h="700" pX="0.502857" pY="1.01714"/>
    <sprite n="BlackHoleFX/BlackHallFX03" x="6520" y="2720" w="692" h="692" pX="0.50289" pY="1.02312"/>
    <sprite n="BlackHoleFX/BlackHallFX04" x="5256" y="2720" w="632" h="640" pX="0.481013" pY="1.05625"/>
    <sprite n="BlackHoleFX/BlackHallFX05" x="3616" y="1676" w="476" h="484" pX="0.504202" pY="1.23967"/>
    <sprite n="BlackHoleFX/BlackHallFX06" x="7168" y="1328" w="344" h="348" pX="0.44186" pY="1.51724"/>
    <sprite n="BlackHoleFX/BlackHallFX07" x="2624" y="20" w="28" h="28" pX="0.571429" pY="13.4286"/>
    <sprite n="BlackHoleFX/BlackHallFX08" x="4228" y="20" w="36" h="36" pX="0.555556" pY="10.5556"/>
    <sprite n="BlackHoleFX/BlackHallFX09" x="7000" y="1072" w="252" h="252" pX="0.507937" pY="1.93651"/>
    <sprite n="BlackHoleFX/BlackHallFX10" x="2820" y="3412" w="720" h="720" pX="0.5" pY="1"/>
    <sprite n="BlackHoleFX/BlackHallFX11" x="1400" y="3412" w="700" h="700" pX="0.502857" pY="1.01714"/>
    <sprite n="BlackHoleFX/BlackHallFX12" x="7212" y="2720" w="692" h="692" pX="0.50289" pY="1.02312"/>
    <sprite n="BlackHoleFX/BlackHallFX13" x="5888" y="2720" w="632" h="640" pX="0.525316" pY="1.075"/>
    <sprite n="BlackHoleFX/BlackHallFX14" x="4092" y="1676" w="476" h="484" pX="0.504202" pY="1.2562"/>
    <sprite n="BlackHoleFX/BlackHallFX15" x="7512" y="1328" w="344" h="348" pX="0.569767" pY="1.56322"/>
    <sprite n="BlackHoleFX/BlackHallFX16" x="2624" y="20" w="28" h="28" pX="0.571429" pY="13.4286"/>
    <sprite n="BlackHoleFX/BlackHallFX17" x="4228" y="20" w="36" h="36" pX="0.555556" pY="10.5556"/>
    <sprite n="BlackHoleFX/BlackHallFX18" x="7000" y="1072" w="252" h="252" pX="0.507937" pY="1.93651"/>
    <sprite n="BlackHoleFX/BlackHallFX19" x="4976" y="660" w="188" h="188" pX="0.510638" pY="2.42553"/>
    <sprite n="BlackHoleFX/BlackHallFX20" x="6092" y="364" w="132" h="132" pX="0.515152" pY="3.24242"/>
    <sprite n="BlackHoleFX/BlackHallFX21" x="7844" y="20" w="52" h="52" pX="0.538462" pY="7.46154"/>
    <sprite n="BlackHoleFX/BlackHallFX22" x="4264" y="20" w="36" h="36" pX="0.555556" pY="10.5556"/>
    <sprite n="BlackHoleFX/BlackHallFX23" x="2652" y="20" w="28" h="28" pX="0.571429" pY="13.4286"/>
    <sprite n="BlackHoleFX/BlackHallFX24" x="7765" y="0" w="20" h="20" pX="0.6" pY="18.6"/>
    <sprite n="BlackHoleFX/BlackHallFX25" x="4045" y="0" w="12" h="12" pX="0.666667" pY="30.6667"/>
    <sprite n="BlackHoleFX/BlackHallFX26" x="1" y="0" w="4" h="4" pX="1" pY="91"/>
    <sprite n="BloodLaserFX/BloodLaserFX00" x="4612" y="72" w="36" h="64" pX="0.5" pY="1"/>
    <sprite n="BloodLaserFX/BloodLaserFX01" x="4648" y="72" w="68" h="64" pX="0.5" pY="1"/>
    <sprite n="BloodLaserFX/BloodLaserFX02" x="4716" y="72" w="68" h="64" pX="0.5" pY="1"/>
    <sprite n="BloodLaserFX/BloodLaserFX03" x="4784" y="72" w="60" h="64" pX="0.5" pY="1"/>
    <sprite n="BloodLaserFX/BloodLaserFX04" x="4844" y="72" w="60" h="64" pX="0.5" pY="1"/>
    <sprite n="BloodLaserFX/BloodLaserFX05" x="4904" y="72" w="60" h="64" pX="0.5" pY="1"/>
    <sprite n="BloodLaserFX/BloodLaserFX06" x="4964" y="72" w="60" h="64" pX="0.5" pY="1"/>
    <sprite n="BloodLaserFX/BloodLaserFX07" x="5024" y="72" w="52" h="64" pX="0.5" pY="1"/>
    <sprite n="BloodLaserFX/BloodLaserFX08" x="5076" y="72" w="44" h="64" pX="0.5" pY="1"/>
    <sprite n="BloodLaserFX/BloodLaserFX09" x="5120" y="72" w="28" h="64" pX="0.5" pY="1"/>
    <sprite n="BloodLaserFX/BloodLaserFX10" x="5148" y="72" w="20" h="64" pX="0.5" pY="1"/>
    <sprite n="BloodLaserFX/BloodLaserFX11" x="5168" y="72" w="12" h="64" pX="0.5" pY="1"/>
    <sprite n="BloodLaserFX/BloodLaserFX12" x="5180" y="72" w="4" h="64" pX="0.5" pY="1"/>
    <sprite n="BloodLaserFX/BloodLaserFX13" x="6192" y="20" w="4" h="44" pX="0.5" pY="1.45455"/>
    <sprite n="BloodLaserHitFX/BloodLaserHitFX00" x="3348" y="20" w="60" h="32" pX="0.5" pY="1.5"/>
    <sprite n="BloodLaserHitFX/BloodLaserHitFX01" x="6196" y="20" w="84" h="44" pX="0.5" pY="1.27273"/>
    <sprite n="BloodLaserHitFX/BloodLaserHitFX02" x="6772" y="20" w="76" h="48" pX="0.5" pY="1.16667"/>
    <sprite n="BloodLaserHitFX/BloodLaserHitFX03" x="6008" y="72" w="108" h="68" pX="0.5" pY="1"/>
    <sprite n="BloodLaserHitFX/BloodLaserHitFX04" x="1340" y="72" w="108" h="56" pX="0.5" pY="1.14286"/>
    <sprite n="BloodLaserHitFX/BloodLaserHitFX05" x="7896" y="20" w="108" h="52" pX="0.5" pY="1.23077"/>
    <sprite n="BloodLaserHitFX/BloodLaserHitFX06" x="2860" y="72" w="108" h="60" pX="0.5" pY="1.13333"/>
    <sprite n="BloodLaserHitFX/BloodLaserHitFX07" x="4300" y="20" w="84" h="36" pX="0.5" pY="1.33333"/>
    <sprite n="BloodLaserHitFX/BloodLaserHitFX08" x="3408" y="20" w="60" h="32" pX="0.5" pY="1.5"/>
    <sprite n="BloodLaserHitFX/BloodLaserHitFX09" x="2680" y="20" w="52" h="28" pX="0.5" pY="1.57143"/>
    <sprite n="BloodLaserHitFX/BloodLaserHitFX10" x="6305" y="0" w="28" h="16" pX="0.5" pY="2.25"/>
    <sprite n="BloodLaserHitFX/BloodLaserHitFX11" x="4057" y="0" w="20" h="12" pX="0.5" pY="3"/>
    <sprite n="BloodLaserHitFX/BloodLaserHitFX12" x="5" y="0" w="12" h="4" pX="0.5" pY="8"/>
    <sprite n="BloodLaserHitFX/BloodLaserHitFX13" x="17" y="0" w="4" h="4" pX="0.5" pY="8"/>
    <sprite n="BloodLaserShootFX/BloodLaserShootFX00" x="6280" y="20" w="44" h="44" pX="0.5" pY="1.45455"/>
    <sprite n="BloodLaserShootFX/BloodLaserShootFX01" x="1984" y="144" w="84" h="84" pX="0.5" pY="1"/>
    <sprite n="BloodLaserShootFX/BloodLaserShootFX02" x="0" y="144" w="76" h="76" pX="0.5" pY="1.05263"/>
    <sprite n="BloodLaserShootFX/BloodLaserShootFX03" x="6116" y="72" w="68" h="68" pX="0.5" pY="1.11765"/>
    <sprite n="BloodLaserShootFX/BloodLaserShootFX04" x="2968" y="72" w="60" h="60" pX="0.5" pY="1.2"/>
    <sprite n="BloodLaserShootFX/BloodLaserShootFX05" x="6116" y="72" w="68" h="68" pX="0.5" pY="1.11765"/>
    <sprite n="BloodLaserShootFX/BloodLaserShootFX06" x="0" y="144" w="76" h="76" pX="0.5" pY="1.05263"/>
    <sprite n="BloodLaserShootFX/BloodLaserShootFX07" x="2968" y="72" w="60" h="60" pX="0.5" pY="1.2"/>
    <sprite n="BloodLaserShootFX/BloodLaserShootFX08" x="6280" y="20" w="44" h="44" pX="0.5" pY="1.45455"/>
    <sprite n="BloodLaserShootFX/BloodLaserShootFX09" x="4384" y="20" w="36" h="36" pX="0.5" pY="1.66667"/>
    <sprite n="BloodLaserShootFX/BloodLaserShootFX10" x="2732" y="20" w="28" h="28" pX="0.5" pY="2"/>
    <sprite n="BloodLaserShootFX/BloodLaserShootFX11" x="7785" y="0" w="20" h="20" pX="0.5" pY="2.6"/>
    <sprite n="BloodLaserShootFX/BloodLaserShootFX12" x="4077" y="0" w="12" h="12" pX="0.5" pY="4"/>
    <sprite n="BloodLaserShootFX/BloodLaserShootFX13" x="17" y="0" w="4" h="4" pX="0.5" pY="11"/>
    <sprite n="BossBulletFX/BossBulletFX000" x="6916" y="248" w="116" h="116" pX="0.5" pY="1.03448"/>
    <sprite n="BossBulletFX/BossBulletFX001" x="7032" y="248" w="116" h="116" pX="0.5" pY="1.03448"/>
    <sprite n="BossBulletFX/BossBulletFX002" x="2976" y="364" w="124" h="124" pX="0.5" pY="1"/>
    <sprite n="BossBulletFX/BossBulletFX003" x="3100" y="364" w="124" h="124" pX="0.5" pY="1"/>
    <sprite n="BossBulletFX/BossBulletFX004" x="5188" y="144" w="100" h="100" pX="0.5" pY="1.12"/>
    <sprite n="BossBulletFX/BossBulletFX005" x="2800" y="144" w="32" h="88" pX="0.4375" pY="1.13636"/>
    <sprite n="BossBulletFX/BossBulletFX006" x="6333" y="0" w="12" h="16" pX="0.5" pY="4.5"/>
    <sprite n="BossBulletFX/BossBulletFX007" x="1" y="0" w="4" h="4" pX="0.5" pY="16"/>
    <sprite n="BulletFX/BulletFX0010" x="2760" y="20" w="28" h="28" pX="0.5" pY="2"/>
    <sprite n="BulletFX/BulletFX0011" x="5464" y="20" w="44" h="40" pX="0.5" pY="1.4"/>
    <sprite n="BulletFX/BulletFX0012" x="6324" y="20" w="52" h="44" pX="0.5" pY="1.18182"/>
    <sprite n="BulletFX/BulletFX0013" x="3468" y="20" w="52" h="32" pX="0.5" pY="1"/>
    <sprite n="BulletFX/BulletFX0014" x="7805" y="0" w="52" h="20" pX="0.5" pY="1"/>
    <sprite n="BulletFX/BulletFX0015" x="21" y="0" w="4" h="4" pX="0.5" pY="1"/>
    <sprite n="BulletFX/BulletFX0020" x="2788" y="20" w="28" h="28" pX="0.5" pY="2"/>
    <sprite n="BulletFX/BulletFX0021" x="4420" y="20" w="36" h="36" pX="0.5" pY="1.44444"/>
    <sprite n="BulletFX/BulletFX0022" x="5508" y="20" w="44" h="40" pX="0.5" pY="1.3"/>
    <sprite n="BulletFX/BulletFX0023" x="4456" y="20" w="52" h="36" pX="0.5" pY="1.22222"/>
    <sprite n="BulletFX/BulletFX0024" x="3520" y="20" w="52" h="32" pX="0.5" pY="1.125"/>
    <sprite n="BulletFX/BulletFX0025" x="2816" y="20" w="52" h="28" pX="0.5" pY="1.14286"/>
    <sprite n="BulletFX/BulletFX0100" x="7148" y="248" w="116" h="116" pX="0.534483" pY="1.2069"/>
    <sprite n="BulletFX/BulletFX0101" x="3224" y="364" w="128" h="124" pX="0.515625" pY="1.19355"/>
    <sprite n="BulletFX/BulletFX0102" x="6896" y="364" w="156" h="136" pX="0.525641" pY="1.14706"/>
    <sprite n="BulletFX/BulletFX0103" x="2168" y="500" w="164" h="144" pX="0.52439" pY="1.11111"/>
    <sprite n="BulletFX/BulletFX0104" x="7052" y="364" w="152" h="136" pX="0.513158" pY="1.20588"/>
    <sprite n="BulletFX/BulletFX0105" x="7264" y="248" w="148" h="116" pX="0.5" pY="1.48276"/>
    <sprite n="BulletFX/BulletFX0106" x="1448" y="72" w="120" h="56" pX="0.483333" pY="3.07143"/>
    <sprite n="BulletFX/BulletFX1100" x="7857" y="0" w="24" h="20" pX="0.5" pY="2.2"/>
    <sprite n="BulletFX/BulletFX1101" x="1952" y="20" w="32" h="24" pX="0.5" pY="1.66667"/>
    <sprite n="BulletFX/BulletFX1102" x="2868" y="20" w="32" h="28" pX="0.5" pY="1.28571"/>
    <sprite n="BulletFX/BulletFX1103" x="1984" y="20" w="32" h="24" pX="0.5" pY="1.16667"/>
    <sprite n="BulletFX/BulletFX1104" x="7881" y="0" w="24" h="20" pX="0.5" pY="1"/>
    <sprite n="BulletFX/BulletFX1105" x="25" y="0" w="8" h="4" pX="0.5" pY="1"/>
    <sprite n="BurnFX/BurnFX0" x="6345" y="0" w="12" h="16" pX="0.5" pY="1"/>
    <sprite n="BurnFX/BurnFX1" x="2900" y="20" w="20" h="28" pX="0.5" pY="1.14286"/>
    <sprite n="BurnFX/BurnFX2" x="3572" y="20" w="20" h="32" pX="0.5" pY="1.25"/>
    <sprite n="BurnFX/BurnFX3" x="7905" y="0" w="20" h="20" pX="0.5" pY="2.2"/>
    <sprite n="BurnFX/BurnFX4" x="6357" y="0" w="20" h="16" pX="0.5" pY="3"/>
    <sprite n="BurnFX/BurnFX5" x="3729" y="0" w="20" h="8" pX="0.5" pY="6.5"/>
    <sprite n="ButterFlyStabFX/ButterFlyStabFX0" x="5184" y="72" w="20" h="64" pX="0.5" pY="1"/>
    <sprite n="ButterFlyStabFX/ButterFlyStabFX1" x="6848" y="20" w="20" h="48" pX="0.5" pY="1.58333"/>
    <sprite n="ButterFlyStabFX/ButterFlyStabFX2" x="4508" y="20" w="20" h="36" pX="0.5" pY="2.22222"/>
    <sprite n="ButterFlyStabFX/ButterFlyStabFX3" x="3592" y="20" w="20" h="32" pX="0.5" pY="2.625"/>
    <sprite n="ButterFlyStabFX/ButterFlyStabFX4" x="3749" y="0" w="8" h="8" pX="1.25" pY="10.5"/>
    <sprite n="ChainDemonFX/ChainDemonFX0" x="4528" y="20" w="36" h="36" pX="0.5" pY="1.55556"/>
    <sprite n="ChainDemonFX/ChainDemonFX1" x="6184" y="72" w="68" h="68" pX="0.5" pY="1.05882"/>
    <sprite n="ChainDemonFX/ChainDemonFX2" x="76" y="144" w="76" h="76" pX="0.5" pY="1"/>
    <sprite n="ChainDemonFX/ChainDemonFX3" x="152" y="144" w="76" h="76" pX="0.5" pY="1"/>
    <sprite n="ChainDemonFX/ChainDemonFX4" x="1156" y="144" w="84" h="80" pX="0.5" pY="1"/>
    <sprite n="ChainDemonFX/ChainDemonFX5" x="1240" y="144" w="84" h="80" pX="0.5" pY="1"/>
    <sprite n="ChainDemonFX/ChainDemonFX6" x="228" y="144" w="80" h="76" pX="0.475" pY="1.05263"/>
    <sprite n="CosmosAurorFX/CosmosAuror00" x="3352" y="364" w="236" h="124" pX="0.5" pY="1.06452"/>
    <sprite n="CosmosAurorFX/CosmosAuror01" x="4684" y="364" w="236" h="128" pX="0.5" pY="1.03125"/>
    <sprite n="CosmosAurorFX/CosmosAuror02" x="4920" y="364" w="236" h="128" pX="0.5" pY="1.03125"/>
    <sprite n="CosmosAurorFX/CosmosAuror03" x="5156" y="364" w="236" h="128" pX="0.5" pY="1"/>
    <sprite n="CosmosAurorFX/CosmosAuror04" x="5444" y="248" w="232" h="112" pX="0.508621" pY="1.14286"/>
    <sprite n="CosmosImpactFX/CosmosImpact00" x="6444" y="500" w="156" h="156" pX="0.5" pY="1.12821"/>
    <sprite n="CosmosImpactFX/CosmosImpact01" x="5164" y="660" w="188" h="188" pX="0.5" pY="1.02128"/>
    <sprite n="CosmosImpactFX/CosmosImpact02" x="1932" y="852" w="196" h="196" pX="0.5" pY="1"/>
    <sprite n="CosmosImpactFX/CosmosImpact03" x="2128" y="852" w="196" h="196" pX="0.5" pY="1"/>
    <sprite n="CosmosImpactFX/CosmosImpact04" x="5352" y="660" w="188" h="188" pX="0.5" pY="1.02128"/>
    <sprite n="CosmosImpactFX/CosmosImpact05" x="5540" y="660" w="188" h="188" pX="0.5" pY="1.02128"/>
    <sprite n="CosmosImpactFX/CosmosImpact06" x="2244" y="660" w="180" h="180" pX="0.5" pY="1.04444"/>
    <sprite n="CosmosImpactFX/CosmosImpact07" x="1504" y="660" w="180" h="172" pX="0.5" pY="1.06977"/>
    <sprite n="CosmosImpactFX/CosmosImpact08" x="1684" y="660" w="176" h="172" pX="0.488636" pY="1.06977"/>
    <sprite n="CosmosImpactFX/CosmosImpact09" x="0" y="72" w="52" h="52" pX="0.653846" pY="2.30769"/>
    <sprite n="CosmosImpactFX/CosmosImpact10" x="5204" y="72" w="68" h="64" pX="0.558824" pY="2.0625"/>
    <sprite n="CosmosImpactFX/CosmosImpact11" x="3028" y="72" w="72" h="60" pX="0.527778" pY="2.2"/>
    <sprite n="CosmosImpactFX/CosmosImpact12" x="1568" y="72" w="60" h="56" pX="0.366667" pY="2.35714"/>
    <sprite n="CosmosImpactFX/CosmosImpact13" x="3100" y="72" w="68" h="60" pX="0.441176" pY="2.13333"/>
    <sprite n="CosmosImpactFX/CosmosImpact14" x="0" y="72" w="52" h="52" pX="0.653846" pY="2.30769"/>
    <sprite n="CosmosImpactFX/CosmosImpact15" x="5204" y="72" w="68" h="64" pX="0.558824" pY="2.0625"/>
    <sprite n="CosmosImpactFX/CosmosImpact16" x="3028" y="72" w="72" h="60" pX="0.527778" pY="2.2"/>
    <sprite n="CosmosImpactFX/CosmosImpact17" x="1568" y="72" w="60" h="56" pX="0.366667" pY="2.35714"/>
    <sprite n="CosmosImpactFX/CosmosImpact18" x="52" y="72" w="56" h="52" pX="0.321429" pY="2.46154"/>
    <sprite n="CosmosImpactFX/CosmosImpact19" x="4564" y="20" w="32" h="36" pX="0.4375" pY="3"/>
    <sprite n="CosmosImpactFX/CosmosImpact20" x="3612" y="20" w="12" h="32" pX="0.5" pY="3.25"/>
    <sprite n="CosmosSlashFX/CosmosSlashFX0" x="7925" y="0" w="56" h="20" pX="0.5" pY="1"/>
    <sprite n="CosmosSlashFX/CosmosSlashFX1" x="0" y="20" w="140" h="20" pX="0.485714" pY="1"/>
    <sprite n="CosmosSlashFX/CosmosSlashFX2" x="140" y="20" w="160" h="20" pX="0.5" pY="1"/>
    <sprite n="CosmosSlashFX/CosmosSlashFX3" x="4089" y="0" w="168" h="12" pX="0.5" pY="1.33333"/>
    <sprite n="CosmosSlashFX/CosmosSlashFX4" x="4257" y="0" w="176" h="12" pX="0.5" pY="1.33333"/>
    <sprite n="CosmosSlashFX/CosmosSlashFX5" x="33" y="0" w="184" h="4" pX="0.5" pY="3"/>
    <sprite n="CosmosSlashFX/CosmosSlashFX6" x="217" y="0" w="184" h="4" pX="0.5" pY="3"/>
    <sprite n="CosmosSwingFX/CosmosSwingFX00" x="5728" y="660" w="240" h="188" pX="0.5" pY="1"/>
    <sprite n="CosmosSwingFX/CosmosSwingFX01" x="3448" y="500" w="232" h="148" pX="0.5" pY="1.24324"/>
    <sprite n="CosmosSwingFX/CosmosSwingFX02" x="7204" y="364" w="228" h="136" pX="0.491228" pY="1.32353"/>
    <sprite n="CosmosSwingFX/CosmosSwingFX03" x="5392" y="364" w="224" h="128" pX="0.482143" pY="1.40625"/>
    <sprite n="CosmosSwingFX/CosmosSwingFX04" x="6556" y="144" w="204" h="104" pX="0.529412" pY="1.73077"/>
    <sprite n="CosmosSwingFX/CosmosSwingFX05" x="6760" y="144" w="192" h="104" pX="0.520833" pY="1.73077"/>
    <sprite n="CosmosSwingFX/CosmosSwingFX06" x="300" y="20" w="68" h="20" pX="0.588235" pY="8.4"/>
    <sprite n="CosmosSwingFX/CosmosSwingFX07" x="401" y="0" w="4" h="4" pX="9" pY="39"/>
    <sprite n="CrecentBulletFX/CrecentBulletFX0" x="3168" y="72" w="60" h="60" pX="0.5" pY="1.06667"/>
    <sprite n="CrecentBulletFX/CrecentBulletFX1" x="6252" y="72" w="68" h="68" pX="0.5" pY="1"/>
    <sprite n="CrecentBulletFX/CrecentBulletFX2" x="5272" y="72" w="60" h="64" pX="0.5" pY="1.0625"/>
    <sprite n="CrecentBulletFX/CrecentBulletFX3" x="3228" y="72" w="56" h="60" pX="0.464286" pY="1.13333"/>
    <sprite n="CrecentBulletFX/CrecentBulletFX4" x="3284" y="72" w="60" h="60" pX="0.566667" pY="1.06667"/>
    <sprite n="CrecentBulletFX/CrecentBulletFX5" x="108" y="72" w="60" h="52" pX="0.5" pY="1.15385"/>
    <sprite n="CrecentBulletFX/CrecentBulletFX6" x="6868" y="20" w="52" h="48" pX="0.5" pY="1.25"/>
    <sprite n="CrecentBulletFX/CrecentBulletFX7" x="2016" y="20" w="32" h="24" pX="0.8125" pY="1.66667"/>
    <sprite n="CrystalExplosionFX/CrystalExplosionFX00" x="5552" y="20" w="60" h="40" pX="0.533333" pY="2.9"/>
    <sprite n="CrystalExplosionFX/CrystalExplosionFX01" x="5612" y="20" w="60" h="40" pX="0.533333" pY="2.9"/>
    <sprite n="CrystalExplosionFX/CrystalExplosionFX02" x="3344" y="72" w="60" h="60" pX="0.533333" pY="2.26667"/>
    <sprite n="CrystalExplosionFX/CrystalExplosionFX03" x="3404" y="72" w="64" h="60" pX="0.5" pY="2.26667"/>
    <sprite n="CrystalExplosionFX/CrystalExplosionFX04" x="5332" y="72" w="60" h="64" pX="0.533333" pY="2.1875"/>
    <sprite n="CrystalExplosionFX/CrystalExplosionFX05" x="5392" y="72" w="60" h="64" pX="0.533333" pY="2.1875"/>
    <sprite n="CrystalExplosionFX/CrystalExplosionFX06" x="7500" y="72" w="60" h="72" pX="0.533333" pY="1.94444"/>
    <sprite n="CrystalExplosionFX/CrystalExplosionFX07" x="308" y="144" w="60" h="76" pX="0.533333" pY="1.84211"/>
    <sprite n="CrystalExplosionFX/CrystalExplosionFX08" x="368" y="144" w="60" h="76" pX="0.533333" pY="1.84211"/>
    <sprite n="CrystalExplosionFX/CrystalExplosionFX09" x="5452" y="72" w="60" h="64" pX="0.533333" pY="2.1875"/>
    <sprite n="CrystalExplosionFX/CrystalExplosionFX10" x="5512" y="72" w="60" h="64" pX="0.533333" pY="2.1875"/>
    <sprite n="CrystalExplosionFX/CrystalExplosionFX11" x="5572" y="72" w="60" h="64" pX="0.533333" pY="2.1875"/>
    <sprite n="CrystalExplosionFX/CrystalExplosionFX12" x="5632" y="72" w="60" h="64" pX="0.533333" pY="2.1875"/>
    <sprite n="CrystalExplosionFX/CrystalExplosionFX13" x="2332" y="500" w="144" h="144" pX="0.5" pY="1.22222"/>
    <sprite n="CrystalExplosionFX/CrystalExplosionFX14" x="1104" y="660" w="168" h="168" pX="0.5" pY="1.11905"/>
    <sprite n="CrystalExplosionFX/CrystalExplosionFX15" x="7540" y="500" w="192" h="160" pX="0.5" pY="1.125"/>
    <sprite n="CrystalExplosionFX/CrystalExplosionFX16" x="7256" y="660" w="204" h="192" pX="0.490196" pY="1.04167"/>
    <sprite n="CrystalExplosionFX/CrystalExplosionFX17" x="2956" y="852" w="200" h="200" pX="0.5" pY="1.02"/>
    <sprite n="CrystalExplosionFX/CrystalExplosionFX18" x="3156" y="852" w="200" h="200" pX="0.5" pY="1.02"/>
    <sprite n="CrystalExplosionFX/CrystalExplosionFX19" x="4960" y="852" w="208" h="208" pX="0.5" pY="1"/>
    <sprite n="CrystalExplosionFX/CrystalExplosionFX20" x="5168" y="852" w="208" h="208" pX="0.5" pY="1"/>
    <sprite n="CrystalExplosionFX/CrystalExplosionFX21" x="5376" y="852" w="208" h="208" pX="0.5" pY="1"/>
    <sprite n="CrystalExplosionFX/CrystalExplosionFX22" x="5584" y="852" w="208" h="208" pX="0.5" pY="1"/>
    <sprite n="CrystalExplosionFX/CrystalExplosionFX23" x="7460" y="660" w="176" h="192" pX="0.590909" pY="1.08333"/>
    <sprite n="CrystalExplosionFX/CrystalExplosionFX24" x="4612" y="500" w="176" h="152" pX="0.590909" pY="1.36842"/>
    <sprite n="DaggerSlashFX/DaggerSlashFX0" x="368" y="20" w="36" h="20" pX="0.5" pY="2"/>
    <sprite n="DaggerSlashFX/DaggerSlashFX1" x="6376" y="20" w="92" h="44" pX="0.5" pY="1.18182"/>
    <sprite n="DaggerSlashFX/DaggerSlashFX2" x="168" y="72" w="100" h="52" pX="0.5" pY="1.07692"/>
    <sprite n="DaggerSlashFX/DaggerSlashFX3" x="3468" y="72" w="108" h="60" pX="0.5" pY="1"/>
    <sprite n="DaggerSwingFX/DaggerSwingFX00" x="268" y="72" w="80" h="52" pX="0.5" pY="1"/>
    <sprite n="DaggerSwingFX/DaggerSwingFX01" x="2920" y="20" w="72" h="28" pX="0.5" pY="2"/>
    <sprite n="DaggerSwingFX/DaggerSwingFX02" x="3757" y="0" w="24" h="8" pX="0.5" pY="7"/>
    <sprite n="DeathSwingFX/DeathSwingFX00" x="3356" y="852" w="280" h="200" pX="0.5" pY="1"/>
    <sprite n="DeathSwingFX/DeathSwingFX01" x="4788" y="500" w="280" h="152" pX="0.5" pY="1.34211"/>
    <sprite n="DeathSwingFX/DeathSwingFX02" x="3680" y="500" w="280" h="148" pX="0.5" pY="1.37838"/>
    <sprite n="DeathSwingFX/DeathSwingFX03" x="3708" y="144" w="280" h="96" pX="0.5" pY="2.125"/>
    <sprite n="DemonBerserkFX/DemonBerserkFX0" x="7732" y="500" w="160" h="160" pX="0.5" pY="1"/>
    <sprite n="DemonBerserkFX/DemonBerserkFX1" x="0" y="660" w="160" h="160" pX="0.5" pY="1"/>
    <sprite n="DemonBerserkFX/DemonBerserkFX2" x="6600" y="500" w="160" h="156" pX="0.5" pY="1"/>
    <sprite n="DemonBerserkFX/DemonBerserkFX3" x="6760" y="500" w="160" h="156" pX="0.5" pY="1"/>
    <sprite n="DemonBerserkFX/DemonBerserkFX4" x="3960" y="500" w="160" h="148" pX="0.5" pY="1.02703"/>
    <sprite n="DemonBerserkFX/DemonBerserkFX5" x="5068" y="500" w="160" h="152" pX="0.5" pY="1.02632"/>
    <sprite n="DemonBerserkFX/DemonBerserkFX6" x="6920" y="500" w="156" h="156" pX="0.487179" pY="1.02564"/>
    <sprite n="DemonBladeFragmentShootFX/DemonBladeFragmentShootFX00" x="6377" y="0" w="60" h="16" pX="0.5" pY="1"/>
    <sprite n="DemonBladeFragmentShootFX/DemonBladeFragmentShootFX01" x="6437" y="0" w="80" h="16" pX="0.475" pY="1"/>
    <sprite n="DemonBladeFragmentShootFX/DemonBladeFragmentShootFX02" x="6517" y="0" w="88" h="16" pX="0.477273" pY="1"/>
    <sprite n="DemonBladeFragmentShootFX/DemonBladeFragmentShootFX03" x="6605" y="0" w="92" h="16" pX="0.5" pY="1"/>
    <sprite n="DemonBladeFragmentShootFX/DemonBladeFragmentShootFX04" x="4433" y="0" w="92" h="12" pX="0.5" pY="1.33333"/>
    <sprite n="DemonBladeFragmentShootFX/DemonBladeFragmentShootFX05" x="405" y="0" w="4" h="4" pX="11.5" pY="3"/>
    <sprite n="DevilElecGuitarBulletFX/DevilGuitarBulletFX0" x="1324" y="144" w="52" h="80" pX="0.538462" pY="1"/>
    <sprite n="DevilElecGuitarBulletFX/DevilGuitarBulletFX1" x="1376" y="144" w="56" h="80" pX="0.5" pY="1"/>
    <sprite n="DevilElecGuitarBulletFX/DevilGuitarBulletFX2" x="348" y="72" w="32" h="52" pX="0.5" pY="1.30769"/>
    <sprite n="DevilElecGuitarBulletFX/DevilGuitarBulletFX3" x="1432" y="144" w="48" h="80" pX="0.583333" pY="1"/>
    <sprite n="DevilElecGuitarBulletFX/DevilGuitarBulletFX4" x="380" y="72" w="32" h="52" pX="0.5" pY="1.30769"/>
    <sprite n="DieFX/Die00" x="3576" y="72" w="60" h="60" pX="0.533333" pY="2.66667"/>
    <sprite n="DieFX/Die01" x="1072" y="364" w="120" h="120" pX="0.533333" pY="1.6"/>
    <sprite n="DieFX/Die02" x="1192" y="364" w="120" h="120" pX="0.533333" pY="1.6"/>
    <sprite n="DieFX/Die03" x="7432" y="364" w="136" h="136" pX="0.529412" pY="1.44118"/>
    <sprite n="DieFX/Die04" x="2476" y="500" w="144" h="144" pX="0.527778" pY="1.38889"/>
    <sprite n="DieFX/Die05" x="2620" y="500" w="144" h="144" pX="0.527778" pY="1.38889"/>
    <sprite n="DieFX/Die06" x="6468" y="20" w="36" h="44" pX="0.777778" pY="3.81818"/>
    <sprite n="DieFX/Die07" x="3624" y="20" w="20" h="32" pX="0.8" pY="4.875"/>
    <sprite n="DieFX/Die08" x="2992" y="20" w="20" h="28" pX="0.8" pY="5.71429"/>
    <sprite n="DieFX/Die09" x="4525" y="0" w="12" h="12" pX="0.666667" pY="12.3333"/>
    <sprite n="DieFX/Die10" x="409" y="0" w="4" h="4" pX="1" pY="39"/>
    <sprite n="DubleJumpFX/DubleJumpFX0" x="6697" y="0" w="20" h="16" pX="0.5" pY="1.5"/>
    <sprite n="DubleJumpFX/DubleJumpFX1" x="3644" y="20" w="36" h="32" pX="0.5" pY="1"/>
    <sprite n="DubleJumpFX/DubleJumpFX2" x="2048" y="20" w="28" h="24" pX="0.5" pY="1.16667"/>
    <sprite n="DubleJumpFX/DubleJumpFX3" x="3680" y="20" w="32" h="32" pX="0.5625" pY="1.125"/>
    <sprite n="DubleJumpFX/DubleJumpFX4" x="3712" y="20" w="32" h="32" pX="0.5625" pY="1.125"/>
    <sprite n="DubleJumpFX/DubleJumpFX5" x="404" y="20" w="36" h="20" pX="0.5" pY="1.6"/>
    <sprite n="Dust/Dust1" x="5672" y="20" w="40" h="40" pX="0.5" pY="1"/>
    <sprite n="Dust/Dust2" x="6504" y="20" w="48" h="44" pX="0.5" pY="1"/>
    <sprite n="Dust/Dust3" x="6920" y="20" w="52" h="48" pX="0.538462" pY="1"/>
    <sprite n="Dust/Dust4" x="412" y="72" w="52" h="52" pX="0.615385" pY="1"/>
    <sprite n="Dust/Dust5" x="464" y="72" w="44" h="52" pX="0.727273" pY="1"/>
    <sprite n="Dust/Dust6" x="0" y="0" w="1" h="1" pX="32" pY="64"/>
    <sprite n="EgoSwordFX/EgoSwordFX00" x="2808" y="1072" w="236" h="236" pX="0.5" pY="1.0339"/>
    <sprite n="EgoSwordFX/EgoSwordFX01" x="7252" y="1072" w="252" h="252" pX="0.5" pY="1"/>
    <sprite n="EgoSwordFX/EgoSwordFX02" x="7504" y="1072" w="260" h="256" pX="0.5" pY="1"/>
    <sprite n="EgoSwordFX/EgoSwordFX03" x="7764" y="1072" w="260" h="256" pX="0.5" pY="1"/>
    <sprite n="EgoSwordFX/EgoSwordFX04" x="0" y="1328" w="260" h="256" pX="0.5" pY="1"/>
    <sprite n="EgoSwordFX/EgoSwordFX05" x="260" y="1328" w="260" h="256" pX="0.5" pY="1"/>
    <sprite n="EXPowerKatanaSwingPlusFX/EXPowerKatanaSwingPlusFX00" x="2976" y="1676" w="640" h="480" pX="0.475" pY="1.08333"/>
    <sprite n="EXPowerKatanaSwingPlusFX/EXPowerKatanaSwingPlusFX01" x="5212" y="1676" w="648" h="500" pX="0.481481" pY="1.064"/>
    <sprite n="EXPowerKatanaSwingPlusFX/EXPowerKatanaSwingPlusFX02" x="4568" y="1676" w="644" h="496" pX="0.478261" pY="1.04839"/>
    <sprite n="EXPowerKatanaSwingPlusFX/EXPowerKatanaSwingPlusFX03" x="2564" y="2184" w="644" h="532" pX="0.478261" pY="1.03759"/>
    <sprite n="EXPowerKatanaSwingPlusFX/EXPowerKatanaSwingPlusFX04" x="740" y="2184" w="628" h="528" pX="0.496815" pY="1.00758"/>
    <sprite n="EXPowerKatanaSwingPlusFX/EXPowerKatanaSwingPlusFX05" x="3856" y="2184" w="648" h="536" pX="0.481481" pY="1.02985"/>
    <sprite n="EXPowerKatanaSwingPlusFX/EXPowerKatanaSwingPlusFX06" x="3208" y="2184" w="648" h="532" pX="0.481481" pY="1.05263"/>
    <sprite n="EXPowerKatanaSwingPlusFX/EXPowerKatanaSwingPlusFX07" x="1368" y="2184" w="648" h="528" pX="0.481481" pY="1.06061"/>
    <sprite n="EXPowerKatanaSwingPlusFX/EXPowerKatanaSwingPlusFX08" x="96" y="2184" w="644" h="524" pX="0.478261" pY="1.0687"/>
    <sprite n="EXPowerKatanaSwingPlusFX/EXPowerKatanaSwingPlusFX09" x="5860" y="1676" w="644" h="504" pX="0.478261" pY="1.07937"/>
    <sprite n="EXPowerKatanaSwingPlusFX/EXPowerKatanaSwingPlusFX10" x="1476" y="1676" w="640" h="456" pX="0.475" pY="1.19298"/>
    <sprite n="EXPowerKatanaSwingPlusFX/EXPowerKatanaSwingPlusFX11" x="852" y="1676" w="624" h="452" pX="0.461538" pY="1.20354"/>
    <sprite n="EXPowerKatanaSwingPlusFX/EXPowerKatanaSwingPlusFX12" x="5228" y="500" w="432" h="152" pX="0.259259" pY="3.57895"/>
    <sprite n="EXPowerKatanaSwingPlusFX/EXPowerKatanaSwingPlusFX13" x="413" y="0" w="4" h="4" pX="-79" pY="136"/>
    <sprite n="FatherBatBulletFX/FatherBatBulletFX0" x="6952" y="144" w="104" h="104" pX="0.5" pY="1.19231"/>
    <sprite n="FatherBatBulletFX/FatherBatBulletFX1" x="5676" y="248" w="112" h="112" pX="0.5" pY="1.14286"/>
    <sprite n="FatherBatBulletFX/FatherBatBulletFX2" x="7056" y="144" w="104" h="104" pX="0.5" pY="1.19231"/>
    <sprite n="FatherBatBulletFX/FatherBatBulletFX3" x="5788" y="248" w="112" h="112" pX="0.5" pY="1.14286"/>
    <sprite n="FatherBatBulletFX/FatherBatBulletFX4" x="1312" y="364" w="120" h="120" pX="0.5" pY="1.1"/>
    <sprite n="FatherBatBulletFX/FatherBatBulletFX5" x="5616" y="364" w="128" h="128" pX="0.5" pY="1.0625"/>
    <sprite n="FatherBatBulletFX/FatherBatBulletFX6" x="7568" y="364" w="136" h="136" pX="0.5" pY="1.02941"/>
    <sprite n="FatherBatBulletFX/FatherBatBulletFX7" x="7704" y="364" w="140" h="136" pX="0.485714" pY="1.02941"/>
    <sprite n="FatherBatBulletFX/FatherBatBulletFX8" x="7844" y="364" w="140" h="136" pX="0.485714" pY="1.02941"/>
    <sprite n="FatherBatBulletFX/FatherBatBulletFX9" x="0" y="500" w="144" h="136" pX="0.5" pY="1.02941"/>
    <sprite n="FatherBatBulletFX/FatherBatBulletFX10" x="144" y="500" w="144" h="136" pX="0.5" pY="1.02941"/>
    <sprite n="FireBoltFX/FireBoltFX0" x="1432" y="364" w="120" h="120" pX="0.5" pY="1.5"/>
    <sprite n="FireBoltFX/FireBoltFX1" x="5792" y="852" w="224" h="208" pX="0.5" pY="1.07692"/>
    <sprite n="FireBoltFX/FireBoltFX2" x="7348" y="852" w="232" h="220" pX="0.5" pY="1.03636"/>
    <sprite n="FireBoltFX/FireBoltFX3" x="732" y="1072" w="240" h="228" pX="0.5" pY="1.01754"/>
    <sprite n="FireBoltFX/FireBoltFX4" x="3044" y="1072" w="240" h="236" pX="0.5" pY="1"/>
    <sprite n="FireBoltFX/FireBoltFX5" x="5744" y="364" w="144" h="128" pX="0.444444" pY="1.5"/>
    <sprite n="FireBoltFX/FireBoltFX6" x="6224" y="364" w="144" h="132" pX="0.444444" pY="1.48485"/>
    <sprite n="FireGreatSwingFX/FireGreatSwingFX01" x="7636" y="660" w="240" h="192" pX="0.5" pY="1.02083"/>
    <sprite n="FireGreatSwingFX/FireGreatSwingFX02" x="3872" y="660" w="240" h="184" pX="0.5" pY="1.04348"/>
    <sprite n="FireGreatSwingFX/FireGreatSwingFX03" x="4112" y="660" w="240" h="184" pX="0.5" pY="1.02174"/>
    <sprite n="FireGreatSwingFX/FireGreatSwingFX04" x="1272" y="660" w="232" h="168" pX="0.517241" pY="1.09524"/>
    <sprite n="FireGreatSwingFX/FireGreatSwingFX05" x="1552" y="364" w="224" h="120" pX="0.517857" pY="1.46667"/>
    <sprite n="FireGreatSwingFX/FireGreatSwingFX06" x="6320" y="72" w="212" h="68" pX="0.509434" pY="2.52941"/>
    <sprite n="FoundFX/FoundFX0" x="3744" y="20" w="64" h="32" pX="0.5" pY="1.125"/>
    <sprite n="FoundFX/FoundFX1" x="7560" y="72" w="40" h="72" pX="0.5" pY="1.05556"/>
    <sprite n="FoundFX/FoundFX2" x="6972" y="20" w="40" h="48" pX="0.5" pY="1.25"/>
    <sprite n="FoundFX/FoundFX3" x="6972" y="20" w="40" h="48" pX="0.5" pY="1"/>
    <sprite n="FoundFX/FoundFX4" x="6972" y="20" w="40" h="48" pX="0.5" pY="1.08333"/>
    <sprite n="FoundFX/FoundFX5" x="4596" y="20" w="32" h="36" pX="0.5" pY="1.11111"/>
    <sprite n="FoundFX/FoundFX6" x="2076" y="20" w="20" h="24" pX="0.6" pY="1.16667"/>
    <sprite n="FoundFX/FoundFX7" x="6717" y="0" w="12" h="16" pX="0.666667" pY="1.25"/>
    <sprite n="GeyserFx/GeyserFx00" x="3984" y="3412" w="216" h="800" pX="0.527778" pY="1"/>
    <sprite n="GeyserFx/GeyserFx01" x="3684" y="3412" w="300" h="796" pX="0.5" pY="1"/>
    <sprite n="GeyserFx/GeyserFx02" x="3540" y="3412" w="144" h="776" pX="0.541667" pY="1.03093"/>
    <sprite n="GeyserFx/GeyserFx03" x="4552" y="2720" w="72" h="588" pX="0.638889" pY="1.36054"/>
    <sprite n="GeyserFx/GeyserFx04" x="908" y="2720" w="36" h="540" pX="0.722222" pY="1.48148"/>
    <sprite n="GeyserFx/GeyserFx05" x="2016" y="2184" w="28" h="528" pX="0.785714" pY="1.51515"/>
    <sprite n="GrayPickaxeSwingFX/GrayPickaxeSwing00" x="3636" y="852" w="40" h="200" pX="0.4" pY="1.12"/>
    <sprite n="GrayPickaxeSwingFX/GrayPickaxeSwing01" x="2764" y="500" w="36" h="144" pX="0.555556" pY="1.11111"/>
    <sprite n="GrayPickaxeSwingFX/GrayPickaxeSwing02" x="3280" y="144" w="32" h="92" pX="0.75" pY="1.13043"/>
    <sprite n="GrayPickaxeSwingFX/GrayPickaxeSwing03" x="3636" y="72" w="24" h="60" pX="0.833333" pY="1.33333"/>
    <sprite n="GreatSwingFX/GreatSwingFX00" x="5728" y="660" w="240" h="188" pX="0.5" pY="1"/>
    <sprite n="GreatSwingFX/GreatSwingFX01" x="7160" y="144" w="232" h="104" pX="0.5" pY="1.76923"/>
    <sprite n="GreatSwingFX/GreatSwingFX02" x="4628" y="20" w="168" h="36" pX="0.5" pY="5"/>
    <sprite n="HealSwingFX/HealSwingFX00" x="5968" y="660" w="288" h="188" pX="0.5" pY="1"/>
    <sprite n="HealSwingFX/HealSwingFX01" x="5660" y="500" w="280" h="152" pX="0.5" pY="1.21053"/>
    <sprite n="HealSwingFX/HealSwingFX02" x="6368" y="364" w="248" h="132" pX="0.451613" pY="1.51515"/>
    <sprite n="HealSwingFX/HealSwingFX03" x="3588" y="364" w="240" h="124" pX="0.45" pY="1.58065"/>
    <sprite n="HealSwingFX/HealSwingFX04" x="1480" y="144" w="96" h="80" pX="1.08333" pY="1.95"/>
    <sprite n="HeavyStoneMagmaFX/HeavyStoneMagmaFX00" x="2068" y="144" w="84" h="84" pX="0.571429" pY="1.80952"/>
    <sprite n="HeavyStoneMagmaFX/HeavyStoneMagmaFX01" x="5288" y="144" w="180" h="100" pX="0.533333" pY="1.6"/>
    <sprite n="HeavyStoneMagmaFX/HeavyStoneMagmaFX02" x="7412" y="248" w="192" h="116" pX="0.520833" pY="1.41379"/>
    <sprite n="HeavyStoneMagmaFX/HeavyStoneMagmaFX03" x="7076" y="500" w="204" h="156" pX="0.529412" pY="1.07692"/>
    <sprite n="HeavyStoneMagmaFX/HeavyStoneMagmaFX04" x="2424" y="660" w="208" h="180" pX="0.519231" pY="1.04444"/>
    <sprite n="HeavyStoneMagmaFX/HeavyStoneMagmaFX05" x="4352" y="660" w="212" h="184" pX="0.509434" pY="1.04348"/>
    <sprite n="HeavyStoneMagmaFX/HeavyStoneMagmaFX06" x="0" y="852" w="216" h="192" pX="0.5" pY="1.02083"/>
    <sprite n="HeavyStoneMagmaFX/HeavyStoneMagmaFX07" x="216" y="852" w="216" h="192" pX="0.5" pY="1.02083"/>
    <sprite n="HeavyStoneMagmaFX/HeavyStoneMagmaFX08" x="2324" y="852" w="200" h="196" pX="0.54" pY="1"/>
    <sprite n="HeavyStoneMagmaFX/HeavyStoneMagmaFX09" x="2524" y="852" w="200" h="196" pX="0.54" pY="1"/>
    <sprite n="HeavyStoneMagmaFX/HeavyStoneMagmaFX10" x="2060" y="660" w="184" h="176" pX="0.586957" pY="1.02273"/>
    <sprite n="HeavyStoneMagmaFX/HeavyStoneMagmaFX11" x="844" y="500" w="168" h="140" pX="0.595238" pY="1.28571"/>
    <sprite n="HeavyStoneMagmaFX/HeavyStoneMagmaFX12" x="288" y="500" w="144" h="136" pX="0.694444" pY="1.29412"/>
    <sprite n="HecateShotFX/HecateShotFx0" x="3660" y="72" w="60" h="60" pX="0.5" pY="1"/>
    <sprite n="HecateShotFX/HecateShotFx1" x="2832" y="144" w="116" h="88" pX="0.5" pY="1"/>
    <sprite n="HecateShotFX/HecateShotFx2" x="1776" y="364" w="148" h="120" pX="0.5" pY="1"/>
    <sprite n="HecateSmokeFX/HecateSmokeFX0" x="5468" y="144" w="100" h="100" pX="0.52" pY="1.28"/>
    <sprite n="HecateSmokeFX/HecateSmokeFX1" x="432" y="852" w="136" h="192" pX="0.5" pY="1.10417"/>
    <sprite n="HecateSmokeFX/HecateSmokeFX2" x="4112" y="852" w="140" h="204" pX="0.485714" pY="1.05882"/>
    <sprite n="HecateSmokeFX/HecateSmokeFX3" x="6016" y="852" w="144" h="208" pX="0.5" pY="1.05769"/>
    <sprite n="HecateSmokeFX/HecateSmokeFX4" x="6740" y="852" w="144" h="216" pX="0.5" pY="1.03704"/>
    <sprite n="HecateSmokeFX/HecateSmokeFX5" x="6884" y="852" w="144" h="216" pX="0.5" pY="1"/>
    <sprite n="HecateSmokeFX/HecateSmokeFX6" x="4252" y="852" w="144" h="204" pX="0.5" pY="1.01961"/>
    <sprite n="HecateSmokeFX/HecateSmokeFX7" x="7392" y="144" w="136" h="104" pX="0.470588" pY="1"/>
    <sprite n="HecateSmokeFX/HecateSmokeFX8" x="7528" y="144" w="124" h="104" pX="0.419355" pY="1"/>
    <sprite n="HighNoonFX/HighNoonFX00" x="7580" y="852" w="92" h="220" pX="0.5" pY="1"/>
    <sprite n="HighNoonFX/HighNoonFX01" x="7028" y="852" w="100" h="216" pX="0.5" pY="1.01852"/>
    <sprite n="HighNoonFX/HighNoonFX02" x="3676" y="852" w="108" h="200" pX="0.5" pY="1.1"/>
    <sprite n="HighNoonFX/HighNoonFX03" x="6256" y="660" w="92" h="188" pX="0.5" pY="1.17021"/>
    <sprite n="HighNoonFX/HighNoonFX04" x="160" y="660" w="52" h="160" pX="0.5" pY="1.25"/>
    <sprite n="HighNoonFX/HighNoonFX05" x="5940" y="500" w="20" h="152" pX="0.5" pY="1.31579"/>
    <sprite n="HighNoonFX/HighNoonFX06" x="4120" y="500" w="20" h="148" pX="0.5" pY="1.35135"/>
    <sprite n="HighNoonFX/HighNoonFX07" x="5568" y="144" w="16" h="100" pX="0.625" pY="1.84"/>
    <sprite n="HitFX/HitFX0" x="1816" y="248" w="112" h="108" pX="0.732143" pY="1"/>
    <sprite n="HitFX/HitFX1" x="2632" y="660" w="144" h="180" pX="0.569444" pY="1"/>
    <sprite n="HitFX/HitFX2" x="3784" y="852" w="136" h="200" pX="0.455882" pY="1"/>
    <sprite n="HitFX/HitFX3" x="568" y="852" w="120" h="192" pX="0.383333" pY="1.02083"/>
    <sprite n="HitFX/HitFX4" x="1000" y="660" w="104" h="164" pX="0.25" pY="1.19512"/>
    <sprite n="HitFX/HitFX5" x="212" y="660" w="112" h="160" pX="0.267857" pY="1.25"/>
    <sprite n="IceCrystalFX/IceCrystalFX00" x="7012" y="20" w="64" h="48" pX="0.53125" pY="2.25"/>
    <sprite n="IceCrystalFX/IceCrystalFX01" x="6532" y="72" w="64" h="68" pX="0.53125" pY="1.58824"/>
    <sprite n="IceCrystalFX/IceCrystalFX02" x="6596" y="72" w="88" h="68" pX="0.659091" pY="1.47059"/>
    <sprite n="IceCrystalFX/IceCrystalFX03" x="5584" y="144" w="112" h="100" pX="0.517857" pY="1.16"/>
    <sprite n="IceCrystalFX/IceCrystalFX04" x="7652" y="144" w="116" h="104" pX="0.465517" pY="1.11538"/>
    <sprite n="IceCrystalFX/IceCrystalFX05" x="1928" y="248" w="120" h="108" pX="0.483333" pY="1.11111"/>
    <sprite n="IceCrystalFX/IceCrystalFX06" x="7768" y="144" w="100" h="104" pX="0.54" pY="1.15385"/>
    <sprite n="IceCrystalFX/IceCrystalFX07" x="3312" y="144" w="84" h="92" pX="0.452381" pY="1.21739"/>
    <sprite n="IceCrystalFX/IceCrystalFX08" x="1576" y="144" w="76" h="80" pX="0.394737" pY="1.35"/>
    <sprite n="IceCrystalFX/IceCrystalFX09" x="5692" y="72" w="72" h="64" pX="0.416667" pY="1.5625"/>
    <sprite n="IceCrystalFX/IceCrystalFX10" x="1628" y="72" w="64" h="56" pX="0.40625" pY="1.71429"/>
    <sprite n="IceCrystalFX/IceCrystalFX11" x="508" y="72" w="56" h="52" pX="0.464286" pY="1.76923"/>
    <sprite n="IceCrystalFX/IceCrystalFX12" x="1692" y="72" w="56" h="56" pX="0.464286" pY="1.71429"/>
    <sprite n="IceCrystalFX/IceCrystalFX13" x="2800" y="500" w="124" h="144" pX="0.5" pY="1"/>
    <sprite n="IceCrystalFX/IceCrystalFX14" x="1924" y="364" w="104" h="120" pX="0.480769" pY="1.1"/>
    <sprite n="IceCrystalFX/IceCrystalFX15" x="2028" y="364" w="104" h="120" pX="0.480769" pY="1.1"/>
    <sprite n="IceCrystalFX/IceCrystalFX16" x="2132" y="364" w="104" h="120" pX="0.480769" pY="1.1"/>
    <sprite n="IceCrystalFX/IceCrystalFX17" x="2236" y="364" w="108" h="120" pX="0.462963" pY="1.1"/>
    <sprite n="IceCrystalFX/IceCrystalFX18" x="2344" y="364" w="112" h="120" pX="0.482143" pY="1.1"/>
    <sprite n="IceCrystalFX/IceCrystalFX19" x="3828" y="364" w="112" h="124" pX="0.482143" pY="1.06452"/>
    <sprite n="IceCrystalFX/IceCrystalFX20" x="3940" y="364" w="112" h="124" pX="0.482143" pY="1.06452"/>
    <sprite n="IlectricFX/IlectricFX00" x="7076" y="20" w="84" h="48" pX="0.5" pY="1.25"/>
    <sprite n="IlectricFX/IlectricFX01" x="5712" y="20" w="80" h="40" pX="0.525" pY="1.4"/>
    <sprite n="IlectricFX/IlectricFX02" x="7160" y="20" w="84" h="48" pX="0.5" pY="1.25"/>
    <sprite n="IlectricFX/IlectricFX03" x="5792" y="20" w="76" h="40" pX="0.5" pY="1.4"/>
    <sprite n="IlectricFX/IlectricFX04" x="4796" y="20" w="72" h="36" pX="0.472222" pY="1.66667"/>
    <sprite n="IlectricFX/IlectricFX05" x="4868" y="20" w="72" h="36" pX="0.472222" pY="1.66667"/>
    <sprite n="IlectricFX/IlectricFX10" x="3720" y="72" w="84" h="60" pX="0.5" pY="1.2"/>
    <sprite n="IlectricFX/IlectricFX11" x="1748" y="72" w="76" h="56" pX="0.5" pY="1.28571"/>
    <sprite n="IlectricFX/IlectricFX12" x="3804" y="72" w="84" h="60" pX="0.5" pY="1.2"/>
    <sprite n="IlectricFX/IlectricFX13" x="1824" y="72" w="76" h="56" pX="0.5" pY="1.21429"/>
    <sprite n="IlectricFX/IlectricFX14" x="3888" y="72" w="76" h="60" pX="0.447368" pY="1.2"/>
    <sprite n="IlectricFX/IlectricFX15" x="1900" y="72" w="72" h="56" pX="0.416667" pY="1.28571"/>
    <sprite n="JumpFX/JumpFX0" x="3781" y="0" w="36" h="8" pX="0.5" pY="1"/>
    <sprite n="JumpFX/JumpFX1" x="440" y="20" w="24" h="20" pX="0.583333" pY="1"/>
    <sprite n="JumpFX/JumpFX2" x="2096" y="20" w="20" h="24" pX="0.5" pY="1.16667"/>
    <sprite n="JumpFX/JumpFX3" x="2116" y="20" w="20" h="24" pX="0.5" pY="1.5"/>
    <sprite n="JumpFX/JumpFX4" x="3817" y="0" w="4" h="8" pX="0.5" pY="5"/>
    <sprite n="KatanaSpeedSwingFX/KatanaSpeedSwingFX00" x="7672" y="852" w="272" h="220" pX="0.485294" pY="1"/>
    <sprite n="KatanaSpeedSwingFX/KatanaSpeedSwingFX01" x="4396" y="852" w="276" h="204" pX="0.492754" pY="1.09804"/>
    <sprite n="KatanaSpeedSwingFX/KatanaSpeedSwingFX02" x="6468" y="852" w="272" h="212" pX="0.5" pY="1.07547"/>
    <sprite n="KatanaSpeedSwingFX/KatanaSpeedSwingFX03" x="0" y="1072" w="276" h="220" pX="0.492754" pY="1.03636"/>
    <sprite n="KatanaSpeedSwingFX/KatanaSpeedSwingFX04" x="3920" y="852" w="136" h="200" pX="1.02941" pY="1.02"/>
    <sprite n="KatanaSpeedSwingFX/KatanaSpeedSwingFX05" x="428" y="144" w="60" h="76" pX="1.06667" pY="1.05263"/>
    <sprite n="KeresScytheSwingFX/KeresScytheSwingFX0" x="276" y="1072" w="232" h="220" pX="0.5" pY="1"/>
    <sprite n="KeresScytheSwingFX/KeresScytheSwingFX1" x="2724" y="852" w="232" h="196" pX="0.5" pY="1.10204"/>
    <sprite n="KeresScytheSwingFX/KeresScytheSwingFX2" x="2456" y="364" w="228" h="120" pX="0.508772" pY="1.76667"/>
    <sprite n="KeresScytheSwingFX/KeresScytheSwingFX3" x="5900" y="248" w="224" h="112" pX="0.517857" pY="1.89286"/>
    <sprite n="KeresScytheSwingFX/KeresScytheSwingFX4" x="0" y="248" w="208" h="104" pX="0.557692" pY="2"/>
    <sprite n="KeresScytheSwingFX/KeresScytheSwingFX5" x="3988" y="144" w="188" h="96" pX="0.595745" pY="2.16667"/>
    <sprite n="KeresScytheSwingFX/KeresScytheSwingFX6" x="3821" y="0" w="108" h="8" pX="0.37037" pY="25.5"/>
    <sprite n="KeresScytheSwingFX/KeresScytheSwingFX7" x="417" y="0" w="4" h="4" pX="-15" pY="50"/>
    <sprite n="KeresSlashFX/KeresSlashFX0" x="464" y="20" w="56" h="20" pX="0.5" pY="1"/>
    <sprite n="KeresSlashFX/KeresSlashFX1" x="520" y="20" w="136" h="20" pX="0.5" pY="1"/>
    <sprite n="KeresSlashFX/KeresSlashFX2" x="4537" y="0" w="152" h="12" pX="0.5" pY="1.33333"/>
    <sprite n="KeresSlashFX/KeresSlashFX3" x="4689" y="0" w="168" h="12" pX="0.5" pY="1.33333"/>
    <sprite n="KeresSlashFX/KeresSlashFX4" x="421" y="0" w="160" h="4" pX="0.5" pY="3"/>
    <sprite n="KeresSlashFX/KeresSlashFX5" x="581" y="0" w="160" h="4" pX="0.5" pY="3"/>
    <sprite n="KickFX/KickFX0" x="1652" y="144" w="60" h="80" pX="0.533333" pY="1"/>
    <sprite n="KickFX/KickFX1" x="488" y="144" w="52" h="76" pX="0.384615" pY="1.26316"/>
    <sprite n="KickFX/KickFX2" x="1972" y="72" w="40" h="56" pX="0.2" pY="1.71429"/>
    <sprite n="KickFX/KickFX3" x="3808" y="20" w="20" h="32" pX="-0.6" pY="3.125"/>
    <sprite n="KickFX/KickFX4" x="4857" y="0" w="8" h="12" pX="-3" pY="8.33333"/>
    <sprite n="LaserChargeFX/LaserChargeFX00" x="741" y="0" w="4" h="4" pX="7.5" pY="12"/>
    <sprite n="LaserChargeFX/LaserChargeFX01" x="3012" y="20" w="44" h="28" pX="0.681818" pY="2.42857"/>
    <sprite n="LaserChargeFX/LaserChargeFX02" x="5868" y="20" w="52" h="40" pX="0.5" pY="1.7"/>
    <sprite n="LaserChargeFX/LaserChargeFX03" x="5920" y="20" w="44" h="40" pX="0.409091" pY="1.6"/>
    <sprite n="LaserChargeFX/LaserChargeFX04" x="7244" y="20" w="40" h="48" pX="0.45" pY="1.25"/>
    <sprite n="LaserChargeFX/LaserChargeFX05" x="5964" y="20" w="56" h="40" pX="0.607143" pY="1.3"/>
    <sprite n="LaserChargeFX/LaserChargeFX06" x="564" y="72" w="56" h="52" pX="0.607143" pY="1.23077"/>
    <sprite n="LaserChargeFX/LaserChargeFX07" x="7284" y="20" w="52" h="48" pX="0.576923" pY="1.25"/>
    <sprite n="LaserChargeFX/LaserChargeFX08" x="7336" y="20" w="44" h="48" pX="0.5" pY="1.25"/>
    <sprite n="LaserChargeFX/LaserChargeFX09" x="7380" y="20" w="44" h="48" pX="0.5" pY="1.25"/>
    <sprite n="LaserChargeFX/LaserChargeFX10" x="7424" y="20" w="44" h="48" pX="0.5" pY="1.25"/>
    <sprite n="LaserChargeFX/LaserChargeFX11" x="7468" y="20" w="44" h="48" pX="0.5" pY="1.25"/>
    <sprite n="LaserChargeFX/LaserChargeFX12" x="7512" y="20" w="44" h="48" pX="0.5" pY="1.25"/>
    <sprite n="LaserChargeFX/LaserChargeFX13" x="7556" y="20" w="44" h="48" pX="0.5" pY="1.25"/>
    <sprite n="LaserChargeFX/LaserChargeFX14" x="7600" y="20" w="44" h="48" pX="0.5" pY="1.25"/>
    <sprite n="LaserChargeFX/LaserChargeFX15" x="620" y="72" w="44" h="52" pX="0.5" pY="1.23077"/>
    <sprite n="LaserChargeFX/LaserChargeFX16" x="7644" y="20" w="44" h="48" pX="0.5" pY="1.25"/>
    <sprite n="LaserChargeFX/LaserChargeFX17" x="6684" y="72" w="68" h="68" pX="0.5" pY="1"/>
    <sprite n="LaserChargeFX/LaserChargeFX18" x="664" y="72" w="52" h="52" pX="0.5" pY="1.15385"/>
    <sprite n="LaserChargeFX/LaserChargeFX19" x="4940" y="20" w="36" h="36" pX="0.5" pY="1.44444"/>
    <sprite n="LaserChargeFX/LaserChargeFX20" x="4865" y="0" w="12" h="12" pX="0.5" pY="3.33333"/>
    <sprite n="LavaAreaFX/LavaAreaFX00" x="4152" y="1328" w="340" h="324" pX="0.505882" pY="1"/>
    <sprite n="LavaAreaFX/LavaAreaFX01" x="4492" y="1328" w="344" h="324" pX="0.5" pY="1"/>
    <sprite n="LavaAreaFX/LavaAreaFX02" x="4836" y="1328" w="344" h="328" pX="0.5" pY="1"/>
    <sprite n="LavaAreaFX/LavaAreaFX03" x="5512" y="1328" w="344" h="340" pX="0.5" pY="1"/>
    <sprite n="LavaAreaFX/LavaAreaFX04" x="6184" y="1328" w="328" h="344" pX="0.52439" pY="1"/>
    <sprite n="LavaAreaFX/LavaAreaFX05" x="6512" y="1328" w="328" h="344" pX="0.52439" pY="1"/>
    <sprite n="LavaAreaFX/LavaAreaFX06" x="6840" y="1328" w="328" h="344" pX="0.52439" pY="1"/>
    <sprite n="LavaAreaFX/LavaAreaFX07" x="5856" y="1328" w="328" h="340" pX="0.52439" pY="1"/>
    <sprite n="LavaAreaFX/LavaAreaFX08" x="5180" y="1328" w="332" h="336" pX="0.518072" pY="1"/>
    <sprite n="LavaAreaFX/LavaAreaFX09" x="3476" y="1328" w="336" h="320" pX="0.511905" pY="1"/>
    <sprite n="LavaAreaFX/LavaAreaFX10" x="3812" y="1328" w="340" h="320" pX="0.505882" pY="1"/>
    <sprite n="LightningFX/LightningFX00" x="0" y="2184" w="96" h="512" pX="0.458333" pY="1"/>
    <sprite n="LightningFX/LightningFX01" x="6504" y="1676" w="280" h="504" pX="0.528571" pY="1"/>
    <sprite n="LightningFX/LightningFX02" x="6784" y="1676" w="324" h="504" pX="0.518519" pY="1"/>
    <sprite n="LightningFX/LightningFX04" x="2116" y="1676" w="332" h="476" pX="0.506024" pY="1"/>
    <sprite n="LightningFX/LightningFX05" x="2448" y="1676" w="340" h="476" pX="0.505882" pY="1"/>
    <sprite n="LightningFX/LightningFX07" x="2788" y="1676" w="188" h="476" pX="0.489362" pY="1"/>
    <sprite n="LightningFX/LightningFX09" x="2776" y="660" w="176" h="180" pX="0.522727" pY="1"/>
    <sprite n="MadnessStabFX/MadnessStabFX0" x="324" y="660" w="76" h="160" pX="0.5" pY="1"/>
    <sprite n="MadnessStabFX/MadnessStabFX1" x="400" y="660" w="68" h="160" pX="0.5" pY="1.1"/>
    <sprite n="MadnessStabFX/MadnessStabFX2" x="2924" y="500" w="68" h="144" pX="0.5" pY="1.25"/>
    <sprite n="MadnessStabFX/MadnessStabFX3" x="2684" y="364" w="52" h="120" pX="0.5" pY="1.43333"/>
    <sprite n="MadnessStabFX/MadnessStabFX4" x="4176" y="144" w="44" h="96" pX="0.5" pY="1.75"/>
    <sprite n="MadnessStabFX/MadnessStabFX5" x="6020" y="20" w="28" h="40" pX="0.5" pY="4"/>
    <sprite n="MadnessStabFX/MadnessStabFX6" x="656" y="20" w="4" h="20" pX="0.5" pY="7.8"/>
    <sprite n="MadnessStabFX/MadnessStabFX7" x="745" y="0" w="4" h="4" pX="0.5" pY="39"/>
    <sprite n="MagicCircleFx/MagicCircleFx00" x="716" y="72" w="52" h="52" pX="0.5" pY="1.69231"/>
    <sprite n="MagicCircleFx/MagicCircleFx01" x="4052" y="364" w="124" h="124" pX="0.5" pY="1"/>
    <sprite n="MagicCircleFx/MagicCircleFx02" x="7604" y="248" w="116" h="116" pX="0.5" pY="1.03448"/>
    <sprite n="MagicCircleFx/MagicCircleFx03" x="2048" y="248" w="108" h="108" pX="0.5" pY="1.07407"/>
    <sprite n="MagicCircleFx/MagicCircleFx04" x="2156" y="248" w="108" h="108" pX="0.5" pY="1.07407"/>
    <sprite n="MagicCircleFx/MagicCircleFx05" x="2264" y="248" w="108" h="108" pX="0.5" pY="1.07407"/>
    <sprite n="MagicCircleFx/MagicCircleFx06" x="2372" y="248" w="108" h="108" pX="0.5" pY="1.07407"/>
    <sprite n="MagicCircleFx/MagicCircleFx07" x="2480" y="248" w="108" h="108" pX="0.5" pY="1.07407"/>
    <sprite n="MagicCircleFx/MagicCircleFx08" x="2588" y="248" w="108" h="108" pX="0.5" pY="1.07407"/>
    <sprite n="MagicCircleFx/MagicCircleFx09" x="2696" y="248" w="108" h="108" pX="0.5" pY="1.07407"/>
    <sprite n="MagicCircleFx/MagicCircleFx10" x="2804" y="248" w="104" h="108" pX="0.480769" pY="1.07407"/>
    <sprite n="MagicCircleFx/MagicCircleFx11" x="3396" y="144" w="72" h="92" pX="0.25" pY="1.26087"/>
    <sprite n="MagicCircleFx/MagicCircleFx12" x="660" y="20" w="44" h="20" pX="0.0454545" pY="5.8"/>
    <sprite n="MagicCircleFx/MagicCircleFx13" x="749" y="0" w="16" h="4" pX="0.125" pY="29"/>
    <sprite n="MagicCircleFx/MagicCircleFx14" x="765" y="0" w="4" h="4" pX="0.5" pY="29"/>
    <sprite n="MagicFireCircleFx/MagicFireCircleFx00" x="769" y="0" w="4" h="4" pX="0.5" pY="29"/>
    <sprite n="MagicFireCircleFx/MagicFireCircleFx01" x="4877" y="0" w="20" h="12" pX="0.1" pY="10"/>
    <sprite n="MagicFireCircleFx/MagicFireCircleFx02" x="2136" y="20" w="48" h="24" pX="0.0416667" pY="4.83333"/>
    <sprite n="MagicFireCircleFx/MagicFireCircleFx03" x="4220" y="144" w="76" h="96" pX="0.289474" pY="1.20833"/>
    <sprite n="MagicFireCircleFx/MagicFireCircleFx04" x="2908" y="248" w="108" h="108" pX="0.5" pY="1.07407"/>
    <sprite n="MagicFireCircleFx/MagicFireCircleFx05" x="3016" y="248" w="108" h="108" pX="0.5" pY="1.07407"/>
    <sprite n="MagicFireCircleFx/MagicFireCircleFx06" x="6124" y="248" w="108" h="112" pX="0.5" pY="1.07143"/>
    <sprite n="MagicFireCircleFx/MagicFireCircleFx07" x="3124" y="248" w="108" h="108" pX="0.5" pY="1.07407"/>
    <sprite n="MagicFireCircleFx/MagicFireCircleFx08" x="3232" y="248" w="108" h="108" pX="0.5" pY="1.07407"/>
    <sprite n="MagicFireCircleFx/MagicFireCircleFx09" x="3340" y="248" w="108" h="108" pX="0.5" pY="1.07407"/>
    <sprite n="MagicFireCircleFx/MagicFireCircleFx10" x="3448" y="248" w="108" h="108" pX="0.5" pY="1.07407"/>
    <sprite n="MagicFireCircleFx/MagicFireCircleFx11" x="3556" y="248" w="108" h="108" pX="0.5" pY="1.07407"/>
    <sprite n="MagicFireCircleFx/MagicFireCircleFx12" x="3664" y="248" w="108" h="108" pX="0.5" pY="1.07407"/>
    <sprite n="MagicFireCircleFx/MagicFireCircleFx13" x="7720" y="248" w="116" h="116" pX="0.5" pY="1.03448"/>
    <sprite n="MagicFireCircleFx/MagicFireCircleFx14" x="7836" y="248" w="116" h="116" pX="0.5" pY="1.03448"/>
    <sprite n="MagicFireCircleFx/MagicFireCircleFx15" x="3772" y="248" w="108" h="108" pX="0.5" pY="1.07407"/>
    <sprite n="MagicFireCircleFx/MagicFireCircleFx16" x="3880" y="248" w="108" h="108" pX="0.5" pY="1.07407"/>
    <sprite n="MagicFireCircleFx/MagicFireCircleFx17" x="3664" y="248" w="108" h="108" pX="0.5" pY="1.07407"/>
    <sprite n="MolotovCocktailFX/MolotovCocktailFX0" x="704" y="20" w="28" h="20" pX="0.571429" pY="1"/>
    <sprite n="MolotovCocktailFX/MolotovCocktailFX1" x="6552" y="20" w="44" h="44" pX="0.545455" pY="1"/>
    <sprite n="MolotovCocktailFX/MolotovCocktailFX2" x="2012" y="72" w="56" h="56" pX="0.5" pY="1"/>
    <sprite n="MolotovCocktailFX/MolotovCocktailFX3" x="5764" y="72" w="64" h="64" pX="0.5" pY="1"/>
    <sprite n="MolotovCocktailFX/MolotovCocktailFX4" x="2068" y="72" w="68" h="56" pX="0.470588" pY="1.07143"/>
    <sprite n="MolotovCocktailFX/MolotovCocktailFX5" x="768" y="72" w="72" h="52" pX="0.5" pY="1.23077"/>
    <sprite n="MolotovCocktailFX/MolotovCocktailFX6" x="840" y="72" w="64" h="52" pX="0.5" pY="1.30769"/>
    <sprite n="MolotovCocktailFX/MolotovCocktailFX7" x="4976" y="20" w="64" h="36" pX="0.5" pY="2"/>
    <sprite n="MolotovCocktailFX/MolotovCocktailFX8" x="2184" y="20" w="48" h="24" pX="0.5" pY="3.16667"/>
    <sprite n="MolotovCocktailFX/MolotovCocktailFX9" x="4897" y="0" w="32" h="12" pX="0.375" pY="6"/>
    <sprite n="MondriaBackFX/MondriaBackFX0" x="2152" y="144" w="12" h="84" pX="0.5" pY="1"/>
    <sprite n="MondriaBackFX/MondriaBackFX1" x="540" y="144" w="12" h="76" pX="0.5" pY="1.05263"/>
    <sprite n="MondriaBackFX/MondriaBackFX2" x="6752" y="72" w="4" h="68" pX="0.5" pY="1.11765"/>
    <sprite n="MondriaBackFX/MondriaBackFX3" x="3964" y="72" w="4" h="60" pX="0.5" pY="1.2"/>
    <sprite n="MondriaBackFX/MondriaBackFX4" x="4929" y="0" w="4" h="12" pX="0.5" pY="4"/>
    <sprite n="MouthSlashFX/MouthSlash00" x="4236" y="3412" w="20" h="1156" pX="0.4" pY="1.01038"/>
    <sprite n="MouthSlashFX/MouthSlash01" x="4256" y="3412" w="212" h="1168" pX="0.490566" pY="1"/>
    <sprite n="MouthSlashFX/MouthSlash02" x="4468" y="3412" w="216" h="1168" pX="0.5" pY="1.00342"/>
    <sprite n="MouthSlashFX/MouthSlash03" x="5140" y="3412" w="224" h="1172" pX="0.5" pY="1.00341"/>
    <sprite n="MouthSlashFX/MouthSlash04" x="6428" y="3412" w="224" h="1188" pX="0.5" pY="1.00337"/>
    <sprite n="MouthSlashFX/MouthSlash05" x="6652" y="3412" w="188" h="1188" pX="0.531915" pY="1.00337"/>
    <sprite n="MouthSlashFX/MouthSlash06" x="7196" y="3412" w="140" h="1204" pX="0.457143" pY="1.00332"/>
    <sprite n="MouthSlashFX/MouthSlash07" x="7056" y="3412" w="140" h="1196" pX="0.457143" pY="1.01338"/>
    <sprite n="MouthSlashFX/MouthSlash08" x="5812" y="3412" w="140" h="1180" pX="0.457143" pY="1.01695"/>
    <sprite n="MouthSlashFX/MouthSlash09" x="4684" y="3412" w="28" h="1168" pX="0.428571" pY="1.01712"/>
    <sprite n="MouthSlashFX/MouthSlash10" x="4216" y="3412" w="12" h="1148" pX="0.333333" pY="1.02439"/>
    <sprite n="MouthSlashFX/MouthSlash11" x="4228" y="3412" w="4" h="1152" pX="0" pY="1.04514"/>
    <sprite n="MouthSlashFX/MouthSlash12" x="4200" y="3412" w="4" h="1136" pX="0" pY="1.06338"/>
    <sprite n="MouthSlashFX/MouthSlash13" x="4204" y="3412" w="4" h="1136" pX="0" pY="1.0669"/>
    <sprite n="MouthSlashFX/MouthSlash14" x="4544" y="2720" w="4" h="548" pX="0" pY="2.21168"/>
    <sprite n="MouthSwingFX/MouthSwingFX0" x="520" y="1328" w="320" h="256" pX="0.49375" pY="1"/>
    <sprite n="MouthSwingFX/MouthSwingFX1" x="4692" y="1072" w="316" h="244" pX="0.512658" pY="1.06557"/>
    <sprite n="MouthSwingFX/MouthSwingFX2" x="5008" y="1072" w="312" h="244" pX="0.519231" pY="1.06557"/>
    <sprite n="MouthSwingFX/MouthSwingFX3" x="5320" y="1072" w="312" h="244" pX="0.519231" pY="1.06557"/>
    <sprite n="MouthSwingFX/MouthSwingFX4" x="5632" y="1072" w="288" h="244" pX="0.5625" pY="1.06557"/>
    <sprite n="MouthSwingFX/MouthSwingFX5" x="3284" y="1072" w="204" h="236" pX="0.754902" pY="1.0678"/>
    <sprite n="MouthSwingFX/MouthSwingFX6" x="4176" y="364" w="136" h="124" pX="1.07353" pY="1.93548"/>
    <sprite n="NiddleSlashFX/NiddleSlashFX0" x="5040" y="20" w="36" h="36" pX="0.5" pY="2.22222"/>
    <sprite n="NiddleSlashFX/NiddleSlashFX1" x="3468" y="144" w="92" h="92" pX="0.5" pY="1.17391"/>
    <sprite n="NiddleSlashFX/NiddleSlashFX2" x="3988" y="248" w="108" h="108" pX="0.5" pY="1.07407"/>
    <sprite n="NiddleSlashFX/NiddleSlashFX3" x="0" y="364" w="116" h="116" pX="0.5" pY="1.03448"/>
    <sprite n="NiddleSlashFX/NiddleSlashFX4" x="4312" y="364" w="124" h="124" pX="0.5" pY="1"/>
    <sprite n="PaintSwing/PaintSwing0" x="208" y="248" w="160" h="104" pX="0.5" pY="1.07692"/>
    <sprite n="PaintSwing/PaintSwing1" x="552" y="144" w="152" h="76" pX="0.5" pY="1.47368"/>
    <sprite n="PaintSwing/PaintSwing2" x="5076" y="20" w="120" h="36" pX="0.5" pY="3"/>
    <sprite n="PaintSwing/PaintSwing3" x="3929" y="0" w="48" h="8" pX="0.5" pY="13.5"/>
    <sprite n="PickaxeDashFX/PickaxeDashFX00" x="2124" y="1328" w="148" h="288" pX="0.5" pY="1.04167"/>
    <sprite n="PickaxeDashFX/PickaxeDashFX01" x="2612" y="1328" w="148" h="304" pX="0.5" pY="1.01316"/>
    <sprite n="PickaxeDashFX/PickaxeDashFX02" x="3188" y="1328" w="140" h="312" pX="0.5" pY="1"/>
    <sprite n="PickaxeDashFX/PickaxeDashFX03" x="2760" y="1328" w="148" h="304" pX="0.5" pY="1.01316"/>
    <sprite n="PickaxeDashFX/PickaxeDashFX04" x="2908" y="1328" w="148" h="308" pX="0.5" pY="1.01299"/>
    <sprite n="PickaxeDashFX/PickaxeDashFX05" x="3328" y="1328" w="148" h="312" pX="0.5" pY="1.01282"/>
    <sprite n="PickaxeDashFX/PickaxeDashFX06" x="1844" y="1328" w="148" h="284" pX="0.5" pY="1.11268"/>
    <sprite n="PickaxeDashFX/PickaxeDashFX07" x="3488" y="1072" w="76" h="236" pX="0.5" pY="1.33898"/>
    <sprite n="PoisonFX/PoisonFX0" x="3828" y="20" w="36" h="32" pX="0.444444" pY="1.125"/>
    <sprite n="PoisonFX/PoisonFX1" x="3864" y="20" w="40" h="32" pX="0.5" pY="1.25"/>
    <sprite n="PoisonFX/PoisonFX2" x="3904" y="20" w="32" h="32" pX="0.625" pY="1.125"/>
    <sprite n="PoisonFX/PoisonFX3" x="5196" y="20" w="28" h="36" pX="0.428571" pY="1"/>
    <sprite n="PowerKatanaSwingFX/PowerKatanaSwingFX0" x="3564" y="1072" w="320" h="240" pX="0.475" pY="1.08333"/>
    <sprite n="PowerKatanaSwingFX/PowerKatanaSwingFX1" x="5920" y="1072" w="324" h="248" pX="0.481481" pY="1.06452"/>
    <sprite n="PowerKatanaSwingFX/PowerKatanaSwingFX2" x="3884" y="1072" w="320" h="240" pX="0.475" pY="1.08333"/>
    <sprite n="PowerKatanaSwingFX/PowerKatanaSwingFX3" x="468" y="660" w="304" h="160" pX="0.473684" pY="1.625"/>
    <sprite n="PowerKatanaSwingFX/PowerKatanaSwingFX4" x="116" y="364" w="280" h="116" pX="0.5" pY="2.24138"/>
    <sprite n="PowerKatanaSwingFX/PowerKatanaSwingFX5" x="5696" y="144" w="280" h="100" pX="0.5" pY="2.6"/>
    <sprite n="PowerKatanaSwingFX/PowerKatanaSwingFX6" x="4296" y="144" w="276" h="96" pX="0.507246" pY="2.70833"/>
    <sprite n="PowerKatanaSwingFX/PowerKatanaSwingFX7" x="2136" y="72" w="180" h="56" pX="0.666667" pY="4.64286"/>
    <sprite n="PowerKatanaSwingFX/PowerKatanaSwingFX8" x="417" y="0" w="4" h="4" pX="7" pY="65"/>
    <sprite n="QuarterStaffBulletFX/QuarterStaffBulletFX0" x="4140" y="500" w="148" h="148" pX="0.5" pY="1"/>
    <sprite n="QuarterStaffBulletFX/QuarterStaffBulletFX1" x="1012" y="500" w="140" h="140" pX="0.5" pY="1.02857"/>
    <sprite n="QuarterStaffBulletFX/QuarterStaffBulletFX2" x="4436" y="364" w="124" h="124" pX="0.5" pY="1.09677"/>
    <sprite n="QuarterStaffBulletFX/QuarterStaffBulletFX3" x="396" y="364" w="116" h="116" pX="0.5" pY="1.13793"/>
    <sprite n="QuarterStaffBulletFX/QuarterStaffBulletFX4" x="4096" y="248" w="108" h="108" pX="0.5" pY="1.18519"/>
    <sprite n="QuarterStaffFX/QuarterStaffBullet0" x="1152" y="500" w="140" h="140" pX="0.5" pY="1.02857"/>
    <sprite n="QuarterStaffFX/QuarterStaffBullet1" x="6616" y="364" w="140" h="132" pX="0.5" pY="1.06061"/>
    <sprite n="QuarterStaffFX/QuarterStaffBullet2" x="512" y="364" w="140" h="116" pX="0.5" pY="1.13793"/>
    <sprite n="QuarterStaffFX/QuarterStaffBullet3" x="6756" y="364" w="140" h="132" pX="0.5" pY="1.06061"/>
    <sprite n="QuarterStaffFX/QuarterStaffBullet4" x="1292" y="500" w="140" h="140" pX="0.5" pY="1.02857"/>
    <sprite n="QuarterStaffFX/QuarterStaffBullet5" x="1432" y="500" w="132" h="140" pX="0.5" pY="1.02857"/>
    <sprite n="QuarterStaffFX/QuarterStaffBullet6" x="1564" y="500" w="116" h="140" pX="0.5" pY="1.02857"/>
    <sprite n="QuarterStaffFX/QuarterStaffBullet7" x="1680" y="500" w="132" h="140" pX="0.5" pY="1.02857"/>
    <sprite n="RedMagicCircleFx/RedMagicCircleFx00" x="904" y="72" w="52" h="52" pX="0.5" pY="1.69231"/>
    <sprite n="RedMagicCircleFx/RedMagicCircleFx01" x="4560" y="364" w="124" h="124" pX="0.5" pY="1"/>
    <sprite n="RedMagicCircleFx/RedMagicCircleFx02" x="652" y="364" w="116" h="116" pX="0.5" pY="1.03448"/>
    <sprite n="RedMagicCircleFx/RedMagicCircleFx03" x="4204" y="248" w="108" h="108" pX="0.5" pY="1.07407"/>
    <sprite n="RedMagicCircleFx/RedMagicCircleFx04" x="4312" y="248" w="108" h="108" pX="0.5" pY="1.07407"/>
    <sprite n="RedMagicCircleFx/RedMagicCircleFx05" x="4420" y="248" w="108" h="108" pX="0.5" pY="1.07407"/>
    <sprite n="RedMagicCircleFx/RedMagicCircleFx06" x="4528" y="248" w="108" h="108" pX="0.5" pY="1.07407"/>
    <sprite n="RedMagicCircleFx/RedMagicCircleFx07" x="4636" y="248" w="108" h="108" pX="0.5" pY="1.07407"/>
    <sprite n="RedMagicCircleFx/RedMagicCircleFx08" x="4744" y="248" w="108" h="108" pX="0.5" pY="1.07407"/>
    <sprite n="RedMagicCircleFx/RedMagicCircleFx09" x="4852" y="248" w="108" h="108" pX="0.5" pY="1.07407"/>
    <sprite n="RedMagicCircleFx/RedMagicCircleFx10" x="4960" y="248" w="104" h="108" pX="0.480769" pY="1.07407"/>
    <sprite n="RedMagicCircleFx/RedMagicCircleFx11" x="3560" y="144" w="72" h="92" pX="0.25" pY="1.26087"/>
    <sprite n="RedMagicCircleFx/RedMagicCircleFx12" x="732" y="20" w="44" h="20" pX="0.0454545" pY="5.8"/>
    <sprite n="RedMagicCircleFx/RedMagicCircleFx13" x="773" y="0" w="16" h="4" pX="0.125" pY="29"/>
    <sprite n="RedMagicCircleFx/RedMagicCircleFx14" x="745" y="0" w="4" h="4" pX="0.5" pY="29"/>
    <sprite n="RedPickaxeSwing/RedPickaxeSwing00" x="3636" y="852" w="40" h="200" pX="0.4" pY="1.12"/>
    <sprite n="RedPickaxeSwing/RedPickaxeSwing01" x="6160" y="852" w="44" h="208" pX="0.454545" pY="1.07692"/>
    <sprite n="RedPickaxeSwing/RedPickaxeSwing02" x="6204" y="852" w="52" h="208" pX="0.461538" pY="1.05769"/>
    <sprite n="RedPickaxeSwing/RedPickaxeSwing03" x="4056" y="852" w="56" h="200" pX="0.428571" pY="1.08"/>
    <sprite n="RedPickaxeSwing/RedPickaxeSwing04" x="6348" y="660" w="64" h="188" pX="0.4375" pY="1.06383"/>
    <sprite n="RedPickaxeSwing/RedPickaxeSwing05" x="688" y="852" w="68" h="192" pX="0.470588" pY="1.04167"/>
    <sprite n="RedPickaxeSwing/RedPickaxeSwing06" x="756" y="852" w="76" h="192" pX="0.473684" pY="1.02083"/>
    <sprite n="RedPickaxeSwing/RedPickaxeSwing07" x="6412" y="660" w="80" h="188" pX="0.5" pY="1"/>
    <sprite n="RedPickaxeSwing/RedPickaxeSwing08" x="6492" y="660" w="88" h="188" pX="0.5" pY="1"/>
    <sprite n="RedPickaxeSwing/RedPickaxeSwing09" x="772" y="660" w="88" h="160" pX="0.5" pY="1"/>
    <sprite n="RedPickaxeSwing/RedPickaxeSwing10" x="1812" y="500" w="72" h="140" pX="0.388889" pY="1.11429"/>
    <sprite n="RedPickaxeSwing/RedPickaxeSwing11" x="6756" y="72" w="40" h="68" pX="0.3" pY="1.23529"/>
    <sprite n="ReloadFX/ReloadFX0" x="776" y="20" w="76" h="20" pX="0.5" pY="1.4"/>
    <sprite n="ReloadFX/ReloadFX1" x="3056" y="20" w="92" h="28" pX="0.5" pY="1.14286"/>
    <sprite n="ReloadFX/ReloadFX2" x="5224" y="20" w="108" h="36" pX="0.5" pY="1"/>
    <sprite n="ReloadFX/ReloadFX3" x="789" y="0" w="108" h="4" pX="0.5" pY="5"/>
    <sprite n="RoyalGuardShieldFX/RoyalGuardShieldFX0" x="2164" y="144" w="60" h="84" pX="0.5" pY="1"/>
    <sprite n="RoyalGuardShieldFX/RoyalGuardShieldFX1" x="2224" y="144" w="60" h="84" pX="0.5" pY="1"/>
    <sprite n="RoyalGuardShieldFX/RoyalGuardShieldFX2" x="704" y="144" w="52" h="76" pX="0.5" pY="1.05263"/>
    <sprite n="RoyalGuardShieldFX/RoyalGuardShieldFX3" x="6796" y="72" w="44" h="68" pX="0.5" pY="1.11765"/>
    <sprite n="RoyalGuardShieldFX/RoyalGuardShieldFX4" x="6840" y="72" w="44" h="68" pX="0.5" pY="1.11765"/>
    <sprite n="RoyalGuardShieldFX/RoyalGuardShieldFX5" x="6884" y="72" w="44" h="68" pX="0.5" pY="1.11765"/>
    <sprite n="SaberSwingNewFX/SaberSwingFX00" x="1480" y="1072" w="268" h="232" pX="0.41791" pY="1"/>
    <sprite n="SaberSwingNewFX/SaberSwingNewFX00" x="1748" y="1072" w="268" h="232" pX="0.41791" pY="1"/>
    <sprite n="SaberSwingNewFX/SaberSwingNewFX01" x="972" y="1072" w="260" h="228" pX="0.415385" pY="1"/>
    <sprite n="SaberSwingNewFX/SaberSwingNewFX02" x="1232" y="1072" w="248" h="228" pX="0.403226" pY="1"/>
    <sprite n="SaberSwingNewFX/SaberSwingNewFX03" x="508" y="1072" w="224" h="224" pX="0.357143" pY="1"/>
    <sprite n="SaberSwingNewFX/SaberSwingNewFX04" x="4672" y="852" w="156" h="204" pX="0.0769231" pY="1"/>
    <sprite n="SaberSwingNewFX/SaberSwingNewFX05" x="860" y="660" w="140" h="160" pX="0" pY="1"/>
    <sprite n="SecondStabFX/SecondStabFX0" x="756" y="144" w="20" h="76" pX="0.5" pY="1"/>
    <sprite n="SecondStabFX/SecondStabFX1" x="6928" y="72" w="16" h="68" pX="0.625" pY="1.17647"/>
    <sprite n="SecondStabFX/SecondStabFX2" x="2316" y="72" w="12" h="56" pX="0.833333" pY="1.5"/>
    <sprite n="SecondStabFX/SecondStabFX3" x="5332" y="20" w="8" h="36" pX="1.25" pY="2.33333"/>
    <sprite n="ShotFx/ShotFx000" x="6596" y="20" w="44" h="44" pX="0.5" pY="1"/>
    <sprite n="ShotFx/ShotFx001" x="956" y="72" w="52" h="52" pX="0.5" pY="1"/>
    <sprite n="ShotFx/ShotFx002" x="2328" y="72" w="60" h="56" pX="0.5" pY="1"/>
    <sprite n="ShoutFX/ShoutFX00" x="424" y="1676" w="428" h="440" pX="0.504673" pY="1.1"/>
    <sprite n="ShoutFX/ShoutFX00_0" x="7108" y="1676" w="876" h="508" pX="0.525114" pY="1"/>
    <sprite n="ShoutFX/ShoutFX01" x="2044" y="2184" w="520" h="528" pX="0.507692" pY="1.00758"/>
    <sprite n="ShoutFX/ShoutFX01_0" x="4504" y="2184" w="960" h="536" pX="0.520833" pY="1"/>
    <sprite n="ShoutFX/ShoutFX02" x="944" y="2720" w="536" h="540" pX="0.5" pY="1"/>
    <sprite n="ShoutFX/ShoutFX02_0" x="1480" y="2720" w="1012" h="540" pX="0.505929" pY="1"/>
    <sprite n="ShoutFX/ShoutFX03" x="2492" y="2720" w="1024" h="540" pX="0.5" pY="1"/>
    <sprite n="ShoutFX/ShoutFX04" x="3516" y="2720" w="1028" h="540" pX="0.501946" pY="1"/>
    <sprite n="ShoutFX/ShoutFX05" x="5464" y="2184" w="1032" h="536" pX="0.5" pY="1"/>
    <sprite n="ShoutFX/ShoutFX06" x="6496" y="2184" w="1028" h="536" pX="0.498054" pY="1"/>
    <sprite n="ShoutFX/ShoutFX07" x="0" y="2720" w="908" h="536" pX="0.436123" pY="1"/>
    <sprite n="ShoutFX/ShoutFX08" x="897" y="0" w="80" h="4" pX="-3.95" pY="1"/>
    <sprite n="ShurikenFX/ShurikenFX0" x="3968" y="72" w="60" h="60" pX="0.5" pY="1.53333"/>
    <sprite n="ShurikenFX/ShurikenFX1" x="2948" y="144" w="64" h="88" pX="0.46875" pY="1.22727"/>
    <sprite n="ShurikenFX/ShurikenFX2" x="4572" y="144" w="72" h="96" pX="0.472222" pY="1.16667"/>
    <sprite n="ShurikenFX/ShurikenFX3" x="768" y="364" w="84" h="116" pX="0.5" pY="1"/>
    <sprite n="ShurikenFX/ShurikenFX4" x="6232" y="248" w="68" h="112" pX="0.5" pY="1.10714"/>
    <sprite n="ShurikenFX/ShurikenFX5" x="852" y="364" w="76" h="116" pX="0.5" pY="1.06897"/>
    <sprite n="SlashFX/SlashFX0" x="852" y="20" w="56" h="20" pX="0.5" pY="1"/>
    <sprite n="SlashFX/SlashFX1" x="520" y="20" w="136" h="20" pX="0.5" pY="1"/>
    <sprite n="SlashFX/SlashFX2" x="4933" y="0" w="152" h="12" pX="0.5" pY="1.33333"/>
    <sprite n="SlashFX/SlashFX3" x="977" y="0" w="168" h="4" pX="0.5" pY="3"/>
    <sprite n="SmallHitFX/SmallHitFX0" x="3936" y="20" w="36" h="32" pX="0.555556" pY="1.125"/>
    <sprite n="SmallHitFX/SmallHitFX1" x="2284" y="144" w="60" h="84" pX="0.6" pY="1"/>
    <sprite n="SmallHitFX/SmallHitFX2" x="3632" y="144" w="76" h="92" pX="0.526316" pY="1"/>
    <sprite n="SmallHitFX/SmallHitFX3" x="4644" y="144" w="80" h="96" pX="0.5" pY="1"/>
    <sprite n="SmallHitFX/SmallHitFX4" x="4724" y="144" w="44" h="96" pX="0.0909091" pY="1"/>
    <sprite n="SmallHitFX/SmallHitFX5" x="6640" y="20" w="20" h="44" pX="-1" pY="1.90909"/>
    <sprite n="SpearShootFXBack/SpearShootFXBack00" x="776" y="144" w="76" h="76" pX="0.5" pY="1.15789"/>
    <sprite n="SpearShootFXBack/SpearShootFXBack01" x="5085" y="0" w="148" h="12" pX="0.5" pY="4.66667"/>
    <sprite n="SpearShootFXBack/SpearShootFXBack02" x="6729" y="0" w="108" h="16" pX="0.5" pY="4"/>
    <sprite n="SpearShootFXBack/SpearShootFXBack03" x="6837" y="0" w="120" h="16" pX="0.516667" pY="4.25"/>
    <sprite n="SpearShootFXBack/SpearShootFXBack04" x="6957" y="0" w="120" h="16" pX="0.483333" pY="4.25"/>
    <sprite n="SpearShootFXBack/SpearShootFXBack05" x="7077" y="0" w="116" h="16" pX="0.534483" pY="4.25"/>
    <sprite n="SpearShootFXBack/SpearShootFXBack06" x="908" y="20" w="124" h="20" pX="0.5" pY="3.6"/>
    <sprite n="SpearShootFXBack/SpearShootFXBack07" x="2232" y="20" w="112" h="24" pX="0.482143" pY="3.16667"/>
    <sprite n="SpearShootFXBack/SpearShootFXBack08" x="7193" y="0" w="48" h="16" pX="0.458333" pY="4.5"/>
    <sprite n="SpearShootFXFront/SpearShootFXFront00" x="776" y="144" w="76" h="76" pX="0.5" pY="1.15789"/>
    <sprite n="SpearShootFXFront/SpearShootFXFront01" x="5976" y="144" w="140" h="100" pX="0.5" pY="1"/>
    <sprite n="SpearShootFXFront/SpearShootFXFront02" x="6116" y="144" w="132" h="100" pX="0.5" pY="1"/>
    <sprite n="SpearShootFXFront/SpearShootFXFront03" x="4768" y="144" w="132" h="96" pX="0.5" pY="1"/>
    <sprite n="SpearShootFXFront/SpearShootFXFront04" x="4900" y="144" w="120" h="96" pX="0.516667" pY="1"/>
    <sprite n="SpearShootFXFront/SpearShootFXFront05" x="7241" y="0" w="120" h="16" pX="0.483333" pY="3.25"/>
    <sprite n="SpearShootFXFront/SpearShootFXFront06" x="7361" y="0" w="124" h="16" pX="0.5" pY="3.25"/>
    <sprite n="SpearShootFXFront/SpearShootFXFront07" x="2344" y="20" w="120" h="24" pX="0.516667" pY="2.16667"/>
    <sprite n="SpearShootFXFront/SpearShootFXFront08" x="7485" y="0" w="80" h="16" pX="0.425" pY="3"/>
    <sprite n="SpikeBallFX/SpikeBallFX0" x="2736" y="364" w="120" h="120" pX="0.5" pY="1.16667"/>
    <sprite n="SpikeBallFX/SpikeBallFX1" x="2992" y="500" w="144" h="144" pX="0.5" pY="1.05556"/>
    <sprite n="SpikeBallFX/SpikeBallFX2" x="5960" y="500" w="152" h="152" pX="0.5" pY="1.02632"/>
    <sprite n="SpikeBallFX/SpikeBallFX3" x="4288" y="500" w="160" h="148" pX="0.5" pY="1.05405"/>
    <sprite n="SpikeBallFX/SpikeBallFX4" x="6112" y="500" w="168" h="152" pX="0.5" pY="1.02632"/>
    <sprite n="SpikeBallFX/SpikeBallFX5" x="6280" y="500" w="164" h="152" pX="0.512195" pY="1"/>
    <sprite n="SpikeBallFX/SpikeBallFX6" x="4448" y="500" w="164" h="148" pX="0.512195" pY="1"/>
    <sprite n="SpreadShotFX/SpreadShotFX00" x="6944" y="72" w="68" h="68" pX="0.5" pY="1.17647"/>
    <sprite n="SpreadShotFX/SpreadShotFX01" x="2344" y="144" w="76" h="84" pX="0.5" pY="1.04762"/>
    <sprite n="SpreadShotFX/SpreadShotFX02" x="3012" y="144" w="84" h="88" pX="0.5" pY="1.04545"/>
    <sprite n="SpreadShotFX/SpreadShotFX03" x="3096" y="144" w="84" h="88" pX="0.5" pY="1.04545"/>
    <sprite n="SpreadShotFX/SpreadShotFX04" x="5020" y="144" w="84" h="96" pX="0.5" pY="1"/>
    <sprite n="SpreadShotFX/SpreadShotFX05" x="5104" y="144" w="84" h="96" pX="0.5" pY="1"/>
    <sprite n="StabFX/StabFX0" x="5888" y="364" w="76" h="128" pX="0.5" pY="1.0625"/>
    <sprite n="StabFX/StabFX1" x="6248" y="144" w="68" h="100" pX="0.5" pY="1.48"/>
    <sprite n="StabFX/StabFX2" x="1712" y="144" w="60" h="80" pX="0.5" pY="1.9"/>
    <sprite n="StabFX/StabFX3" x="4028" y="72" w="44" h="60" pX="0.5" pY="2.6"/>
    <sprite n="StarBulletFX/StarBulletFX1" x="432" y="500" w="136" h="136" pX="0.5" pY="1"/>
    <sprite n="StarBulletFX/StarBulletFX2" x="6316" y="144" w="104" h="100" pX="0.5" pY="1.16"/>
    <sprite n="StarBulletFX/StarBulletFX3" x="6300" y="248" w="112" h="112" pX="0.5" pY="1.10714"/>
    <sprite n="StarBulletFX/StarBulletFX4" x="2856" y="364" w="120" h="120" pX="0.5" pY="1.06667"/>
    <sprite n="StarBulletFX/StarBulletFX5" x="5964" y="364" w="128" h="128" pX="0.5" pY="1.03125"/>
    <sprite n="StarBulletFX/StarBulletFX6" x="568" y="500" w="136" h="136" pX="0.5" pY="1"/>
    <sprite n="StarBulletFX/StarBulletFX7" x="1884" y="500" w="144" h="140" pX="0.5" pY="1"/>
    <sprite n="StingerFX/StingerFX00" x="1145" y="0" w="4" h="4" pX="0" pY="7"/>
    <sprite n="StingerFX/StingerFX01" x="1149" y="0" w="12" h="4" pX="0.333333" pY="7"/>
    <sprite n="StingerFX/StingerFX02" x="3972" y="20" w="20" h="32" pX="0.4" pY="1.625"/>
    <sprite n="StingerFX/StingerFX03" x="3992" y="20" w="28" h="32" pX="0.428571" pY="1.625"/>
    <sprite n="StingerFX/StingerFX04" x="1772" y="144" w="44" h="80" pX="0.454545" pY="1.25"/>
    <sprite n="StingerFX/StingerFX05" x="6420" y="144" w="36" h="100" pX="0.444444" pY="1"/>
    <sprite n="StingerFX/StingerFX06" x="368" y="248" w="204" h="104" pX="0.490196" pY="1"/>
    <sprite n="StingerFX/StingerFX07" x="4712" y="3412" w="212" h="1168" pX="0.490566" pY="1.00342"/>
    <sprite n="StingerFX/StingerFX08" x="4924" y="3412" w="216" h="1168" pX="0.5" pY="1.00685"/>
    <sprite n="StingerFX/StingerFX09" x="5364" y="3412" w="224" h="1172" pX="0.5" pY="1.00683"/>
    <sprite n="StingerFX/StingerFX10" x="5588" y="3412" w="224" h="1176" pX="0.5" pY="1.0068"/>
    <sprite n="StingerFX/StingerFX11" x="6840" y="3412" w="216" h="1188" pX="0.5" pY="1.00673"/>
    <sprite n="StingerFX/StingerFX12" x="5952" y="3412" w="220" h="1180" pX="0.509091" pY="1.01695"/>
    <sprite n="StingerFX/StingerFX13" x="6172" y="3412" w="172" h="1180" pX="0.604651" pY="1.01695"/>
    <sprite n="StingerFX/StingerFX14" x="6344" y="3412" w="44" h="1180" pX="0.454545" pY="1.02034"/>
    <sprite n="StingerFX/StingerFX15" x="6388" y="3412" w="28" h="1180" pX="0.428571" pY="1.02034"/>
    <sprite n="StingerFX/StingerFX16" x="6416" y="3412" w="12" h="1184" pX="0.333333" pY="1.02027"/>
    <sprite n="StingerFX/StingerFX17" x="4232" y="3412" w="4" h="1152" pX="0" pY="1.04861"/>
    <sprite n="StingerFX/StingerFX18" x="4208" y="3412" w="4" h="1136" pX="0" pY="1.0669"/>
    <sprite n="StingerFX/StingerFX19" x="4212" y="3412" w="4" h="1136" pX="0" pY="1.07042"/>
    <sprite n="StingerFX/StingerFX20" x="4548" y="2720" w="4" h="548" pX="0" pY="2.21898"/>
    <sprite n="StunFX/StunFX0" x="2464" y="20" w="48" h="24" pX="0.458333" pY="1.16667"/>
    <sprite n="StunFX/StunFX1" x="3148" y="20" w="24" h="28" pX="0.25" pY="1.28571"/>
    <sprite n="StunFX/StunFX2" x="1032" y="20" w="44" h="20" pX="0.409091" pY="1.6"/>
    <sprite n="StunFX/StunFX3" x="2512" y="20" w="48" h="24" pX="0.458333" pY="1.33333"/>
    <sprite n="StunFX/StunFX4" x="3172" y="20" w="20" h="28" pX="0.5" pY="1"/>
    <sprite n="StunFX/StunFX5" x="1076" y="20" w="52" h="20" pX="0.5" pY="1.2"/>
    <sprite n="suddenstrikeFX/suddenstrikeFX0" x="5233" y="0" w="100" h="12" pX="3.66" pY="1.33333"/>
    <sprite n="suddenstrikeFX/suddenstrikeFX1" x="5333" y="0" w="284" h="12" pX="1.26056" pY="1.33333"/>
    <sprite n="suddenstrikeFX/suddenstrikeFX2" x="1128" y="20" w="668" h="20" pX="0.52994" pY="1"/>
    <sprite n="suddenstrikeFX/suddenstrikeFX3" x="5617" y="0" w="652" h="12" pX="0.457055" pY="1.33333"/>
    <sprite n="suddenstrikeFX/suddenstrikeFX4" x="1161" y="0" w="644" h="4" pX="0.444099" pY="3"/>
    <sprite n="suddenstrikeFX/suddenstrikeFX5" x="1805" y="0" w="644" h="4" pX="0.437888" pY="3"/>
    <sprite n="suddenstrikeFX/suddenstrikeFX6" x="2449" y="0" w="548" h="4" pX="0.332117" pY="3"/>
    <sprite n="suddenstrikeFX/suddenstrikeFX7" x="2997" y="0" w="544" h="4" pX="0.327206" pY="3"/>
    <sprite n="suddenstrikeFX/suddenstrikeFX8" x="3541" y="0" w="184" h="4" pX="-0.98913" pY="3"/>
    <sprite n="SukllDemonMultiShotFX/SukllDemonMultiShotFX00" x="6456" y="144" w="100" h="100" pX="0.48" pY="1.4"/>
    <sprite n="SukllDemonMultiShotFX/SukllDemonMultiShotFX01" x="2028" y="500" w="140" h="140" pX="0.485714" pY="1.14286"/>
    <sprite n="SukllDemonMultiShotFX/SukllDemonMultiShotFX02" x="1860" y="660" w="172" h="172" pX="0.488372" pY="1.02326"/>
    <sprite n="SukllDemonMultiShotFX/SukllDemonMultiShotFX03" x="2952" y="660" w="184" h="180" pX="0.5" pY="1"/>
    <sprite n="SukllDemonMultiShotFX/SukllDemonMultiShotFX04" x="3136" y="660" w="184" h="180" pX="0.5" pY="1"/>
    <sprite n="SukllDemonMultiShotFX/SukllDemonMultiShotFX05" x="3320" y="660" w="184" h="180" pX="0.5" pY="1"/>
    <sprite n="SukllDemonMultiShotFX/SukllDemonMultiShotFX06" x="3504" y="660" w="184" h="180" pX="0.5" pY="1"/>
    <sprite n="SukllDemonMultiShotFX/SukllDemonMultiShotFX07" x="3688" y="660" w="184" h="180" pX="0.5" pY="1"/>
    <sprite n="SukllDemonMultiShotFX/SukllDemonMultiShotFX08" x="7012" y="72" w="68" h="68" pX="0.470588" pY="1.82353"/>
    <sprite n="SukllDemonMultiShotFX/SukllDemonMultiShotFX09" x="7080" y="72" w="68" h="68" pX="0.470588" pY="1.82353"/>
    <sprite n="SukllDemonMultiShotFX/SukllDemonMultiShotFX10" x="7148" y="72" w="68" h="68" pX="0.470588" pY="1.82353"/>
    <sprite n="SummonBallFX/SummonBallFX00" x="852" y="144" w="76" h="76" pX="0.5" pY="1"/>
    <sprite n="SummonBallFX/SummonBallFX01" x="4072" y="72" w="60" h="60" pX="0.5" pY="1.13333"/>
    <sprite n="SummonBallFX/SummonBallFX02" x="4132" y="72" w="60" h="60" pX="0.5" pY="1.13333"/>
    <sprite n="SummonBallFX/SummonBallFX03" x="7216" y="72" w="68" h="68" pX="0.5" pY="1.05882"/>
    <sprite n="SummonBallFX/SummonBallFX04" x="928" y="144" w="76" h="76" pX="0.5" pY="1"/>
    <sprite n="SummonBallFX/SummonBallFX05" x="1004" y="144" w="76" h="76" pX="0.5" pY="1"/>
    <sprite n="SummonBallFX/SummonBallFX06" x="1080" y="144" w="76" h="76" pX="0.5" pY="1"/>
    <sprite n="SunLordBulletFX/SunLordBulletFX00" x="3192" y="20" w="28" h="28" pX="0.5" pY="2"/>
    <sprite n="SunLordBulletFX/SunLordBulletFX01" x="6048" y="20" w="36" h="40" pX="0.5" pY="1.3"/>
    <sprite n="SunLordBulletFX/SunLordBulletFX02" x="7688" y="20" w="44" h="48" pX="0.5" pY="1.08333"/>
    <sprite n="SunLordBulletFX/SunLordBulletFX03" x="7732" y="20" w="44" h="48" pX="0.5" pY="1.08333"/>
    <sprite n="SunLordBulletFX/SunLordBulletFX04" x="4020" y="20" w="32" h="32" pX="0.4375" pY="1"/>
    <sprite n="SunLordBulletFX/SunLordBulletFX05" x="7565" y="0" w="36" h="16" pX="0.5" pY="1"/>
    <sprite n="SunLordBulletFX/SunLordBulletFX06" x="6269" y="0" w="36" h="12" pX="0.5" pY="1"/>
    <sprite n="SunLordBulletFX/SunLordBulletFX07" x="3977" y="0" w="8" h="8" pX="0.25" pY="1"/>
    <sprite n="SunLordBulletFX/SunLordBulletFX08" x="3985" y="0" w="8" h="8" pX="-0.25" pY="1"/>
    <sprite n="SwingFX/SwingFX00" x="6412" y="248" w="160" h="112" pX="0.5" pY="1"/>
    <sprite n="SwingFX/SwingFX01" x="2388" y="72" w="136" h="56" pX="0.5" pY="2"/>
    <sprite n="SwingFX/SwingFX02" x="1796" y="20" w="96" h="20" pX="0.5" pY="5.4"/>
    <sprite n="TaskShotFX/TaskShotFx0" x="6596" y="20" w="44" h="44" pX="0.5" pY="1"/>
    <sprite n="TaskShotFX/TaskShotFx1" x="1008" y="72" w="52" h="52" pX="0.5" pY="1"/>
    <sprite n="TaskShotFX/TaskShotFx2" x="2524" y="72" w="60" h="56" pX="0.5" pY="1"/>
    <sprite n="ThirdStabFX/ThirdStabFX00" x="2420" y="144" w="84" h="84" pX="0.428571" pY="1.14286"/>
    <sprite n="ThirdStabFX/ThirdStabFX01" x="4192" y="72" w="60" h="60" pX="0.666667" pY="1.13333"/>
    <sprite n="ThirdStabFX/ThirdStabFX02" x="5340" y="20" w="36" h="36" pX="1.22222" pY="1.11111"/>
    <sprite n="ThirdStabFX/ThirdStabFX03" x="7601" y="0" w="16" h="16" pX="3" pY="1"/>
    <sprite n="ThirdStabFX/ThirdStabFX04" x="745" y="0" w="4" h="4" pX="12" pY="1"/>
    <sprite n="ThornBallPlanet/ThornBallPlanet00" x="1060" y="72" w="52" h="52" pX="0.5" pY="1.07692"/>
    <sprite n="ThornBallPlanet/ThornBallPlanet01" x="1112" y="72" w="60" h="52" pX="0.5" pY="1.07692"/>
    <sprite n="ThornBallPlanet/ThornBallPlanet02" x="1172" y="72" w="60" h="52" pX="0.5" pY="1.07692"/>
    <sprite n="ThornBallPlanet/ThornBallPlanet03" x="1232" y="72" w="52" h="52" pX="0.5" pY="1.07692"/>
    <sprite n="ThornBallPlanet/ThornBallPlanet04" x="4252" y="72" w="52" h="60" pX="0.5" pY="1"/>
    <sprite n="ThornBallPlanet/ThornBallPlanet05" x="4304" y="72" w="52" h="60" pX="0.5" pY="1"/>
    <sprite n="ThorSwingFX/ThorSwingFX00" x="572" y="248" w="144" h="104" pX="0.5" pY="1"/>
    <sprite n="ThorSwingFX/ThorSwingFX01" x="716" y="248" w="148" h="104" pX="0.513514" pY="1"/>
    <sprite n="ThorSwingFX/ThorSwingFX02" x="928" y="364" w="136" h="116" pX="0.588235" pY="1"/>
    <sprite n="ThorSwingFX/ThorSwingFX03" x="864" y="248" w="140" h="104" pX="0.542857" pY="1.03846"/>
    <sprite n="ThorSwingFX/ThorSwingFX04" x="1892" y="20" w="60" h="20" pX="-0.133333" pY="1.4"/>
    <sprite n="ThorSwingFX/ThorSwingFX05" x="1004" y="248" w="148" h="104" pX="0.513514" pY="1.03846"/>
    <sprite n="ThorSwingFX/ThorSwingFX06" x="1152" y="248" w="152" h="104" pX="0.5" pY="1.03846"/>
    <sprite n="ThorSwingFX/ThorSwingFX07" x="4052" y="20" w="56" h="32" pX="0.0714286" pY="1.25"/>
    <sprite n="ThorSwingFX/ThorSwingFX08" x="1304" y="248" w="144" h="104" pX="0.444444" pY="1.03846"/>
    <sprite n="ThorSwingFX/ThorSwingFX09" x="3725" y="0" w="4" h="4" pX="-19" pY="7"/>
    <sprite n="ThorSwingFX/ThorSwingFX10" x="1448" y="248" w="144" h="104" pX="0.444444" pY="1.03846"/>
    <sprite n="TonfaShockFX/TonfaShock0" x="840" y="1328" w="256" h="256" pX="0.5" pY="1"/>
    <sprite n="TonfaShockFX/TonfaShock1" x="1096" y="1328" w="256" h="256" pX="0.5" pY="1"/>
    <sprite n="TonfaShockFX/TonfaShock2" x="1352" y="1328" w="256" h="256" pX="0.5" pY="1"/>
    <sprite n="TonfaSwingFX/TonfaSwing00" x="2032" y="660" w="28" h="172" pX="0.5" pY="1"/>
    <sprite n="TonfaSwingFX/TonfaSwing01" x="1816" y="144" w="28" h="80" pX="0.5" pY="2.1"/>
    <sprite n="TonfaSwingFX/TonfaSwing02" x="4108" y="20" w="20" h="32" pX="0.5" pY="5.125"/>
    <sprite n="VoidKatanaSwingV2FX/VoidKatanaSwingV2FX0" x="2504" y="144" w="148" h="84" pX="0.486486" pY="1"/>
    <sprite n="VoidKatanaSwingV2FX/VoidKatanaSwingV2FX1" x="1844" y="144" w="140" h="80" pX="0.542857" pY="1.1"/>
    <sprite n="VoidKatanaSwingV2FX/VoidKatanaSwingV2FX2" x="2652" y="144" w="148" h="84" pX="0.513514" pY="1.09524"/>
    <sprite n="VoidKatanaSwingV2FX/VoidKatanaSwingV2FX3" x="7600" y="72" w="140" h="72" pX="0.457143" pY="1.05556"/>
    <sprite n="VoidKatanaSwingV2FX/VoidKatanaSwingV2FX4" x="2584" y="72" w="108" h="56" pX="0.333333" pY="1.14286"/>
    <sprite n="WatercourseFX/WatercourseFX0" x="3220" y="20" w="64" h="28" pX="0.5" pY="1"/>
    <sprite n="WatercourseFX/WatercourseFX1" x="6084" y="20" w="48" h="40" pX="0.5" pY="1"/>
    <sprite n="WatercourseFX/WatercourseFX2" x="6132" y="20" w="60" h="40" pX="0.466667" pY="1"/>
    <sprite n="WatercourseFX/WatercourseFX3" x="5376" y="20" w="48" h="36" pX="0.5" pY="1"/>
    <sprite n="WaveShock/WaveShock00" x="3180" y="144" w="100" h="88" pX="0.52" pY="1"/>
    <sprite n="WaveShock/WaveShock01" x="7280" y="500" w="156" h="156" pX="0.512821" pY="1"/>
    <sprite n="WaveShock/WaveShock02" x="832" y="852" w="176" h="192" pX="0.5" pY="1"/>
    <sprite n="WaveShock/WaveShock03" x="6580" y="660" w="176" h="188" pX="0.5" pY="1.06383"/>
    <sprite n="WaveShock/WaveShock04" x="1008" y="852" w="176" h="192" pX="0.5" pY="1.0625"/>
    <sprite n="WaveShock/WaveShock05" x="6756" y="660" w="176" h="188" pX="0.5" pY="1.08511"/>
    <sprite n="WaveShock/WaveShock06" x="6932" y="660" w="172" h="188" pX="0.488372" pY="1.08511"/>
    <sprite n="WeakeningFX/WeakeningFX00" x="7776" y="20" w="68" h="48" pX="0.5" pY="1.33333"/>
    <sprite n="WeakeningFX/WeakeningFX01" x="6660" y="20" w="64" h="44" pX="0.46875" pY="1.45455"/>
    <sprite n="WeakeningFX/WeakeningFX02" x="2560" y="20" w="64" h="24" pX="0.46875" pY="2"/>
    <sprite n="WeakeningFX/WeakeningFX03" x="3284" y="20" w="64" h="28" pX="0.46875" pY="1.85714"/>
    <sprite n="WeakeningFX/WeakeningFX04" x="4128" y="20" w="56" h="32" pX="0.392857" pY="1.625"/>
    <sprite n="WeakeningFX/WeakeningFX05" x="4184" y="20" w="44" h="32" pX="0.5" pY="1.625"/>
    <sprite n="WeakeningFX/WeakeningFX06" x="2692" y="72" w="48" h="56" pX="0.541667" pY="1"/>
    <sprite n="WeakeningFX/WeakeningFX07" x="2740" y="72" w="52" h="56" pX="0.576923" pY="1.07143"/>
    <sprite n="WeakeningFX/WeakeningFX08" x="4356" y="72" w="60" h="60" pX="0.566667" pY="1.06667"/>
    <sprite n="WeakeningFX/WeakeningFX09" x="4416" y="72" w="64" h="60" pX="0.53125" pY="1.13333"/>
    <sprite n="WeakeningFX/WeakeningFX10" x="4480" y="72" w="68" h="60" pX="0.5" pY="1.13333"/>
    <sprite n="WeakeningFX/WeakeningFX11" x="2792" y="72" w="68" h="56" pX="0.5" pY="1.21429"/>
    <sprite n="ZweihanderSwingFX/ZweihanderSwingFX0" x="2016" y="1072" w="320" h="232" pX="0.5125" pY="1.2069"/>
    <sprite n="ZweihanderSwingFX/ZweihanderSwingFX1" x="3136" y="500" w="312" h="144" pX="0.512821" pY="1.91667"/>
    <sprite n="ZweihanderSwingFX/ZweihanderSwingFX2" x="7740" y="72" w="264" h="72" pX="0.515152" pY="3.77778"/>
    <sprite n="ZweihanderSwingFX/ZweihanderSwingFX3" x="7617" y="0" w="128" h="16" pX="0.53125" pY="16.75"/>
</TextureAtlas>
