<?xml version="1.0" encoding="UTF-8"?>
<!-- Created with TexturePacker https://www.codeandweb.com/texturepacker -->
<!-- $TexturePacker:SmartUpdate:af92becc0224ce08d62e96a62c861d60:13d1ad1bca268c98b08d0658f87713e9:14e8981a9d607370d87efe12c78121d6$ -->
<!--Format:
n  => name of the sprite
x  => sprite x pos in texture
y  => sprite y pos in texture
w  => sprite width (may be trimmed)
h  => sprite height (may be trimmed)
pX => x pos of the pivot point (relative to sprite width)
pY => y pos of the pivot point (relative to sprite height)
oX => sprite's x-corner offset (only available if trimmed)
oY => sprite's y-corner offset (only available if trimmed)
oW => sprite's original width (only available if trimmed)
oH => sprite's original height (only available if trimmed)
r => 'y' only set if sprite is rotated
with polygon mode enabled:
vertices   => points in sprite coordinate system (x0,y0,x1,y1,x2,y2, ...)
verticesUV => points in sheet coordinate system (x0,y0,x1,y1,x2,y2, ...)
triangles  => sprite triangulation, 3 vertex indices per triangle
-->
<TextureAtlas imagePath="Stage01.png" width="3630" height="3630">
    <sprite n="Banshee/Attack/BansheeAttack0" x="1980" y="200" w="100" h="110" pX="0.5" pY="1"/>
    <sprite n="Banshee/Attack/BansheeAttack1" x="2080" y="200" w="100" h="110" pX="0.5" pY="1"/>
    <sprite n="Banshee/Attack/BansheeAttack2" x="2180" y="200" w="100" h="110" pX="0.5" pY="1"/>
    <sprite n="Banshee/Attack/BansheeAttack3" x="2280" y="200" w="100" h="110" pX="0.5" pY="1"/>
    <sprite n="Banshee/Attack/BansheeAttack4" x="2380" y="200" w="100" h="110" pX="0.5" pY="1"/>
    <sprite n="Banshee/Attack/BansheeAttack5" x="2480" y="200" w="100" h="110" pX="0.5" pY="1"/>
    <sprite n="Banshee/Bullet/Hit/BansheeBullet1_0" x="1300" y="455" w="100" h="135" pX="0.5" pY="1"/>
    <sprite n="Banshee/Bullet/Hit/BansheeBullet2_0" x="1400" y="455" w="100" h="135" pX="0.5" pY="1"/>
    <sprite n="Banshee/Bullet/Hit/BansheeBullet3" x="1500" y="455" w="100" h="135" pX="0.5" pY="1"/>
    <sprite n="Banshee/Bullet/Hit/BansheeBullet4" x="1600" y="455" w="100" h="135" pX="0.5" pY="1"/>
    <sprite n="Banshee/Bullet/Hit/BansheeBullet5" x="1700" y="455" w="100" h="135" pX="0.5" pY="1"/>
    <sprite n="Banshee/Bullet/Hit/BansheeBullet6" x="1800" y="455" w="100" h="135" pX="0.5" pY="1"/>
    <sprite n="Banshee/Bullet/Idle/BansheeBullet0" x="40" y="0" w="65" h="80" pX="0.5" pY="1"/>
    <sprite n="Banshee/Bullet/Idle/BansheeBullet1" x="105" y="0" w="65" h="80" pX="0.5" pY="1"/>
    <sprite n="Banshee/Bullet/Idle/BansheeBullet2" x="170" y="0" w="65" h="80" pX="0.5" pY="1"/>
    <sprite n="Banshee/Bullet/Idle/BansheeBullet3_0" x="235" y="0" w="65" h="80" pX="0.5" pY="1"/>
    <sprite n="Banshee/Idle/BansheeIdle0" x="2580" y="200" w="100" h="110" pX="0.5" pY="1"/>
    <sprite n="Banshee/Idle/BansheeIdle1" x="2680" y="200" w="100" h="110" pX="0.5" pY="1"/>
    <sprite n="Banshee/Idle/BansheeIdle2" x="2780" y="200" w="100" h="110" pX="0.5" pY="1"/>
    <sprite n="Banshee/Idle/BansheeIdle3" x="2880" y="200" w="100" h="110" pX="0.5" pY="1"/>
    <sprite n="Banshee/Idle/BansheeIdle4" x="2980" y="200" w="100" h="110" pX="0.5" pY="1"/>
    <sprite n="Banshee/Idle/BansheeIdle5" x="3080" y="200" w="100" h="110" pX="0.5" pY="1"/>
    <sprite n="Bat/Fire/Attack/Bat_FireAttack0" x="3210" y="605" w="160" h="160" pX="0.5" pY="1"/>
    <sprite n="Bat/Fire/Attack/Bat_FireAttack1" x="3370" y="605" w="160" h="160" pX="0.5" pY="1"/>
    <sprite n="Bat/Fire/Attack/Bat_FireAttack2" x="0" y="765" w="160" h="160" pX="0.5" pY="1"/>
    <sprite n="Bat/Fire/Attack/Bat_FireAttack3" x="160" y="765" w="160" h="160" pX="0.5" pY="1"/>
    <sprite n="Bat/Fire/Attack/Bat_FireAttack4" x="320" y="765" w="160" h="160" pX="0.5" pY="1"/>
    <sprite n="Bat/Fire/Attack/Bat_FireAttack5" x="480" y="765" w="160" h="160" pX="0.5" pY="1"/>
    <sprite n="Bat/Fire/Attack/Bat_FireAttack6" x="640" y="765" w="160" h="160" pX="0.5" pY="1"/>
    <sprite n="Bat/Fire/Attack/Bat_FireAttack7" x="800" y="765" w="160" h="160" pX="0.5" pY="1"/>
    <sprite n="Bat/Fire/Attack/Bat_FireAttack8" x="960" y="765" w="160" h="160" pX="0.5" pY="1"/>
    <sprite n="Bat/Fire/Attack/Bat_FireAttack9" x="1120" y="765" w="160" h="160" pX="0.5" pY="1"/>
    <sprite n="Bat/Fire/Idle/Bat_Fire0" x="1280" y="765" w="160" h="160" pX="0.5" pY="1"/>
    <sprite n="Bat/Fire/Idle/Bat_Fire1" x="1440" y="765" w="160" h="160" pX="0.5" pY="1"/>
    <sprite n="Bat/Fire/Idle/Bat_Fire2" x="1600" y="765" w="160" h="160" pX="0.5" pY="1"/>
    <sprite n="Bat/Fire/Idle/Bat_Fire3" x="1760" y="765" w="160" h="160" pX="0.5" pY="1"/>
    <sprite n="Bat/Fire/Idle/Bat_Fire4" x="1920" y="765" w="160" h="160" pX="0.5" pY="1"/>
    <sprite n="Bat/Fire/Idle/Bat_Fire5" x="2080" y="765" w="160" h="160" pX="0.5" pY="1"/>
    <sprite n="Bat/Ice/Attack/Bat_IceAttack0" x="2240" y="765" w="160" h="160" pX="0.5" pY="1"/>
    <sprite n="Bat/Ice/Attack/Bat_IceAttack1" x="2400" y="765" w="160" h="160" pX="0.5" pY="1"/>
    <sprite n="Bat/Ice/Attack/Bat_IceAttack2" x="2560" y="765" w="160" h="160" pX="0.5" pY="1"/>
    <sprite n="Bat/Ice/Attack/Bat_IceAttack3" x="2720" y="765" w="160" h="160" pX="0.5" pY="1"/>
    <sprite n="Bat/Ice/Attack/Bat_IceAttack4" x="2880" y="765" w="160" h="160" pX="0.5" pY="1"/>
    <sprite n="Bat/Ice/Attack/Bat_IceAttack5" x="3040" y="765" w="160" h="160" pX="0.5" pY="1"/>
    <sprite n="Bat/Ice/Attack/Bat_IceAttack6" x="3200" y="765" w="160" h="160" pX="0.5" pY="1"/>
    <sprite n="Bat/Ice/Attack/Bat_IceAttack7" x="3360" y="765" w="160" h="160" pX="0.5" pY="1"/>
    <sprite n="Bat/Ice/Attack/Bat_IceAttack8" x="0" y="925" w="160" h="160" pX="0.5" pY="1"/>
    <sprite n="Bat/Ice/Attack/Bat_IceAttack9" x="160" y="925" w="160" h="160" pX="0.5" pY="1"/>
    <sprite n="Bat/Ice/Idle/Bat_Ice0" x="320" y="925" w="160" h="160" pX="0.5" pY="1"/>
    <sprite n="Bat/Ice/Idle/Bat_Ice1" x="480" y="925" w="160" h="160" pX="0.5" pY="1"/>
    <sprite n="Bat/Ice/Idle/Bat_Ice2" x="640" y="925" w="160" h="160" pX="0.5" pY="1"/>
    <sprite n="Bat/Ice/Idle/Bat_Ice3" x="800" y="925" w="160" h="160" pX="0.5" pY="1"/>
    <sprite n="Bat/Ice/Idle/Bat_Ice4" x="960" y="925" w="160" h="160" pX="0.5" pY="1"/>
    <sprite n="Bat/Ice/Idle/Bat_Ice5" x="1120" y="925" w="160" h="160" pX="0.5" pY="1"/>
    <sprite n="Bat/Normal/Idle/Bat0" x="1280" y="925" w="160" h="160" pX="0.5" pY="1"/>
    <sprite n="Bat/Normal/Idle/Bat1" x="1440" y="925" w="160" h="160" pX="0.5" pY="1"/>
    <sprite n="Bat/Normal/Idle/Bat2" x="1600" y="925" w="160" h="160" pX="0.5" pY="1"/>
    <sprite n="Bat/Normal/Idle/Bat3" x="1760" y="925" w="160" h="160" pX="0.5" pY="1"/>
    <sprite n="Bat/Normal/Idle/Bat4" x="1920" y="925" w="160" h="160" pX="0.5" pY="1"/>
    <sprite n="Bat/Normal/Idle/Bat5" x="2080" y="925" w="160" h="160" pX="0.5" pY="1"/>
    <sprite n="Bat/Red/Attack/Bat_RedAttack0" x="2240" y="925" w="160" h="160" pX="0.5" pY="1"/>
    <sprite n="Bat/Red/Attack/Bat_RedAttack1" x="2400" y="925" w="160" h="160" pX="0.5" pY="1"/>
    <sprite n="Bat/Red/Attack/Bat_RedAttack2" x="2560" y="925" w="160" h="160" pX="0.5" pY="1"/>
    <sprite n="Bat/Red/Attack/Bat_RedAttack3" x="2720" y="925" w="160" h="160" pX="0.5" pY="1"/>
    <sprite n="Bat/Red/Attack/Bat_RedAttack4" x="2880" y="925" w="160" h="160" pX="0.5" pY="1"/>
    <sprite n="Bat/Red/Attack/Bat_RedAttack5" x="3040" y="925" w="160" h="160" pX="0.5" pY="1"/>
    <sprite n="Bat/Red/Attack/Bat_RedAttack6" x="3200" y="925" w="160" h="160" pX="0.5" pY="1"/>
    <sprite n="Bat/Red/Attack/Bat_RedAttack7" x="3360" y="925" w="160" h="160" pX="0.5" pY="1"/>
    <sprite n="Bat/Red/Attack/Bat_RedAttack8" x="0" y="1085" w="160" h="160" pX="0.5" pY="1"/>
    <sprite n="Bat/Red/Attack/Bat_RedAttack9" x="160" y="1085" w="160" h="160" pX="0.5" pY="1"/>
    <sprite n="Bat/Red/Idle/Bat_Red0" x="2240" y="925" w="160" h="160" pX="0.5" pY="1"/>
    <sprite n="Bat/Red/Idle/Bat_Red1" x="320" y="1085" w="160" h="160" pX="0.5" pY="1"/>
    <sprite n="Bat/Red/Idle/Bat_Red2" x="480" y="1085" w="160" h="160" pX="0.5" pY="1"/>
    <sprite n="Bat/Red/Idle/Bat_Red3" x="640" y="1085" w="160" h="160" pX="0.5" pY="1"/>
    <sprite n="Bat/Red/Idle/Bat_Red4" x="800" y="1085" w="160" h="160" pX="0.5" pY="1"/>
    <sprite n="Bat/Red/Idle/Bat_Red5" x="960" y="1085" w="160" h="160" pX="0.5" pY="1"/>
    <sprite n="BigWhiteSkel/BigWhiteSkelAttack00" x="0" y="1605" w="355" h="240" pX="0.25" pY="1"/>
    <sprite n="BigWhiteSkel/BigWhiteSkelAttack01" x="355" y="1605" w="355" h="240" pX="0.25" pY="1"/>
    <sprite n="BigWhiteSkel/BigWhiteSkelAttack02" x="710" y="1605" w="355" h="240" pX="0.25" pY="1"/>
    <sprite n="BigWhiteSkel/BigWhiteSkelAttack03" x="1065" y="1605" w="355" h="240" pX="0.25" pY="1"/>
    <sprite n="BigWhiteSkel/BigWhiteSkelAttack04" x="1420" y="1605" w="355" h="240" pX="0.25" pY="1"/>
    <sprite n="BigWhiteSkel/BigWhiteSkelAttack05" x="1775" y="1605" w="355" h="240" pX="0.25" pY="1"/>
    <sprite n="BigWhiteSkel/BigWhiteSkelAttack06" x="2130" y="1605" w="355" h="240" pX="0.25" pY="1"/>
    <sprite n="BigWhiteSkel/BigWhiteSkelAttack07" x="2485" y="1605" w="355" h="240" pX="0.25" pY="1"/>
    <sprite n="BigWhiteSkel/BigWhiteSkelAttack08" x="2840" y="1605" w="355" h="240" pX="0.25" pY="1"/>
    <sprite n="BigWhiteSkel/BigWhiteSkelAttack09" x="3195" y="1605" w="355" h="240" pX="0.25" pY="1"/>
    <sprite n="BigWhiteSkel/BigWhiteSkelAttack10" x="0" y="1845" w="355" h="240" pX="0.25" pY="1"/>
    <sprite n="BigWhiteSkel/BigWhiteSkelAttack11" x="355" y="1845" w="355" h="240" pX="0.25" pY="1"/>
    <sprite n="BigWhiteSkel/BigWhiteSkelIdle" x="1900" y="455" w="165" h="150" pX="0.5" pY="1"/>
    <sprite n="BigWhiteSkel/BigWhiteSkelIdle0" x="2065" y="455" w="165" h="150" pX="0.5" pY="1"/>
    <sprite n="BigWhiteSkel/BigWhiteSkelIdle1" x="2230" y="455" w="165" h="150" pX="0.5" pY="1"/>
    <sprite n="BigWhiteSkel/BigWhiteSkelIdle2" x="2395" y="455" w="165" h="150" pX="0.5" pY="1"/>
    <sprite n="BigWhiteSkel/BigWhiteSkelIdle3" x="2560" y="455" w="165" h="150" pX="0.5" pY="1"/>
    <sprite n="BigWhiteSkel/BigWhiteSkelIdle4" x="2725" y="455" w="165" h="150" pX="0.5" pY="1"/>
    <sprite n="BigWhiteSkel/BigWhiteSkelMove0" x="2890" y="455" w="165" h="150" pX="0.5" pY="1"/>
    <sprite n="BigWhiteSkel/BigWhiteSkelMove1" x="3055" y="455" w="165" h="150" pX="0.5" pY="1"/>
    <sprite n="BigWhiteSkel/BigWhiteSkelMove2" x="3220" y="455" w="165" h="150" pX="0.5" pY="1"/>
    <sprite n="BigWhiteSkel/BigWhiteSkelMove3" x="3385" y="455" w="165" h="150" pX="0.5" pY="1"/>
    <sprite n="BigWhiteSkel/BigWhiteSkelMove4" x="0" y="605" w="165" h="150" pX="0.5" pY="1"/>
    <sprite n="BigWhiteSkel/BigWhiteSkelMove5" x="165" y="605" w="165" h="150" pX="0.5" pY="1"/>
    <sprite n="BigWhiteSkel/BigWhiteSkelParticle" x="1690" y="0" w="115" h="100" pX="0.5" pY="0.5"/>
    <sprite n="GiantBat/GiantBat0" x="3080" y="2340" w="320" h="320" pX="0.5" pY="1"/>
    <sprite n="GiantBat/GiantBat1" x="0" y="2660" w="320" h="320" pX="0.5" pY="1"/>
    <sprite n="GiantBat/GiantBat2" x="320" y="2660" w="320" h="320" pX="0.5" pY="1"/>
    <sprite n="GiantBat/GiantBat3" x="640" y="2660" w="320" h="320" pX="0.5" pY="1"/>
    <sprite n="GiantBat/GiantBat4" x="960" y="2660" w="320" h="320" pX="0.5" pY="1"/>
    <sprite n="GiantBat/GiantBat5" x="1280" y="2660" w="320" h="320" pX="0.5" pY="1"/>
    <sprite n="GiantBat/GiantBat6" x="1600" y="2660" w="320" h="320" pX="0.5" pY="1"/>
    <sprite n="GiantBat/GiantBatAttack0" x="1920" y="2660" w="320" h="320" pX="0.5" pY="1"/>
    <sprite n="GiantBat/GiantBatAttack1" x="2240" y="2660" w="320" h="320" pX="0.5" pY="1"/>
    <sprite n="GiantBat/GiantBatAttack2" x="2560" y="2660" w="320" h="320" pX="0.5" pY="1"/>
    <sprite n="GiantBat/GiantBatAttack3" x="2880" y="2660" w="320" h="320" pX="0.5" pY="1"/>
    <sprite n="GiantBat/GiantBatAttack4" x="3200" y="2660" w="320" h="320" pX="0.5" pY="1"/>
    <sprite n="GiantBat/GiantBatAttack5" x="0" y="2980" w="320" h="320" pX="0.5" pY="1"/>
    <sprite n="GiantBat/GiantBatAttack6" x="320" y="2980" w="320" h="320" pX="0.5" pY="1"/>
    <sprite n="GiantBat/GiantBatAttack7" x="640" y="2980" w="320" h="320" pX="0.5" pY="1"/>
    <sprite n="GiantBat/GiantBatAttack8" x="960" y="2980" w="320" h="320" pX="0.5" pY="1"/>
    <sprite n="GiantBat/GiantBatAttack9" x="1280" y="2980" w="320" h="320" pX="0.5" pY="1"/>
    <sprite n="Lilith/LilithCatch" x="2375" y="325" w="130" h="130" pX="0.5" pY="1"/>
    <sprite n="Lilith/LilithIdle00" x="2505" y="325" w="130" h="130" pX="0.5" pY="1"/>
    <sprite n="Lilith/LilithIdle01" x="2635" y="325" w="130" h="130" pX="0.5" pY="1"/>
    <sprite n="Lilith/LilithIdle02" x="2765" y="325" w="130" h="130" pX="0.5" pY="1"/>
    <sprite n="Lilith/LilithIdle03" x="2895" y="325" w="130" h="130" pX="0.5" pY="1"/>
    <sprite n="Lilith/LilithIdle04" x="3025" y="325" w="130" h="130" pX="0.5" pY="1"/>
    <sprite n="Lilith/LilithIdle05" x="3155" y="325" w="130" h="130" pX="0.5" pY="1"/>
    <sprite n="Lilith/LilithIdle06" x="3285" y="325" w="130" h="130" pX="0.5" pY="1"/>
    <sprite n="Lilith/LilithIdle07" x="3415" y="325" w="130" h="130" pX="0.5" pY="1"/>
    <sprite n="Lilith/LilithIdle08" x="0" y="455" w="130" h="130" pX="0.5" pY="1"/>
    <sprite n="Lilith/LilithIdle09" x="130" y="455" w="130" h="130" pX="0.5" pY="1"/>
    <sprite n="Lilith/LilithIdle10" x="260" y="455" w="130" h="130" pX="0.5" pY="1"/>
    <sprite n="Lilith/LilithIdle11" x="390" y="455" w="130" h="130" pX="0.5" pY="1"/>
    <sprite n="Lilith/LilithMove0" x="520" y="455" w="130" h="130" pX="0.5" pY="1"/>
    <sprite n="Lilith/LilithMove1" x="650" y="455" w="130" h="130" pX="0.5" pY="1"/>
    <sprite n="Lilith/LilithMove2" x="780" y="455" w="130" h="130" pX="0.5" pY="1"/>
    <sprite n="Lilith/LilithMove3" x="910" y="455" w="130" h="130" pX="0.5" pY="1"/>
    <sprite n="Lilith/LilithMove4" x="1040" y="455" w="130" h="130" pX="0.5" pY="1"/>
    <sprite n="Lilith/LilithMove5" x="1170" y="455" w="130" h="130" pX="0.5" pY="1"/>
    <sprite n="LittleGhost/LittleGhost0" x="1805" y="0" w="100" h="100" pX="0.5" pY="1"/>
    <sprite n="LittleGhost/LittleGhost1" x="1905" y="0" w="100" h="100" pX="0.5" pY="1"/>
    <sprite n="LittleGhost/LittleGhost2" x="2005" y="0" w="100" h="100" pX="0.5" pY="1"/>
    <sprite n="LittleGhost/LittleGhost3" x="2105" y="0" w="100" h="100" pX="0.5" pY="1"/>
    <sprite n="LittleGhost/LittleGhost4" x="2205" y="0" w="100" h="100" pX="0.5" pY="1"/>
    <sprite n="LittleGhost/LittleGhost5" x="2305" y="0" w="100" h="100" pX="0.5" pY="1"/>
    <sprite n="LittleGhost/LittleGhostAttack0" x="2405" y="0" w="100" h="100" pX="0.5" pY="1"/>
    <sprite n="LittleGhost/LittleGhostAttack1" x="2505" y="0" w="100" h="100" pX="0.5" pY="1"/>
    <sprite n="LittleGhost/LittleGhostAttack2" x="2605" y="0" w="100" h="100" pX="0.5" pY="1"/>
    <sprite n="Minotaurs/Attack/MinotaursAttack0" x="1020" y="2090" w="280" h="250" pX="0.5" pY="1"/>
    <sprite n="Minotaurs/Attack/MinotaursAttack1" x="1300" y="2090" w="280" h="250" pX="0.5" pY="1"/>
    <sprite n="Minotaurs/Attack/MinotaursAttack2" x="1580" y="2090" w="280" h="250" pX="0.5" pY="1"/>
    <sprite n="Minotaurs/Attack/MinotaursAttack3" x="1860" y="2090" w="280" h="250" pX="0.5" pY="1"/>
    <sprite n="Minotaurs/Attack/MinotaursAttack4" x="2140" y="2090" w="280" h="250" pX="0.5" pY="1"/>
    <sprite n="Minotaurs/Attack/MinotaursAttack5" x="2420" y="2090" w="280" h="250" pX="0.5" pY="1"/>
    <sprite n="Minotaurs/Attack/MinotaursAttack6" x="2700" y="2090" w="280" h="250" pX="0.5" pY="1"/>
    <sprite n="Minotaurs/Charge/MinotaursCharge0" x="2980" y="2090" w="280" h="250" pX="0.5" pY="1"/>
    <sprite n="Minotaurs/Charge/MinotaursCharge1" x="3260" y="2090" w="280" h="250" pX="0.5" pY="1"/>
    <sprite n="Minotaurs/Charge/MinotaursCharge2" x="0" y="2340" w="280" h="250" pX="0.5" pY="1"/>
    <sprite n="Minotaurs/Charge/MinotaursCharge3" x="3260" y="2090" w="280" h="250" pX="0.5" pY="1"/>
    <sprite n="Minotaurs/Charge/MinotaursCharge4" x="280" y="2340" w="280" h="250" pX="0.5" pY="1"/>
    <sprite n="Minotaurs/Charge/MinotaursCharge5" x="560" y="2340" w="280" h="250" pX="0.5" pY="1"/>
    <sprite n="Minotaurs/Charge/MinotaursCharge6" x="840" y="2340" w="280" h="250" pX="0.5" pY="1"/>
    <sprite n="Minotaurs/Charge/MinotaursCharge7" x="1120" y="2340" w="280" h="250" pX="0.5" pY="1"/>
    <sprite n="Minotaurs/Idle/MinotaursIdle0" x="1400" y="2340" w="280" h="250" pX="0.5" pY="1"/>
    <sprite n="Minotaurs/Idle/MinotaursIdle1" x="1680" y="2340" w="280" h="250" pX="0.5" pY="1"/>
    <sprite n="Minotaurs/Idle/MinotaursIdle2" x="1960" y="2340" w="280" h="250" pX="0.5" pY="1"/>
    <sprite n="Minotaurs/Idle/MinotaursIdle3" x="2240" y="2340" w="280" h="250" pX="0.5" pY="1"/>
    <sprite n="Minotaurs/Idle/MinotaursIdle4" x="2520" y="2340" w="280" h="250" pX="0.5" pY="1"/>
    <sprite n="Minotaurs/Idle/MinotaursIdle5" x="2800" y="2340" w="280" h="250" pX="0.5" pY="1"/>
    <sprite n="RedGiantBat/RedGiantBat0" x="1600" y="2980" w="320" h="320" pX="0.5" pY="1"/>
    <sprite n="RedGiantBat/RedGiantBat1" x="1920" y="2980" w="320" h="320" pX="0.5" pY="1"/>
    <sprite n="RedGiantBat/RedGiantBat2" x="2240" y="2980" w="320" h="320" pX="0.5" pY="1"/>
    <sprite n="RedGiantBat/RedGiantBat3" x="2560" y="2980" w="320" h="320" pX="0.5" pY="1"/>
    <sprite n="RedGiantBat/RedGiantBat4" x="2880" y="2980" w="320" h="320" pX="0.5" pY="1"/>
    <sprite n="RedGiantBat/RedGiantBat5" x="3200" y="2980" w="320" h="320" pX="0.5" pY="1"/>
    <sprite n="RedGiantBat/RedGiantBat6" x="0" y="3300" w="320" h="320" pX="0.5" pY="1"/>
    <sprite n="RedGiantBat/RedGiantBatAttack0" x="320" y="3300" w="320" h="320" pX="0.5" pY="1"/>
    <sprite n="RedGiantBat/RedGiantBatAttack1" x="640" y="3300" w="320" h="320" pX="0.5" pY="1"/>
    <sprite n="RedGiantBat/RedGiantBatAttack2" x="960" y="3300" w="320" h="320" pX="0.5" pY="1"/>
    <sprite n="RedGiantBat/RedGiantBatAttack3" x="1280" y="3300" w="320" h="320" pX="0.5" pY="1"/>
    <sprite n="RedGiantBat/RedGiantBatAttack4" x="1600" y="3300" w="320" h="320" pX="0.5" pY="1"/>
    <sprite n="RedGiantBat/RedGiantBatAttack5" x="1920" y="3300" w="320" h="320" pX="0.5" pY="1"/>
    <sprite n="RedGiantBat/RedGiantBatAttack6" x="2240" y="3300" w="320" h="320" pX="0.5" pY="1"/>
    <sprite n="RedGiantBat/RedGiantBatAttack7" x="2560" y="3300" w="320" h="320" pX="0.5" pY="1"/>
    <sprite n="RedGiantBat/RedGiantBatAttack8" x="2880" y="3300" w="320" h="320" pX="0.5" pY="1"/>
    <sprite n="RedGiantBat/RedGiantBatAttack9" x="3200" y="3300" w="320" h="320" pX="0.5" pY="1"/>
    <sprite n="Skel/Arrow00" x="15" y="0" w="25" h="65" pX="0.5" pY="1"/>
    <sprite n="Skel/Normal/Attack/SkelCorpse" x="1120" y="1085" w="160" h="160" pX="0.5" pY="1"/>
    <sprite n="Skel/Normal/Idle/SkelIdle" x="1120" y="1085" w="160" h="160" pX="0.5" pY="1"/>
    <sprite n="Skel/Normal/Walk/SkelWalk0" x="1280" y="1085" w="160" h="160" pX="0.5" pY="1"/>
    <sprite n="Skel/Normal/Walk/SkelWalk1" x="1440" y="1085" w="160" h="160" pX="0.5" pY="1"/>
    <sprite n="Skel/Normal/Walk/SkelWalk2" x="1600" y="1085" w="160" h="160" pX="0.5" pY="1"/>
    <sprite n="Skel/Normal/Walk/SkelWalk3" x="1760" y="1085" w="160" h="160" pX="0.5" pY="1"/>
    <sprite n="Skel/Normal/Walk/SkelWalk4" x="1920" y="1085" w="160" h="160" pX="0.5" pY="1"/>
    <sprite n="Skel/Normal/Walk/SkelWalk5" x="2080" y="1085" w="160" h="160" pX="0.5" pY="1"/>
    <sprite n="Skel/RustyGreatSword/RustyGreatSword0" x="710" y="1845" w="255" h="245" pX="0.5" pY="1"/>
    <sprite n="Skel/RustyGreatSword/RustyGreatSword1" x="965" y="1845" w="255" h="245" pX="0.5" pY="1"/>
    <sprite n="Skel/RustyGreatSword/RustyGreatSword2" x="1220" y="1845" w="255" h="245" pX="0.5" pY="1"/>
    <sprite n="Skel/RustyGreatSword/RustyGreatSword3" x="1475" y="1845" w="255" h="245" pX="0.5" pY="1"/>
    <sprite n="Skel/RustyGreatSword/RustyGreatSword4" x="1730" y="1845" w="255" h="245" pX="0.5" pY="1"/>
    <sprite n="Skel/RustyGreatSword/RustyGreatSword5" x="1985" y="1845" w="255" h="245" pX="0.5" pY="1"/>
    <sprite n="Skel/RustyGreatSword/RustyGreatSword6" x="2240" y="1845" w="255" h="245" pX="0.5" pY="1"/>
    <sprite n="Skel/RustyGreatSword/RustyGreatSword7" x="2495" y="1845" w="255" h="245" pX="0.5" pY="1"/>
    <sprite n="Skel/RustyGreatSword/RustyGreatSword8" x="2750" y="1845" w="255" h="245" pX="0.5" pY="1"/>
    <sprite n="Skel/RustyGreatSword/RustyGreatSword9" x="3005" y="1845" w="255" h="245" pX="0.5" pY="1"/>
    <sprite n="Skel/RustyGreatSword/RustyGreatSword10" x="3260" y="1845" w="255" h="245" pX="0.5" pY="1"/>
    <sprite n="Skel/RustyGreatSword/RustyGreatSword11" x="0" y="2090" w="255" h="245" pX="0.5" pY="1"/>
    <sprite n="Skel/RustyGreatSword/RustyGreatSword12" x="255" y="2090" w="255" h="245" pX="0.5" pY="1"/>
    <sprite n="Skel/RustyGreatSword/RustyGreatSword13" x="510" y="2090" w="255" h="245" pX="0.5" pY="1"/>
    <sprite n="Skel/RustyGreatSword/RustyGreatSword14" x="765" y="2090" w="255" h="245" pX="0.5" pY="1"/>
    <sprite n="Skel/RustyShortSword/RustyShortSword0" x="2240" y="1085" w="160" h="160" pX="0.5" pY="1"/>
    <sprite n="Skel/RustyShortSword/RustyShortSword1" x="2400" y="1085" w="160" h="160" pX="0.5" pY="1"/>
    <sprite n="Skel/RustyShortSword/RustyShortSword2" x="2560" y="1085" w="160" h="160" pX="0.5" pY="1"/>
    <sprite n="Skel/RustyShortSword/RustyShortSword3" x="2720" y="1085" w="160" h="160" pX="0.5" pY="1"/>
    <sprite n="Skel/RustyShortSword/RustyShortSword4" x="2880" y="1085" w="160" h="160" pX="0.5" pY="1"/>
    <sprite n="Skel/RustyShortSword/RustyShortSword5" x="3040" y="1085" w="160" h="160" pX="0.5" pY="1"/>
    <sprite n="Skel/RustyShortSword/RustyShortSword6" x="3200" y="1085" w="160" h="160" pX="0.5" pY="1"/>
    <sprite n="Skel/RustyShortSword/RustyShortSword7" x="3360" y="1085" w="160" h="160" pX="0.5" pY="1"/>
    <sprite n="Skel/RustyShortSword/RustyShortSword8" x="0" y="1245" w="160" h="160" pX="0.5" pY="1"/>
    <sprite n="Skel/RustyShortSword/RustyShortSword9" x="160" y="1245" w="160" h="160" pX="0.5" pY="1"/>
    <sprite n="Skel/RustyShortSword/RustyShortSword10" x="320" y="1245" w="160" h="160" pX="0.5" pY="1"/>
    <sprite n="Skel/RustyShortSword/RustyShortSword11" x="480" y="1245" w="160" h="160" pX="0.5" pY="1"/>
    <sprite n="Skel/SkelDog/Die/SkelDogDie" x="300" y="0" w="100" h="90" pX="0.5" pY="1"/>
    <sprite n="Skel/SkelDog/Idle/SkelDogIdle0" x="300" y="0" w="100" h="90" pX="0.5" pY="1"/>
    <sprite n="Skel/SkelDog/Idle/SkelDogIdle1" x="400" y="0" w="100" h="90" pX="0.5" pY="1"/>
    <sprite n="Skel/SkelDog/Idle/SkelDogIdle2" x="500" y="0" w="100" h="90" pX="0.5" pY="1"/>
    <sprite n="Skel/SkelDog/Idle/SkelDogIdle3" x="600" y="0" w="100" h="90" pX="0.5" pY="1"/>
    <sprite n="Skel/SkelDog/Idle/SkelDogIdle4" x="700" y="0" w="100" h="90" pX="0.5" pY="1"/>
    <sprite n="Skel/SkelDog/Run/SkelDogRun0" x="800" y="0" w="100" h="90" pX="0.5" pY="1"/>
    <sprite n="Skel/SkelDog/Run/SkelDogRun1" x="900" y="0" w="100" h="90" pX="0.5" pY="1"/>
    <sprite n="Skel/SkelDog/Run/SkelDogRun2" x="1000" y="0" w="100" h="90" pX="0.5" pY="1"/>
    <sprite n="Skel/SkelDog/Run/SkelDogRun3" x="1100" y="0" w="100" h="90" pX="0.5" pY="1"/>
    <sprite n="Skel/SkelDog/Run/SkelDogRun4" x="1200" y="0" w="100" h="90" pX="0.5" pY="1"/>
    <sprite n="Skel/SkelDog/Run/SkelDogRun5" x="1300" y="0" w="100" h="90" pX="0.5" pY="1"/>
    <sprite n="Skel/SkelDog/Run/SkelDogRun6" x="1400" y="0" w="100" h="90" pX="0.5" pY="1"/>
    <sprite n="Skel/SkelHand" x="0" y="0" w="15" h="15" pX="0.5" pY="1"/>
    <sprite n="Skel/SkelMagician/SkelElecMagicianAttack00" x="640" y="1245" w="230" h="180" pX="0.5" pY="1"/>
    <sprite n="Skel/SkelMagician/SkelElecMagicianAttack01" x="870" y="1245" w="230" h="180" pX="0.5" pY="1"/>
    <sprite n="Skel/SkelMagician/SkelElecMagicianAttack02" x="1100" y="1245" w="230" h="180" pX="0.5" pY="1"/>
    <sprite n="Skel/SkelMagician/SkelElecMagicianAttack03" x="1330" y="1245" w="230" h="180" pX="0.5" pY="1"/>
    <sprite n="Skel/SkelMagician/SkelElecMagicianAttack04" x="1560" y="1245" w="230" h="180" pX="0.5" pY="1"/>
    <sprite n="Skel/SkelMagician/SkelElecMagicianAttack05" x="1790" y="1245" w="230" h="180" pX="0.5" pY="1"/>
    <sprite n="Skel/SkelMagician/SkelElecMagicianAttack06" x="2020" y="1245" w="230" h="180" pX="0.5" pY="1"/>
    <sprite n="Skel/SkelMagician/SkelElecMagicianAttack07" x="2250" y="1245" w="230" h="180" pX="0.5" pY="1"/>
    <sprite n="Skel/SkelMagician/SkelElecMagicianAttack08" x="2480" y="1245" w="230" h="180" pX="0.5" pY="1"/>
    <sprite n="Skel/SkelMagician/SkelElecMagicianAttack09" x="2710" y="1245" w="230" h="180" pX="0.5" pY="1"/>
    <sprite n="Skel/SkelMagician/SkelElecMagicianAttack10" x="2940" y="1245" w="230" h="180" pX="0.5" pY="1"/>
    <sprite n="Skel/SkelMagician/SkelElecMagicianAttack11" x="3170" y="1245" w="230" h="180" pX="0.5" pY="1"/>
    <sprite n="Skel/SkelMagician/SkelElecMagicianAttack12" x="3400" y="1245" w="230" h="180" pX="0.5" pY="1"/>
    <sprite n="Skel/SkelMagician/SkelElecMagicianAttack13" x="0" y="1425" w="230" h="180" pX="0.5" pY="1"/>
    <sprite n="Skel/SkelMagician/SkelElecMagicianAttack14" x="230" y="1425" w="230" h="180" pX="0.5" pY="1"/>
    <sprite n="Skel/SkelMagician/SkelElecMagicianAttack15" x="460" y="1425" w="230" h="180" pX="0.5" pY="1"/>
    <sprite n="Skel/SkelMagician/SkelElecMagicianAttack16" x="690" y="1425" w="230" h="180" pX="0.5" pY="1"/>
    <sprite n="Skel/SkelMagician/SkelElecMagicianAttack17" x="920" y="1425" w="230" h="180" pX="0.5" pY="1"/>
    <sprite n="Skel/SkelMagician/SkelElecMagicianAttack18" x="1150" y="1425" w="230" h="180" pX="0.5" pY="1"/>
    <sprite n="Skel/SkelMagician/SkelElecMagicianAttack19" x="1380" y="1425" w="230" h="180" pX="0.5" pY="1"/>
    <sprite n="Skel/SkelMagician/SkelElecMagicianAttack20" x="1610" y="1425" w="230" h="180" pX="0.5" pY="1"/>
    <sprite n="Skel/SkelMagician/SkelElecMagicianAttack21" x="1840" y="1425" w="230" h="180" pX="0.5" pY="1"/>
    <sprite n="Skel/SkelMagician/SkelElecMagicianAttack22" x="2070" y="1425" w="230" h="180" pX="0.5" pY="1"/>
    <sprite n="Skel/SkelMagician/SkelElecMagicianIdle00" x="2300" y="1425" w="230" h="180" pX="0.5" pY="1"/>
    <sprite n="Skel/SkelMagician/SkelElecMagicianIdle01" x="2530" y="1425" w="230" h="180" pX="0.5" pY="1"/>
    <sprite n="Skel/SkelMagician/SkelElecMagicianIdle02" x="2760" y="1425" w="230" h="180" pX="0.5" pY="1"/>
    <sprite n="Skel/SkelMagician/SkelElecMagicianIdle03" x="640" y="1245" w="230" h="180" pX="0.5" pY="1"/>
    <sprite n="Skel/SkelMagician/SkelElecMagicianIdle04" x="2990" y="1425" w="230" h="180" pX="0.5" pY="1"/>
    <sprite n="Skel/SkelMagician/SkelElecMagicianIdle05" x="3220" y="1425" w="230" h="180" pX="0.5" pY="1"/>
    <sprite n="Skel/SkelMagician/SkelFireMagicianAttack00" x="3180" y="200" w="125" h="125" pX="0.5" pY="1"/>
    <sprite n="Skel/SkelMagician/SkelFireMagicianAttack01" x="3305" y="200" w="125" h="125" pX="0.5" pY="1"/>
    <sprite n="Skel/SkelMagician/SkelFireMagicianAttack02" x="3430" y="200" w="125" h="125" pX="0.5" pY="1"/>
    <sprite n="Skel/SkelMagician/SkelFireMagicianAttack03" x="0" y="325" w="125" h="125" pX="0.5" pY="1"/>
    <sprite n="Skel/SkelMagician/SkelFireMagicianAttack04" x="125" y="325" w="125" h="125" pX="0.5" pY="1"/>
    <sprite n="Skel/SkelMagician/SkelFireMagicianAttack05" x="250" y="325" w="125" h="125" pX="0.5" pY="1"/>
    <sprite n="Skel/SkelMagician/SkelFireMagicianAttack06" x="375" y="325" w="125" h="125" pX="0.5" pY="1"/>
    <sprite n="Skel/SkelMagician/SkelFireMagicianAttack07" x="500" y="325" w="125" h="125" pX="0.5" pY="1"/>
    <sprite n="Skel/SkelMagician/SkelFireMagicianAttack08" x="625" y="325" w="125" h="125" pX="0.5" pY="1"/>
    <sprite n="Skel/SkelMagician/SkelFireMagicianAttack09" x="750" y="325" w="125" h="125" pX="0.5" pY="1"/>
    <sprite n="Skel/SkelMagician/SkelFireMagicianAttack10" x="875" y="325" w="125" h="125" pX="0.5" pY="1"/>
    <sprite n="Skel/SkelMagician/SkelFireMagicianAttack11" x="625" y="325" w="125" h="125" pX="0.5" pY="1"/>
    <sprite n="Skel/SkelMagician/SkelFireMagicianAttack12" x="1000" y="325" w="125" h="125" pX="0.5" pY="1"/>
    <sprite n="Skel/SkelMagician/SkelFireMagicianAttack13" x="1125" y="325" w="125" h="125" pX="0.5" pY="1"/>
    <sprite n="Skel/SkelMagician/SkelFireMagicianAttack14" x="1250" y="325" w="125" h="125" pX="0.5" pY="1"/>
    <sprite n="Skel/SkelMagician/SkelFireMagicianHit00" x="1375" y="325" w="125" h="125" pX="0.5" pY="1"/>
    <sprite n="Skel/SkelMagician/SkelFireMagicianHit01" x="1500" y="325" w="125" h="125" pX="0.5" pY="1"/>
    <sprite n="Skel/SkelMagician/SkelFireMagicianIdle00" x="1625" y="325" w="125" h="125" pX="0.5" pY="1"/>
    <sprite n="Skel/SkelMagician/SkelFireMagicianIdle01" x="1750" y="325" w="125" h="125" pX="0.5" pY="1"/>
    <sprite n="Skel/SkelMagician/SkelFireMagicianIdle02" x="1875" y="325" w="125" h="125" pX="0.5" pY="1"/>
    <sprite n="Skel/SkelMagician/SkelFireMagicianIdle03" x="2000" y="325" w="125" h="125" pX="0.5" pY="1"/>
    <sprite n="Skel/SkelMagician/SkelFireMagicianIdle04" x="2125" y="325" w="125" h="125" pX="0.5" pY="1"/>
    <sprite n="Skel/SkelMagician/SkelFireMagicianIdle05" x="2250" y="325" w="125" h="125" pX="0.5" pY="1"/>
    <sprite n="Skel/SkelMagician/SkelIceMagicianAttack00" x="330" y="605" w="160" h="150" pX="0.5" pY="1"/>
    <sprite n="Skel/SkelMagician/SkelIceMagicianAttack01" x="490" y="605" w="160" h="150" pX="0.5" pY="1"/>
    <sprite n="Skel/SkelMagician/SkelIceMagicianAttack02" x="650" y="605" w="160" h="150" pX="0.5" pY="1"/>
    <sprite n="Skel/SkelMagician/SkelIceMagicianAttack03" x="810" y="605" w="160" h="150" pX="0.5" pY="1"/>
    <sprite n="Skel/SkelMagician/SkelIceMagicianAttack04" x="970" y="605" w="160" h="150" pX="0.5" pY="1"/>
    <sprite n="Skel/SkelMagician/SkelIceMagicianAttack05" x="1130" y="605" w="160" h="150" pX="0.5" pY="1"/>
    <sprite n="Skel/SkelMagician/SkelIceMagicianAttack06" x="1290" y="605" w="160" h="150" pX="0.5" pY="1"/>
    <sprite n="Skel/SkelMagician/SkelIceMagicianAttack07" x="1450" y="605" w="160" h="150" pX="0.5" pY="1"/>
    <sprite n="Skel/SkelMagician/SkelIceMagicianAttack08" x="1610" y="605" w="160" h="150" pX="0.5" pY="1"/>
    <sprite n="Skel/SkelMagician/SkelIceMagicianAttack09" x="1770" y="605" w="160" h="150" pX="0.5" pY="1"/>
    <sprite n="Skel/SkelMagician/SkelIceMagicianAttack10" x="1930" y="605" w="160" h="150" pX="0.5" pY="1"/>
    <sprite n="Skel/SkelMagician/SkelIceMagicianAttack11" x="2090" y="605" w="160" h="150" pX="0.5" pY="1"/>
    <sprite n="Skel/SkelMagician/SkelIceMagicianIdle00" x="2250" y="605" w="160" h="150" pX="0.5" pY="1"/>
    <sprite n="Skel/SkelMagician/SkelIceMagicianIdle01" x="2410" y="605" w="160" h="150" pX="0.5" pY="1"/>
    <sprite n="Skel/SkelMagician/SkelIceMagicianIdle02" x="2570" y="605" w="160" h="150" pX="0.5" pY="1"/>
    <sprite n="Skel/SkelMagician/SkelIceMagicianIdle03" x="2730" y="605" w="160" h="150" pX="0.5" pY="1"/>
    <sprite n="Skel/SkelMagician/SkelIceMagicianIdle04" x="2890" y="605" w="160" h="150" pX="0.5" pY="1"/>
    <sprite n="Skel/SkelMagician/SkelIceMagicianIdle05" x="3050" y="605" w="160" h="150" pX="0.5" pY="1"/>
    <sprite n="Skel/SkelSummon" x="1500" y="0" w="95" h="95" pX="0.5" pY="1"/>
    <sprite n="Skel/SkelWeaponLaser" x="1595" y="0" w="95" h="95" pX="0.5" pY="1"/>
    <sprite n="Stele/Closed/Stele0" x="2705" y="0" w="330" h="100" pX="0.5" pY="1"/>
    <sprite n="Stele/Closed/Stele1" x="3035" y="0" w="330" h="100" pX="0.5" pY="1"/>
    <sprite n="Stele/Closed/Stele2" x="0" y="100" w="330" h="100" pX="0.5" pY="1"/>
    <sprite n="Stele/Closed/Stele3" x="330" y="100" w="330" h="100" pX="0.5" pY="1"/>
    <sprite n="Stele/Closed/Stele4" x="660" y="100" w="330" h="100" pX="0.5" pY="1"/>
    <sprite n="Stele/Closed/Stele5" x="990" y="100" w="330" h="100" pX="0.5" pY="1"/>
    <sprite n="Stele/Closed/Stele6" x="1320" y="100" w="330" h="100" pX="0.5" pY="1"/>
    <sprite n="Stele/Closed/Stele7" x="1650" y="100" w="330" h="100" pX="0.5" pY="1"/>
    <sprite n="Stele/Idle/Stele0" x="1980" y="100" w="330" h="100" pX="0.5" pY="1"/>
    <sprite n="Stele/Idle/Stele1" x="2310" y="100" w="330" h="100" pX="0.5" pY="1"/>
    <sprite n="Stele/Idle/Stele2" x="2640" y="100" w="330" h="100" pX="0.5" pY="1"/>
    <sprite n="Stele/Idle/Stele3" x="2970" y="100" w="330" h="100" pX="0.5" pY="1"/>
    <sprite n="Stele/Idle/Stele4" x="1980" y="100" w="330" h="100" pX="0.5" pY="1"/>
    <sprite n="Stele/Idle/Stele5" x="3300" y="100" w="330" h="100" pX="0.5" pY="1"/>
    <sprite n="Stele/Idle/Stele6" x="0" y="200" w="330" h="100" pX="0.5" pY="1"/>
    <sprite n="Stele/Idle/Stele7" x="330" y="200" w="330" h="100" pX="0.5" pY="1"/>
    <sprite n="Stele/Opened/Stele0" x="1650" y="100" w="330" h="100" pX="0.5" pY="1"/>
    <sprite n="Stele/Opened/Stele1" x="660" y="200" w="330" h="100" pX="0.5" pY="1"/>
    <sprite n="Stele/Opened/Stele2" x="990" y="200" w="330" h="100" pX="0.5" pY="1"/>
    <sprite n="Stele/Opened/Stele3" x="660" y="100" w="330" h="100" pX="0.5" pY="1"/>
    <sprite n="Stele/Opened/Stele4" x="1320" y="200" w="330" h="100" pX="0.5" pY="1"/>
    <sprite n="Stele/Opened/Stele5" x="1650" y="200" w="330" h="100" pX="0.5" pY="1"/>
    <sprite n="Stele/Opened/Stele6" x="3035" y="0" w="330" h="100" pX="0.5" pY="1"/>
    <sprite n="Stele/Opened/Stele7" x="2705" y="0" w="330" h="100" pX="0.5" pY="1"/>
</TextureAtlas>
