<?xml version="1.0" encoding="UTF-8"?>
<!-- Created with TexturePacker https://www.codeandweb.com/texturepacker -->
<!-- $TexturePacker:SmartUpdate:a058ba84237d910a107ff2e2eb2e53bb:13d1ad1bca268c98b08d0658f87713e9:14e8981a9d607370d87efe12c78121d6$ -->
<!--Format:
n  => name of the sprite
x  => sprite x pos in texture
y  => sprite y pos in texture
w  => sprite width (may be trimmed)
h  => sprite height (may be trimmed)
pX => x pos of the pivot point (relative to sprite width)
pY => y pos of the pivot point (relative to sprite height)
oX => sprite's x-corner offset (only available if trimmed)
oY => sprite's y-corner offset (only available if trimmed)
oW => sprite's original width (only available if trimmed)
oH => sprite's original height (only available if trimmed)
r => 'y' only set if sprite is rotated
with polygon mode enabled:
vertices   => points in sprite coordinate system (x0,y0,x1,y1,x2,y2, ...)
verticesUV => points in sheet coordinate system (x0,y0,x1,y1,x2,y2, ...)
triangles  => sprite triangulation, 3 vertex indices per triangle
-->
<TextureAtlas imagePath="Stage01.png" width="2540" height="2540">
    <sprite n="Banshee/Attack/BansheeAttack0" x="1100" y="445" w="95" h="90" pX="0.473684" pY="1.05556"/>
    <sprite n="Banshee/Attack/BansheeAttack1" x="1195" y="445" w="85" h="90" pX="0.470588" pY="1.11111"/>
    <sprite n="Banshee/Attack/BansheeAttack2" x="930" y="540" w="85" h="100" pX="0.470588" pY="1.05"/>
    <sprite n="Banshee/Attack/BansheeAttack3" x="1015" y="540" w="75" h="100" pX="0.466667" pY="1.1"/>
    <sprite n="Banshee/Attack/BansheeAttack4" x="1280" y="445" w="85" h="90" pX="0.470588" pY="1.16667"/>
    <sprite n="Banshee/Attack/BansheeAttack5" x="1365" y="445" w="85" h="90" pX="0.470588" pY="1.11111"/>
    <sprite n="Banshee/Bullet/Hit/BansheeBullet1_0" x="2395" y="445" w="60" h="95" pX="0.5" pY="1.21053"/>
    <sprite n="Banshee/Bullet/Hit/BansheeBullet2_0" x="320" y="640" w="70" h="105" pX="0.5" pY="1.14286"/>
    <sprite n="Banshee/Bullet/Hit/BansheeBullet3" x="575" y="855" w="80" h="115" pX="0.5" pY="1.08696"/>
    <sprite n="Banshee/Bullet/Hit/BansheeBullet4" x="525" y="1095" w="90" h="125" pX="0.5" pY="1.04"/>
    <sprite n="Banshee/Bullet/Hit/BansheeBullet5" x="190" y="1225" w="100" h="135" pX="0.5" pY="1"/>
    <sprite n="Banshee/Bullet/Hit/BansheeBullet6" x="290" y="1225" w="100" h="135" pX="0.5" pY="1"/>
    <sprite n="Banshee/Bullet/Idle/BansheeBullet0" x="640" y="50" w="50" h="65" pX="0.65" pY="1.07692"/>
    <sprite n="Banshee/Bullet/Idle/BansheeBullet1" x="600" y="120" w="55" h="75" pX="0.5" pY="1.06667"/>
    <sprite n="Banshee/Bullet/Idle/BansheeBullet2" x="1700" y="50" w="60" h="70" pX="0.458333" pY="1"/>
    <sprite n="Banshee/Bullet/Idle/BansheeBullet3_0" x="690" y="50" w="55" h="65" pX="0.590909" pY="1"/>
    <sprite n="Banshee/Idle/BansheeIdle0" x="1450" y="445" w="95" h="90" pX="0.473684" pY="1.11111"/>
    <sprite n="Banshee/Idle/BansheeIdle1" x="1545" y="445" w="85" h="90" pX="0.470588" pY="1.11111"/>
    <sprite n="Banshee/Idle/BansheeIdle2" x="1090" y="540" w="85" h="100" pX="0.470588" pY="1"/>
    <sprite n="Banshee/Idle/BansheeIdle3" x="1175" y="540" w="75" h="100" pX="0.466667" pY="1.05"/>
    <sprite n="Banshee/Idle/BansheeIdle4" x="1545" y="445" w="85" h="90" pX="0.470588" pY="1.16667"/>
    <sprite n="Banshee/Idle/BansheeIdle5" x="1630" y="445" w="85" h="90" pX="0.470588" pY="1.16667"/>
    <sprite n="Bat/Fire/Attack/Bat_FireAttack0" x="910" y="0" w="135" h="45" pX="0.518519" pY="2.33333"/>
    <sprite n="Bat/Fire/Attack/Bat_FireAttack1" x="1045" y="0" w="125" h="45" pX="0.44" pY="2.22222"/>
    <sprite n="Bat/Fire/Attack/Bat_FireAttack2" x="2240" y="0" w="120" h="50" pX="0.375" pY="1.9"/>
    <sprite n="Bat/Fire/Attack/Bat_FireAttack3" x="0" y="50" w="110" h="55" pX="0.318182" pY="1.81818"/>
    <sprite n="Bat/Fire/Attack/Bat_FireAttack4" x="745" y="50" w="90" h="65" pX="0.222222" pY="1.69231"/>
    <sprite n="Bat/Fire/Attack/Bat_FireAttack5" x="1760" y="120" w="90" h="80" pX="0.388889" pY="1.4375"/>
    <sprite n="Bat/Fire/Attack/Bat_FireAttack6" x="1850" y="120" w="90" h="80" pX="0.555556" pY="1.5625"/>
    <sprite n="Bat/Fire/Attack/Bat_FireAttack7" x="1940" y="360" w="85" h="85" pX="0.647059" pY="1.52941"/>
    <sprite n="Bat/Fire/Attack/Bat_FireAttack8" x="2025" y="360" w="100" h="85" pX="0.6" pY="1.52941"/>
    <sprite n="Bat/Fire/Attack/Bat_FireAttack9" x="1940" y="120" w="135" h="80" pX="0.555556" pY="1.5"/>
    <sprite n="Bat/Fire/Idle/Bat_Fire0" x="1170" y="0" w="135" h="45" pX="0.518519" pY="2.33333"/>
    <sprite n="Bat/Fire/Idle/Bat_Fire1" x="1305" y="0" w="135" h="45" pX="0.518519" pY="2.22222"/>
    <sprite n="Bat/Fire/Idle/Bat_Fire2" x="1760" y="50" w="135" h="70" pX="0.518519" pY="1.64286"/>
    <sprite n="Bat/Fire/Idle/Bat_Fire3" x="655" y="120" w="130" h="75" pX="0.5" pY="1.6"/>
    <sprite n="Bat/Fire/Idle/Bat_Fire4" x="2125" y="360" w="120" h="85" pX="0.5" pY="1.47059"/>
    <sprite n="Bat/Fire/Idle/Bat_Fire5" x="2075" y="120" w="135" h="80" pX="0.518519" pY="1.375"/>
    <sprite n="Bat/Ice/Attack/Bat_IceAttack0" x="1440" y="0" w="135" h="45" pX="0.518519" pY="2.22222"/>
    <sprite n="Bat/Ice/Attack/Bat_IceAttack1" x="1575" y="0" w="125" h="45" pX="0.44" pY="2.11111"/>
    <sprite n="Bat/Ice/Attack/Bat_IceAttack2" x="110" y="50" w="120" h="55" pX="0.375" pY="1.72727"/>
    <sprite n="Bat/Ice/Attack/Bat_IceAttack3" x="340" y="50" w="110" h="60" pX="0.318182" pY="1.66667"/>
    <sprite n="Bat/Ice/Attack/Bat_IceAttack4" x="1895" y="50" w="90" h="70" pX="0.222222" pY="1.57143"/>
    <sprite n="Bat/Ice/Attack/Bat_IceAttack5" x="2210" y="120" w="90" h="80" pX="0.388889" pY="1.4375"/>
    <sprite n="Bat/Ice/Attack/Bat_IceAttack6" x="785" y="120" w="90" h="75" pX="0.555556" pY="1.6"/>
    <sprite n="Bat/Ice/Attack/Bat_IceAttack7" x="2300" y="120" w="85" h="80" pX="0.647059" pY="1.5625"/>
    <sprite n="Bat/Ice/Attack/Bat_IceAttack8" x="2385" y="120" w="100" h="80" pX="0.6" pY="1.5625"/>
    <sprite n="Bat/Ice/Attack/Bat_IceAttack9" x="875" y="120" w="135" h="75" pX="0.555556" pY="1.53333"/>
    <sprite n="Bat/Ice/Idle/Bat_Ice0" x="1700" y="0" w="135" h="45" pX="0.518519" pY="2.22222"/>
    <sprite n="Bat/Ice/Idle/Bat_Ice1" x="1835" y="0" w="135" h="45" pX="0.518519" pY="2.11111"/>
    <sprite n="Bat/Ice/Idle/Bat_Ice2" x="835" y="50" w="135" h="65" pX="0.518519" pY="1.69231"/>
    <sprite n="Bat/Ice/Idle/Bat_Ice3" x="1985" y="50" w="130" h="70" pX="0.5" pY="1.64286"/>
    <sprite n="Bat/Ice/Idle/Bat_Ice4" x="0" y="200" w="120" h="80" pX="0.5" pY="1.5"/>
    <sprite n="Bat/Ice/Idle/Bat_Ice5" x="1010" y="120" w="135" h="75" pX="0.518519" pY="1.4"/>
    <sprite n="Bat/Normal/Idle/Bat0" x="15" y="0" w="135" h="35" pX="0.518519" pY="2.71429"/>
    <sprite n="Bat/Normal/Idle/Bat1" x="380" y="0" w="135" h="40" pX="0.518519" pY="2.375"/>
    <sprite n="Bat/Normal/Idle/Bat2" x="450" y="50" w="135" h="60" pX="0.518519" pY="1.75"/>
    <sprite n="Bat/Normal/Idle/Bat3" x="970" y="50" w="130" h="65" pX="0.5" pY="1.69231"/>
    <sprite n="Bat/Normal/Idle/Bat4" x="1145" y="120" w="120" h="75" pX="0.5" pY="1.53333"/>
    <sprite n="Bat/Normal/Idle/Bat5" x="2115" y="50" w="135" h="70" pX="0.518519" pY="1.42857"/>
    <sprite n="Bat/Red/Attack/Bat_RedAttack0" x="515" y="0" w="135" h="40" pX="0.518519" pY="2.5"/>
    <sprite n="Bat/Red/Attack/Bat_RedAttack1" x="650" y="0" w="125" h="40" pX="0.44" pY="2.375"/>
    <sprite n="Bat/Red/Attack/Bat_RedAttack2" x="2360" y="0" w="120" h="50" pX="0.375" pY="1.9"/>
    <sprite n="Bat/Red/Attack/Bat_RedAttack3" x="230" y="50" w="110" h="55" pX="0.318182" pY="1.81818"/>
    <sprite n="Bat/Red/Attack/Bat_RedAttack4" x="1100" y="50" w="90" h="65" pX="0.222222" pY="1.69231"/>
    <sprite n="Bat/Red/Attack/Bat_RedAttack5" x="120" y="200" w="90" h="80" pX="0.388889" pY="1.4375"/>
    <sprite n="Bat/Red/Attack/Bat_RedAttack6" x="1265" y="120" w="90" h="75" pX="0.555556" pY="1.6"/>
    <sprite n="Bat/Red/Attack/Bat_RedAttack7" x="210" y="200" w="85" h="80" pX="0.647059" pY="1.5625"/>
    <sprite n="Bat/Red/Attack/Bat_RedAttack8" x="295" y="200" w="100" h="80" pX="0.6" pY="1.5625"/>
    <sprite n="Bat/Red/Attack/Bat_RedAttack9" x="1355" y="120" w="135" h="75" pX="0.555556" pY="1.53333"/>
    <sprite n="Bat/Red/Idle/Bat_Red0" x="515" y="0" w="135" h="40" pX="0.518519" pY="2.5"/>
    <sprite n="Bat/Red/Idle/Bat_Red1" x="775" y="0" w="135" h="40" pX="0.518519" pY="2.375"/>
    <sprite n="Bat/Red/Idle/Bat_Red2" x="1190" y="50" w="135" h="65" pX="0.518519" pY="1.69231"/>
    <sprite n="Bat/Red/Idle/Bat_Red3" x="2250" y="50" w="130" h="70" pX="0.5" pY="1.64286"/>
    <sprite n="Bat/Red/Idle/Bat_Red4" x="395" y="200" w="120" h="80" pX="0.5" pY="1.5"/>
    <sprite n="Bat/Red/Idle/Bat_Red5" x="1355" y="120" w="135" h="75" pX="0.518519" pY="1.4"/>
    <sprite n="BigWhiteSkel/BigWhiteSkelAttack00" x="1550" y="1225" w="160" h="145" pX="0.523438" pY="1"/>
    <sprite n="BigWhiteSkel/BigWhiteSkelAttack01" x="1710" y="1225" w="160" h="145" pX="0.460938" pY="1"/>
    <sprite n="BigWhiteSkel/BigWhiteSkelAttack02" x="1570" y="2045" w="285" h="240" pX="0.171053" pY="1"/>
    <sprite n="BigWhiteSkel/BigWhiteSkelAttack03" x="1055" y="2045" w="265" h="235" pX="0.0518868" pY="1"/>
    <sprite n="BigWhiteSkel/BigWhiteSkelAttack04" x="0" y="2045" w="270" h="190" pX="0.0509259" pY="1"/>
    <sprite n="BigWhiteSkel/BigWhiteSkelAttack05" x="1345" y="855" w="280" h="120" pX="0.0491071" pY="1"/>
    <sprite n="BigWhiteSkel/BigWhiteSkelAttack06" x="1625" y="855" w="205" h="120" pX="0.0670732" pY="1"/>
    <sprite n="BigWhiteSkel/BigWhiteSkelAttack07" x="1050" y="1225" w="235" h="140" pX="0.101064" pY="1"/>
    <sprite n="BigWhiteSkel/BigWhiteSkelAttack08" x="1320" y="2045" w="250" h="235" pX="0.115" pY="1"/>
    <sprite n="BigWhiteSkel/BigWhiteSkelAttack09" x="455" y="2045" w="305" h="230" pX="0.258197" pY="1"/>
    <sprite n="BigWhiteSkel/BigWhiteSkelAttack10" x="760" y="2045" w="295" h="230" pX="0.283898" pY="1"/>
    <sprite n="BigWhiteSkel/BigWhiteSkelAttack11" x="1260" y="1520" w="170" h="160" pX="0.522059" pY="1"/>
    <sprite n="BigWhiteSkel/BigWhiteSkelIdle" x="1870" y="1225" w="165" h="145" pX="0.5" pY="1"/>
    <sprite n="BigWhiteSkel/BigWhiteSkelIdle0" x="2035" y="1225" w="165" h="145" pX="0.5" pY="1"/>
    <sprite n="BigWhiteSkel/BigWhiteSkelIdle1" x="885" y="1370" w="165" h="150" pX="0.5" pY="1"/>
    <sprite n="BigWhiteSkel/BigWhiteSkelIdle2" x="1050" y="1370" w="165" h="150" pX="0.5" pY="1"/>
    <sprite n="BigWhiteSkel/BigWhiteSkelIdle3" x="1215" y="1370" w="165" h="150" pX="0.5" pY="1"/>
    <sprite n="BigWhiteSkel/BigWhiteSkelIdle4" x="2200" y="1225" w="165" h="145" pX="0.5" pY="1"/>
    <sprite n="BigWhiteSkel/BigWhiteSkelMove0" x="2365" y="1225" w="165" h="145" pX="0.5" pY="1"/>
    <sprite n="BigWhiteSkel/BigWhiteSkelMove1" x="1380" y="1370" w="165" h="150" pX="0.5" pY="1"/>
    <sprite n="BigWhiteSkel/BigWhiteSkelMove2" x="1545" y="1370" w="165" h="150" pX="0.5" pY="1"/>
    <sprite n="BigWhiteSkel/BigWhiteSkelMove3" x="0" y="1370" w="165" h="145" pX="0.5" pY="1"/>
    <sprite n="BigWhiteSkel/BigWhiteSkelMove4" x="1710" y="1370" w="165" h="150" pX="0.5" pY="1"/>
    <sprite n="BigWhiteSkel/BigWhiteSkelMove5" x="1875" y="1370" w="165" h="150" pX="0.5" pY="1"/>
    <sprite n="BigWhiteSkel/BigWhiteSkelParticle" x="1250" y="540" w="115" h="100" pX="0.5" pY="0.5"/>
    <sprite n="GiantBat/GiantBat0" x="515" y="200" w="275" h="80" pX="0.509091" pY="2.3125"/>
    <sprite n="GiantBat/GiantBat1" x="2245" y="360" w="275" h="85" pX="0.509091" pY="2.17647"/>
    <sprite n="GiantBat/GiantBat2" x="1830" y="855" w="270" h="120" pX="0.518519" pY="1.75"/>
    <sprite n="GiantBat/GiantBat3" x="2240" y="1095" w="260" h="130" pX="0.5" pY="1.73077"/>
    <sprite n="GiantBat/GiantBat4" x="0" y="1520" w="230" h="155" pX="0.478261" pY="1.51613"/>
    <sprite n="GiantBat/GiantBat5" x="230" y="1520" w="220" h="155" pX="0.477273" pY="1.51613"/>
    <sprite n="GiantBat/GiantBat6" x="1285" y="1225" w="265" h="140" pX="0.509434" pY="1.46429"/>
    <sprite n="GiantBat/GiantBatAttack0" x="0" y="540" w="275" h="95" pX="0.490909" pY="2.10526"/>
    <sprite n="GiantBat/GiantBatAttack1" x="390" y="640" w="270" h="105" pX="0.462963" pY="1.85714"/>
    <sprite n="GiantBat/GiantBatAttack2" x="655" y="855" w="240" h="115" pX="0.4375" pY="1.73913"/>
    <sprite n="GiantBat/GiantBatAttack3" x="615" y="1095" w="215" h="125" pX="0.44186" pY="1.64"/>
    <sprite n="GiantBat/GiantBatAttack4" x="165" y="1370" w="165" h="145" pX="0.484848" pY="1.51724"/>
    <sprite n="GiantBat/GiantBatAttack5" x="2295" y="1520" w="150" h="170" pX="0.433333" pY="1.38235"/>
    <sprite n="GiantBat/GiantBatAttack6" x="0" y="1690" w="140" h="170" pX="0.428571" pY="1.41176"/>
    <sprite n="GiantBat/GiantBatAttack7" x="0" y="1860" w="150" h="175" pX="0.4" pY="1.37143"/>
    <sprite n="GiantBat/GiantBatAttack8" x="140" y="1690" w="190" h="170" pX="0.526316" pY="1.38235"/>
    <sprite n="GiantBat/GiantBatAttack9" x="390" y="1225" w="265" h="135" pX="0.509434" pY="1.51852"/>
    <sprite n="Lilith/LilithCatch" x="1365" y="540" w="75" h="100" pX="0.466667" pY="1"/>
    <sprite n="Lilith/LilithIdle00" x="1440" y="540" w="75" h="100" pX="0.666667" pY="1.05"/>
    <sprite n="Lilith/LilithIdle01" x="1515" y="540" w="75" h="100" pX="0.733333" pY="1"/>
    <sprite n="Lilith/LilithIdle02" x="1590" y="540" w="70" h="100" pX="0.857143" pY="1.05"/>
    <sprite n="Lilith/LilithIdle03" x="150" y="745" w="60" h="110" pX="0.833333" pY="1"/>
    <sprite n="Lilith/LilithIdle04" x="210" y="745" w="65" h="110" pX="0.692308" pY="1.04545"/>
    <sprite n="Lilith/LilithIdle05" x="1660" y="540" w="70" h="100" pX="0.642857" pY="1.15"/>
    <sprite n="Lilith/LilithIdle06" x="1730" y="540" w="90" h="100" pX="0.5" pY="1.05"/>
    <sprite n="Lilith/LilithIdle07" x="1820" y="540" w="95" h="100" pX="0.421053" pY="1"/>
    <sprite n="Lilith/LilithIdle08" x="1915" y="540" w="95" h="100" pX="0.368421" pY="1.05"/>
    <sprite n="Lilith/LilithIdle09" x="275" y="745" w="90" h="110" pX="0.277778" pY="1.04545"/>
    <sprite n="Lilith/LilithIdle10" x="365" y="745" w="95" h="110" pX="0.315789" pY="1.09091"/>
    <sprite n="Lilith/LilithIdle11" x="2010" y="540" w="100" h="100" pX="0.4" pY="1.15"/>
    <sprite n="Lilith/LilithMove0" x="2110" y="540" w="80" h="100" pX="0.5" pY="1.05"/>
    <sprite n="Lilith/LilithMove1" x="2190" y="540" w="85" h="100" pX="0.529412" pY="1"/>
    <sprite n="Lilith/LilithMove2" x="2275" y="540" w="90" h="100" pX="0.555556" pY="1.05"/>
    <sprite n="Lilith/LilithMove3" x="460" y="745" w="95" h="110" pX="0.578947" pY="1.04545"/>
    <sprite n="Lilith/LilithMove4" x="555" y="745" w="70" h="110" pX="0.428571" pY="1.09091"/>
    <sprite n="Lilith/LilithMove5" x="2365" y="540" w="75" h="100" pX="0.466667" pY="1.15"/>
    <sprite n="LittleGhost/LittleGhost0" x="0" y="445" w="80" h="85" pX="0.5" pY="1.17647"/>
    <sprite n="LittleGhost/LittleGhost1" x="80" y="445" w="80" h="85" pX="0.5" pY="1.17647"/>
    <sprite n="LittleGhost/LittleGhost2" x="790" y="200" w="80" h="80" pX="0.5" pY="1.1875"/>
    <sprite n="LittleGhost/LittleGhost3" x="870" y="200" w="80" h="80" pX="0.5" pY="1.125"/>
    <sprite n="LittleGhost/LittleGhost4" x="1715" y="445" w="75" h="90" pX="0.466667" pY="1"/>
    <sprite n="LittleGhost/LittleGhost5" x="1790" y="445" w="75" h="90" pX="0.466667" pY="1.05556"/>
    <sprite n="LittleGhost/LittleGhostAttack0" x="160" y="445" w="80" h="85" pX="0.5" pY="1.17647"/>
    <sprite n="LittleGhost/LittleGhostAttack1" x="240" y="445" w="80" h="85" pX="0.5" pY="1.17647"/>
    <sprite n="LittleGhost/LittleGhostAttack2" x="320" y="445" w="80" h="85" pX="0.5" pY="1.17647"/>
    <sprite n="Minotaurs/Attack/MinotaursAttack0" x="200" y="2290" w="170" h="250" pX="0.705882" pY="1"/>
    <sprite n="Minotaurs/Attack/MinotaursAttack1" x="370" y="2290" w="155" h="250" pX="0.741935" pY="1"/>
    <sprite n="Minotaurs/Attack/MinotaursAttack2" x="525" y="2290" w="155" h="250" pX="0.741935" pY="1"/>
    <sprite n="Minotaurs/Attack/MinotaursAttack3" x="680" y="2290" w="260" h="250" pX="0.480769" pY="1"/>
    <sprite n="Minotaurs/Attack/MinotaursAttack4" x="1855" y="2045" w="270" h="245" pX="0.481481" pY="1"/>
    <sprite n="Minotaurs/Attack/MinotaursAttack5" x="330" y="1690" w="265" h="170" pX="0.490566" pY="1"/>
    <sprite n="Minotaurs/Attack/MinotaursAttack6" x="595" y="1690" w="255" h="170" pX="0.509804" pY="1"/>
    <sprite n="Minotaurs/Charge/MinotaursCharge0" x="850" y="1690" w="240" h="170" pX="0.5625" pY="1"/>
    <sprite n="Minotaurs/Charge/MinotaursCharge1" x="1090" y="1690" w="245" h="170" pX="0.530612" pY="1"/>
    <sprite n="Minotaurs/Charge/MinotaursCharge2" x="1335" y="1690" w="245" h="170" pX="0.530612" pY="1"/>
    <sprite n="Minotaurs/Charge/MinotaursCharge3" x="1090" y="1690" w="245" h="170" pX="0.530612" pY="1"/>
    <sprite n="Minotaurs/Charge/MinotaursCharge4" x="450" y="1520" w="240" h="155" pX="0.541667" pY="1"/>
    <sprite n="Minotaurs/Charge/MinotaursCharge5" x="690" y="1520" w="200" h="155" pX="0.45" pY="1"/>
    <sprite n="Minotaurs/Charge/MinotaursCharge6" x="890" y="1520" w="200" h="155" pX="0.45" pY="1"/>
    <sprite n="Minotaurs/Charge/MinotaursCharge7" x="1580" y="1690" w="240" h="170" pX="0.5625" pY="1"/>
    <sprite n="Minotaurs/Idle/MinotaursIdle0" x="1280" y="1860" w="235" h="180" pX="0.574468" pY="1"/>
    <sprite n="Minotaurs/Idle/MinotaursIdle1" x="1515" y="1860" w="235" h="180" pX="0.574468" pY="1"/>
    <sprite n="Minotaurs/Idle/MinotaursIdle2" x="150" y="1860" w="240" h="175" pX="0.5625" pY="1"/>
    <sprite n="Minotaurs/Idle/MinotaursIdle3" x="1820" y="1690" w="250" h="170" pX="0.56" pY="1"/>
    <sprite n="Minotaurs/Idle/MinotaursIdle4" x="390" y="1860" w="240" h="175" pX="0.5625" pY="1"/>
    <sprite n="Minotaurs/Idle/MinotaursIdle5" x="630" y="1860" w="240" h="175" pX="0.5625" pY="1"/>
    <sprite n="RedGiantBat/RedGiantBat0" x="400" y="445" w="275" h="85" pX="0.509091" pY="2.23529"/>
    <sprite n="RedGiantBat/RedGiantBat1" x="675" y="445" w="275" h="85" pX="0.509091" pY="2.17647"/>
    <sprite n="RedGiantBat/RedGiantBat2" x="2100" y="855" w="270" h="120" pX="0.518519" pY="1.75"/>
    <sprite n="RedGiantBat/RedGiantBat3" x="655" y="1225" w="260" h="135" pX="0.5" pY="1.7037"/>
    <sprite n="RedGiantBat/RedGiantBat4" x="1430" y="1520" w="235" h="160" pX="0.468085" pY="1.5"/>
    <sprite n="RedGiantBat/RedGiantBat5" x="1665" y="1520" w="225" h="160" pX="0.466667" pY="1.5"/>
    <sprite n="RedGiantBat/RedGiantBat6" x="2040" y="1370" w="265" h="150" pX="0.509434" pY="1.43333"/>
    <sprite n="RedGiantBat/RedGiantBatAttack0" x="275" y="540" w="275" h="95" pX="0.490909" pY="2.10526"/>
    <sprite n="RedGiantBat/RedGiantBatAttack1" x="660" y="640" w="270" h="105" pX="0.462963" pY="1.85714"/>
    <sprite n="RedGiantBat/RedGiantBatAttack2" x="895" y="855" w="240" h="115" pX="0.4375" pY="1.73913"/>
    <sprite n="RedGiantBat/RedGiantBatAttack3" x="830" y="1095" w="215" h="125" pX="0.44186" pY="1.64"/>
    <sprite n="RedGiantBat/RedGiantBatAttack4" x="1090" y="1520" w="170" h="155" pX="0.470588" pY="1.41935"/>
    <sprite n="RedGiantBat/RedGiantBatAttack5" x="1750" y="1860" w="150" h="180" pX="0.433333" pY="1.33333"/>
    <sprite n="RedGiantBat/RedGiantBatAttack6" x="1900" y="1860" w="140" h="180" pX="0.428571" pY="1.36111"/>
    <sprite n="RedGiantBat/RedGiantBatAttack7" x="2260" y="1860" w="150" h="185" pX="0.4" pY="1.32432"/>
    <sprite n="RedGiantBat/RedGiantBatAttack8" x="870" y="1860" w="190" h="175" pX="0.526316" pY="1.37143"/>
    <sprite n="RedGiantBat/RedGiantBatAttack9" x="330" y="1370" w="265" h="145" pX="0.509434" pY="1.48276"/>
    <sprite n="Skel/Arrow00" x="1325" y="50" w="25" h="65" pX="0.5" pY="1"/>
    <sprite n="Skel/Normal/Attack/SkelCorpse" x="950" y="445" w="50" h="85" pX="0.6" pY="1"/>
    <sprite n="Skel/Normal/Idle/SkelIdle" x="950" y="445" w="50" h="85" pX="0.6" pY="1"/>
    <sprite n="Skel/Normal/Walk/SkelWalk0" x="1000" y="445" w="50" h="85" pX="0.6" pY="1"/>
    <sprite n="Skel/Normal/Walk/SkelWalk1" x="1865" y="445" w="50" h="90" pX="0.6" pY="1"/>
    <sprite n="Skel/Normal/Walk/SkelWalk2" x="1915" y="445" w="50" h="90" pX="0.6" pY="1"/>
    <sprite n="Skel/Normal/Walk/SkelWalk3" x="1050" y="445" w="50" h="85" pX="0.6" pY="1"/>
    <sprite n="Skel/Normal/Walk/SkelWalk4" x="1965" y="445" w="50" h="90" pX="0.6" pY="1"/>
    <sprite n="Skel/Normal/Walk/SkelWalk5" x="2015" y="445" w="50" h="90" pX="0.6" pY="1"/>
    <sprite n="Skel/RustyGreatSword/RustyGreatSword00" x="1045" y="1095" w="45" h="125" pX="1.27778" pY="1.72"/>
    <sprite n="Skel/RustyGreatSword/RustyGreatSword01" x="2370" y="855" w="45" h="120" pX="1.27778" pY="1.79167"/>
    <sprite n="Skel/RustyGreatSword/RustyGreatSword02" x="625" y="745" w="60" h="110" pX="1.20833" pY="2"/>
    <sprite n="Skel/RustyGreatSword/RustyGreatSword03" x="2440" y="540" w="80" h="100" pX="1.15625" pY="2.15"/>
    <sprite n="Skel/RustyGreatSword/RustyGreatSword04" x="550" y="540" w="95" h="95" pX="1.13158" pY="2.21053"/>
    <sprite n="Skel/RustyGreatSword/RustyGreatSword05" x="645" y="540" w="95" h="95" pX="1.18421" pY="2.21053"/>
    <sprite n="Skel/RustyGreatSword/RustyGreatSword06" x="2125" y="2045" w="245" h="245" pX="0.520408" pY="1"/>
    <sprite n="Skel/RustyGreatSword/RustyGreatSword07" x="0" y="2290" w="200" h="245" pX="0.3875" pY="1"/>
    <sprite n="Skel/RustyGreatSword/RustyGreatSword08" x="270" y="2045" w="185" h="225" pX="0.310811" pY="1"/>
    <sprite n="Skel/RustyGreatSword/RustyGreatSword09" x="740" y="540" w="95" h="95" pX="0.605263" pY="1.21053"/>
    <sprite n="Skel/RustyGreatSword/RustyGreatSword10" x="740" y="540" w="95" h="95" pX="0.552632" pY="1.21053"/>
    <sprite n="Skel/RustyGreatSword/RustyGreatSword11" x="2380" y="50" w="115" h="70" pX="0.456522" pY="1.64286"/>
    <sprite n="Skel/RustyGreatSword/RustyGreatSword12" x="1970" y="0" w="125" h="45" pX="0.46" pY="2.77778"/>
    <sprite n="Skel/RustyGreatSword/RustyGreatSword13" x="835" y="540" w="95" h="95" pX="0.552632" pY="1.94737"/>
    <sprite n="Skel/RustyGreatSword/RustyGreatSword14" x="2415" y="855" w="55" h="120" pX="0.863636" pY="1.75"/>
    <sprite n="Skel/RustyShortSword/RustyShortSword0" x="150" y="0" w="80" h="35" pX="0.5" pY="2.28571"/>
    <sprite n="Skel/RustyShortSword/RustyShortSword1" x="585" y="50" w="55" h="60" pX="0.636364" pY="2"/>
    <sprite n="Skel/RustyShortSword/RustyShortSword2" x="1490" y="120" w="35" h="75" pX="1.57143" pY="2"/>
    <sprite n="Skel/RustyShortSword/RustyShortSword3" x="2495" y="50" w="35" h="70" pX="1.71429" pY="2.07143"/>
    <sprite n="Skel/RustyShortSword/RustyShortSword4" x="0" y="120" w="40" h="70" pX="1.75" pY="2.07143"/>
    <sprite n="Skel/RustyShortSword/RustyShortSword5" x="40" y="120" w="45" h="70" pX="1.66667" pY="2.07143"/>
    <sprite n="Skel/RustyShortSword/RustyShortSword6" x="0" y="120" w="40" h="70" pX="1.875" pY="2.07143"/>
    <sprite n="Skel/RustyShortSword/RustyShortSword7" x="0" y="1225" w="95" h="130" pX="0.210526" pY="1.11538"/>
    <sprite n="Skel/RustyShortSword/RustyShortSword8" x="1090" y="1095" w="100" h="125" pX="0.2" pY="1.12"/>
    <sprite n="Skel/RustyShortSword/RustyShortSword9" x="2095" y="0" w="100" h="45" pX="0.2" pY="1.33333"/>
    <sprite n="Skel/RustyShortSword/RustyShortSword10" x="230" y="0" w="75" h="35" pX="0.2" pY="2"/>
    <sprite n="Skel/RustyShortSword/RustyShortSword11" x="305" y="0" w="75" h="35" pX="0.333333" pY="2.14286"/>
    <sprite n="Skel/SkelDog/Die/SkelDogDie" x="1525" y="120" w="85" h="75" pX="0.529412" pY="1"/>
    <sprite n="Skel/SkelDog/Idle/SkelDogIdle0" x="1525" y="120" w="85" h="75" pX="0.529412" pY="1"/>
    <sprite n="Skel/SkelDog/Idle/SkelDogIdle1" x="85" y="120" w="85" h="70" pX="0.529412" pY="1"/>
    <sprite n="Skel/SkelDog/Idle/SkelDogIdle2" x="1350" y="50" w="85" h="65" pX="0.529412" pY="1"/>
    <sprite n="Skel/SkelDog/Idle/SkelDogIdle3" x="1435" y="50" w="85" h="65" pX="0.529412" pY="1"/>
    <sprite n="Skel/SkelDog/Idle/SkelDogIdle4" x="170" y="120" w="85" h="70" pX="0.529412" pY="1"/>
    <sprite n="Skel/SkelDog/Run/SkelDogRun0" x="1520" y="50" w="95" h="65" pX="0.526316" pY="1.23077"/>
    <sprite n="Skel/SkelDog/Run/SkelDogRun1" x="255" y="120" w="90" h="70" pX="0.555556" pY="1.07143"/>
    <sprite n="Skel/SkelDog/Run/SkelDogRun2" x="345" y="120" w="85" h="70" pX="0.529412" pY="1"/>
    <sprite n="Skel/SkelDog/Run/SkelDogRun3" x="430" y="120" w="85" h="70" pX="0.529412" pY="1"/>
    <sprite n="Skel/SkelDog/Run/SkelDogRun4" x="1615" y="50" w="85" h="65" pX="0.529412" pY="1"/>
    <sprite n="Skel/SkelDog/Run/SkelDogRun5" x="515" y="120" w="85" h="70" pX="0.529412" pY="1"/>
    <sprite n="Skel/SkelDog/Run/SkelDogRun6" x="1610" y="120" w="85" h="75" pX="0.529412" pY="1"/>
    <sprite n="Skel/SkelHand" x="0" y="0" w="15" h="15" pX="0.5" pY="1"/>
    <sprite n="Skel/SkelMagician/SkelElecMagicianAttack00" x="0" y="975" w="175" h="120" pX="0.514286" pY="1.29167"/>
    <sprite n="Skel/SkelMagician/SkelElecMagicianAttack01" x="1190" y="1095" w="175" h="125" pX="0.514286" pY="1.32"/>
    <sprite n="Skel/SkelMagician/SkelElecMagicianAttack02" x="1365" y="1095" w="175" h="125" pX="0.514286" pY="1.36"/>
    <sprite n="Skel/SkelMagician/SkelElecMagicianAttack03" x="175" y="975" w="175" h="120" pX="0.514286" pY="1.41667"/>
    <sprite n="Skel/SkelMagician/SkelElecMagicianAttack04" x="350" y="975" w="230" h="120" pX="0.5" pY="1.41667"/>
    <sprite n="Skel/SkelMagician/SkelElecMagicianAttack05" x="580" y="975" w="225" h="120" pX="0.511111" pY="1.41667"/>
    <sprite n="Skel/SkelMagician/SkelElecMagicianAttack06" x="805" y="975" w="225" h="120" pX="0.511111" pY="1.41667"/>
    <sprite n="Skel/SkelMagician/SkelElecMagicianAttack07" x="1540" y="1095" w="225" h="125" pX="0.511111" pY="1.36"/>
    <sprite n="Skel/SkelMagician/SkelElecMagicianAttack08" x="1030" y="975" w="225" h="120" pX="0.511111" pY="1.41667"/>
    <sprite n="Skel/SkelMagician/SkelElecMagicianAttack09" x="1255" y="975" w="175" h="120" pX="0.514286" pY="1.41667"/>
    <sprite n="Skel/SkelMagician/SkelElecMagicianAttack10" x="1430" y="975" w="225" h="120" pX="0.511111" pY="1.41667"/>
    <sprite n="Skel/SkelMagician/SkelElecMagicianAttack11" x="1655" y="975" w="175" h="120" pX="0.514286" pY="1.41667"/>
    <sprite n="Skel/SkelMagician/SkelElecMagicianAttack12" x="1830" y="975" w="175" h="120" pX="0.514286" pY="1.41667"/>
    <sprite n="Skel/SkelMagician/SkelElecMagicianAttack13" x="1765" y="1095" w="175" h="125" pX="0.514286" pY="1.36"/>
    <sprite n="Skel/SkelMagician/SkelElecMagicianAttack14" x="2005" y="975" w="175" h="120" pX="0.514286" pY="1.375"/>
    <sprite n="Skel/SkelMagician/SkelElecMagicianAttack15" x="2305" y="1370" w="225" h="150" pX="0.488889" pY="1.06667"/>
    <sprite n="Skel/SkelMagician/SkelElecMagicianAttack16" x="2065" y="1520" w="230" h="165" pX="0.5" pY="1.0303"/>
    <sprite n="Skel/SkelMagician/SkelElecMagicianAttack17" x="2070" y="1690" w="215" h="170" pX="0.511628" pY="1.02941"/>
    <sprite n="Skel/SkelMagician/SkelElecMagicianAttack18" x="1060" y="1860" w="220" h="175" pX="0.522727" pY="1.02857"/>
    <sprite n="Skel/SkelMagician/SkelElecMagicianAttack19" x="1890" y="1520" w="175" h="160" pX="0.514286" pY="1.03125"/>
    <sprite n="Skel/SkelMagician/SkelElecMagicianAttack20" x="2040" y="1860" w="220" h="180" pX="0.522727" pY="1"/>
    <sprite n="Skel/SkelMagician/SkelElecMagicianAttack21" x="2285" y="1690" w="180" h="170" pX="0.527778" pY="1"/>
    <sprite n="Skel/SkelMagician/SkelElecMagicianAttack22" x="2180" y="975" w="175" h="120" pX="0.514286" pY="1.29167"/>
    <sprite n="Skel/SkelMagician/SkelElecMagicianIdle00" x="2355" y="975" w="175" h="120" pX="0.514286" pY="1.29167"/>
    <sprite n="Skel/SkelMagician/SkelElecMagicianIdle01" x="0" y="1095" w="175" h="120" pX="0.514286" pY="1.25"/>
    <sprite n="Skel/SkelMagician/SkelElecMagicianIdle02" x="175" y="1095" w="175" h="120" pX="0.514286" pY="1.25"/>
    <sprite n="Skel/SkelMagician/SkelElecMagicianIdle03" x="0" y="975" w="175" h="120" pX="0.514286" pY="1.29167"/>
    <sprite n="Skel/SkelMagician/SkelElecMagicianIdle04" x="1940" y="1095" w="175" h="125" pX="0.514286" pY="1.28"/>
    <sprite n="Skel/SkelMagician/SkelElecMagicianIdle05" x="350" y="1095" w="175" h="120" pX="0.514286" pY="1.33333"/>
    <sprite n="Skel/SkelMagician/SkelFireMagicianAttack00" x="685" y="745" w="115" h="110" pX="0.5" pY="1.09091"/>
    <sprite n="Skel/SkelMagician/SkelFireMagicianAttack01" x="800" y="745" w="115" h="110" pX="0.5" pY="1.13636"/>
    <sprite n="Skel/SkelMagician/SkelFireMagicianAttack02" x="915" y="745" w="115" h="110" pX="0.5" pY="1.13636"/>
    <sprite n="Skel/SkelMagician/SkelFireMagicianAttack03" x="1030" y="745" w="115" h="110" pX="0.5" pY="1.13636"/>
    <sprite n="Skel/SkelMagician/SkelFireMagicianAttack04" x="1145" y="745" w="115" h="110" pX="0.5" pY="1.13636"/>
    <sprite n="Skel/SkelMagician/SkelFireMagicianAttack05" x="1260" y="745" w="120" h="110" pX="0.520833" pY="1.13636"/>
    <sprite n="Skel/SkelMagician/SkelFireMagicianAttack06" x="1380" y="745" w="115" h="110" pX="0.5" pY="1.13636"/>
    <sprite n="Skel/SkelMagician/SkelFireMagicianAttack07" x="1495" y="745" w="115" h="110" pX="0.5" pY="1.13636"/>
    <sprite n="Skel/SkelMagician/SkelFireMagicianAttack08" x="1610" y="745" w="120" h="110" pX="0.520833" pY="1.13636"/>
    <sprite n="Skel/SkelMagician/SkelFireMagicianAttack09" x="1730" y="745" w="115" h="110" pX="0.5" pY="1.13636"/>
    <sprite n="Skel/SkelMagician/SkelFireMagicianAttack10" x="1845" y="745" w="115" h="110" pX="0.5" pY="1.13636"/>
    <sprite n="Skel/SkelMagician/SkelFireMagicianAttack11" x="1610" y="745" w="120" h="110" pX="0.520833" pY="1.13636"/>
    <sprite n="Skel/SkelMagician/SkelFireMagicianAttack12" x="1960" y="745" w="115" h="110" pX="0.5" pY="1.13636"/>
    <sprite n="Skel/SkelMagician/SkelFireMagicianAttack13" x="2075" y="745" w="120" h="110" pX="0.479167" pY="1.13636"/>
    <sprite n="Skel/SkelMagician/SkelFireMagicianAttack14" x="2195" y="745" w="120" h="110" pX="0.520833" pY="1.13636"/>
    <sprite n="Skel/SkelMagician/SkelFireMagicianHit00" x="1135" y="855" w="105" h="115" pX="0.547619" pY="1.08696"/>
    <sprite n="Skel/SkelMagician/SkelFireMagicianHit01" x="1240" y="855" w="105" h="115" pX="0.547619" pY="1.08696"/>
    <sprite n="Skel/SkelMagician/SkelFireMagicianIdle00" x="2315" y="745" w="115" h="110" pX="0.5" pY="1.09091"/>
    <sprite n="Skel/SkelMagician/SkelFireMagicianIdle01" x="0" y="855" w="115" h="110" pX="0.5" pY="1.04545"/>
    <sprite n="Skel/SkelMagician/SkelFireMagicianIdle02" x="115" y="855" w="115" h="110" pX="0.5" pY="1"/>
    <sprite n="Skel/SkelMagician/SkelFireMagicianIdle03" x="230" y="855" w="115" h="110" pX="0.5" pY="1"/>
    <sprite n="Skel/SkelMagician/SkelFireMagicianIdle04" x="345" y="855" w="115" h="110" pX="0.5" pY="1.04545"/>
    <sprite n="Skel/SkelMagician/SkelFireMagicianIdle05" x="460" y="855" w="115" h="110" pX="0.5" pY="1.09091"/>
    <sprite n="Skel/SkelMagician/SkelIceMagicianAttack00" x="930" y="640" w="150" h="105" pX="0.5" pY="1.19048"/>
    <sprite n="Skel/SkelMagician/SkelIceMagicianAttack01" x="1080" y="640" w="130" h="105" pX="0.5" pY="1.2381"/>
    <sprite n="Skel/SkelMagician/SkelIceMagicianAttack02" x="1210" y="640" w="100" h="105" pX="0.55" pY="1.28571"/>
    <sprite n="Skel/SkelMagician/SkelIceMagicianAttack03" x="95" y="1225" w="95" h="130" pX="0.526316" pY="1.15385"/>
    <sprite n="Skel/SkelMagician/SkelIceMagicianAttack04" x="2115" y="1095" w="125" h="125" pX="0.44" pY="1.12"/>
    <sprite n="Skel/SkelMagician/SkelIceMagicianAttack05" x="595" y="1370" w="145" h="145" pX="0.448276" pY="1.03448"/>
    <sprite n="Skel/SkelMagician/SkelIceMagicianAttack06" x="740" y="1370" w="145" h="145" pX="0.448276" pY="1.03448"/>
    <sprite n="Skel/SkelMagician/SkelIceMagicianAttack07" x="915" y="1225" w="135" h="135" pX="0.444444" pY="1.07407"/>
    <sprite n="Skel/SkelMagician/SkelIceMagicianAttack08" x="1310" y="640" w="140" h="105" pX="0.5" pY="1.2381"/>
    <sprite n="Skel/SkelMagician/SkelIceMagicianAttack09" x="1450" y="640" w="140" h="105" pX="0.5" pY="1.2381"/>
    <sprite n="Skel/SkelMagician/SkelIceMagicianAttack10" x="1590" y="640" w="150" h="105" pX="0.5" pY="1.2381"/>
    <sprite n="Skel/SkelMagician/SkelIceMagicianAttack11" x="1740" y="640" w="150" h="105" pX="0.5" pY="1.19048"/>
    <sprite n="Skel/SkelMagician/SkelIceMagicianIdle00" x="1890" y="640" w="150" h="105" pX="0.5" pY="1.14286"/>
    <sprite n="Skel/SkelMagician/SkelIceMagicianIdle01" x="2040" y="640" w="150" h="105" pX="0.5" pY="1.14286"/>
    <sprite n="Skel/SkelMagician/SkelIceMagicianIdle02" x="1590" y="640" w="150" h="105" pX="0.5" pY="1.19048"/>
    <sprite n="Skel/SkelMagician/SkelIceMagicianIdle03" x="2190" y="640" w="150" h="105" pX="0.5" pY="1.2381"/>
    <sprite n="Skel/SkelMagician/SkelIceMagicianIdle04" x="2340" y="640" w="150" h="105" pX="0.5" pY="1.2381"/>
    <sprite n="Skel/SkelMagician/SkelIceMagicianIdle05" x="0" y="745" w="150" h="105" pX="0.5" pY="1.19048"/>
    <sprite n="Skel/SkelSummon" x="2195" y="0" w="45" h="45" pX="0.388889" pY="1.55556"/>
    <sprite n="Skel/SkelWeaponLaser" x="1695" y="120" w="65" h="75" pX="0.5" pY="1.13333"/>
    <sprite n="Stele/Closed/Stele00" x="950" y="200" w="330" h="80" pX="0.5" pY="1.125"/>
    <sprite n="Stele/Closed/Stele01" x="1280" y="200" w="330" h="80" pX="0.5" pY="1.125"/>
    <sprite n="Stele/Closed/Stele02" x="2065" y="445" w="330" h="90" pX="0.5" pY="1.05556"/>
    <sprite n="Stele/Closed/Stele03" x="0" y="640" w="320" h="100" pX="0.5" pY="1"/>
    <sprite n="Stele/Closed/Stele04" x="1610" y="200" w="320" h="80" pX="0.5" pY="1.125"/>
    <sprite n="Stele/Closed/Stele05" x="1930" y="200" w="320" h="80" pX="0.5" pY="1.125"/>
    <sprite n="Stele/Closed/Stele06" x="0" y="280" w="320" h="80" pX="0.5" pY="1.125"/>
    <sprite n="Stele/Closed/Stele07" x="320" y="280" w="320" h="80" pX="0.5" pY="1.125"/>
    <sprite n="Stele/Idle/Stele08" x="640" y="280" w="320" h="80" pX="0.5" pY="1.125"/>
    <sprite n="Stele/Idle/Stele09" x="960" y="280" w="320" h="80" pX="0.5" pY="1.125"/>
    <sprite n="Stele/Idle/Stele10" x="1280" y="280" w="320" h="80" pX="0.5" pY="1.125"/>
    <sprite n="Stele/Idle/Stele11" x="1600" y="280" w="320" h="80" pX="0.5" pY="1.125"/>
    <sprite n="Stele/Idle/Stele12" x="640" y="280" w="320" h="80" pX="0.5" pY="1.125"/>
    <sprite n="Stele/Idle/Stele13" x="1920" y="280" w="320" h="80" pX="0.5" pY="1.125"/>
    <sprite n="Stele/Idle/Stele14" x="0" y="360" w="320" h="80" pX="0.5" pY="1.125"/>
    <sprite n="Stele/Idle/Stele15" x="320" y="360" w="320" h="80" pX="0.5" pY="1.125"/>
    <sprite n="Stele/Opened/Stele16" x="320" y="280" w="320" h="80" pX="0.5" pY="1.125"/>
    <sprite n="Stele/Opened/Stele17" x="640" y="360" w="320" h="80" pX="0.5" pY="1.125"/>
    <sprite n="Stele/Opened/Stele18" x="960" y="360" w="320" h="80" pX="0.5" pY="1.125"/>
    <sprite n="Stele/Opened/Stele19" x="1610" y="200" w="320" h="80" pX="0.5" pY="1.125"/>
    <sprite n="Stele/Opened/Stele20" x="1280" y="360" w="330" h="80" pX="0.5" pY="1.125"/>
    <sprite n="Stele/Opened/Stele21" x="1610" y="360" w="330" h="80" pX="0.5" pY="1.125"/>
    <sprite n="Stele/Opened/Stele22" x="1280" y="200" w="330" h="80" pX="0.5" pY="1.125"/>
    <sprite n="Stele/Opened/Stele23" x="950" y="200" w="330" h="80" pX="0.5" pY="1.125"/>
</TextureAtlas>
