<?xml version="1.0" encoding="UTF-8"?>
<!-- Created with TexturePacker https://www.codeandweb.com/texturepacker -->
<!-- $TexturePacker:SmartUpdate:1afdee1fd78fcb9465e38b8cb03683f5:900fc3da982bd2ea3f61f2726603e589:679e5cce68ddae91dbddea83427b7f7d$ -->
<!--Format:
n  => name of the sprite
x  => sprite x pos in texture
y  => sprite y pos in texture
w  => sprite width (may be trimmed)
h  => sprite height (may be trimmed)
pX => x pos of the pivot point (relative to sprite width)
pY => y pos of the pivot point (relative to sprite height)
oX => sprite's x-corner offset (only available if trimmed)
oY => sprite's y-corner offset (only available if trimmed)
oW => sprite's original width (only available if trimmed)
oH => sprite's original height (only available if trimmed)
r => 'y' only set if sprite is rotated
with polygon mode enabled:
vertices   => points in sprite coordinate system (x0,y0,x1,y1,x2,y2, ...)
verticesUV => points in sheet coordinate system (x0,y0,x1,y1,x2,y2, ...)
triangles  => sprite triangulation, 3 vertex indices per triangle
-->
<TextureAtlas imagePath="08_FX.png" width="7610" height="7380">
    <sprite n="08_FX/AbyssGuardianCrushFX/AbyssGuardianCrushFX0" x="875" y="5875" w="900" h="900" pX="0.5" pY="0.5"/>
    <sprite n="08_FX/AbyssGuardianCrushFX/AbyssGuardianCrushFX1" x="1775" y="5875" w="900" h="900" pX="0.5" pY="0.5"/>
    <sprite n="08_FX/AbyssGuardianCrushFX/AbyssGuardianCrushFX2" x="5485" y="5000" w="875" h="875" pX="0.502857" pY="0.502857"/>
    <sprite n="08_FX/AbyssGuardianCrushFX/AbyssGuardianCrushFX3" x="1385" y="5000" w="790" h="800" pX="0.525316" pY="0.5125"/>
    <sprite n="08_FX/AbyssGuardianCrushFX/AbyssGuardianCrushFX4" x="4630" y="2445" w="530" h="520" pX="0.509434" pY="0.5"/>
    <sprite n="08_FX/AbyssGuardianCrushFX/AbyssGuardianCrushFX5" x="880" y="795" w="175" h="175" pX="0.514286" pY="0.514286"/>
    <sprite n="08_FX/AbyssGuardianCrushFX/AbyssGuardianCrushFX6" x="6235" y="15" w="35" h="35" pX="0.571429" pY="0.571429"/>
    <sprite n="08_FX/ArchbishopKillerFX/ArchbishopKillerFX00" x="6005" y="1460" w="275" h="275" pX="0.5" pY="0.5"/>
    <sprite n="08_FX/ArchbishopKillerFX/ArchbishopKillerFX01" x="0" y="2045" w="315" h="315" pX="0.5" pY="0.5"/>
    <sprite n="08_FX/ArchbishopKillerFX/ArchbishopKillerFX02" x="4910" y="1735" w="305" h="305" pX="0.5" pY="0.5"/>
    <sprite n="08_FX/ArchbishopKillerFX/ArchbishopKillerFX03" x="315" y="2045" w="315" h="315" pX="0.5" pY="0.5"/>
    <sprite n="08_FX/ArchbishopKillerFX/ArchbishopKillerFX04" x="630" y="2045" w="315" h="315" pX="0.5" pY="0.5"/>
    <sprite n="08_FX/ArchbishopKillerFX/ArchbishopKillerFX05" x="2575" y="1735" w="295" h="295" pX="0.5" pY="0.5"/>
    <sprite n="08_FX/ArchbishopKillerFX/ArchbishopKillerFX06" x="2870" y="1735" w="295" h="295" pX="0.5" pY="0.5"/>
    <sprite n="08_FX/ArchbishopKillerFX/ArchbishopKillerFX07" x="5215" y="1735" w="305" h="305" pX="0.5" pY="0.5"/>
    <sprite n="08_FX/ArchbishopKillerFX/ArchbishopKillerFX08" x="4915" y="1460" w="265" h="265" pX="0.5" pY="0.5"/>
    <sprite n="08_FX/ArchbishopKillerFX/ArchbishopKillerFX09" x="565" y="1215" w="235" h="235" pX="0.5" pY="0.5"/>
    <sprite n="08_FX/ArchbishopKillerFX/ArchbishopKillerFX10" x="6185" y="1215" w="245" h="245" pX="0.5" pY="0.5"/>
    <sprite n="08_FX/ArchbishopKillerFX/ArchbishopKillerFX11" x="6430" y="1215" w="245" h="245" pX="0.5" pY="0.5"/>
    <sprite n="08_FX/ArchbishopKillerFX/ArchbishopKillerFX12" x="6675" y="1215" w="245" h="245" pX="0.5" pY="0.5"/>
    <sprite n="08_FX/ArchbishopKillerFX/ArchbishopKillerFX13" x="4705" y="340" w="135" h="135" pX="0.5" pY="0.5"/>
    <sprite n="08_FX/ArchbishopKillerFX/ArchbishopKillerFX14" x="2660" y="15" w="25" h="25" pX="0.5" pY="0.5"/>
    <sprite n="08_FX/ArrowFX/ArrowFX0" x="1480" y="475" w="95" h="140" pX="0.473684" pY="-0.339286"/>
    <sprite n="08_FX/ArrowFX/ArrowFX1" x="1845" y="985" w="125" h="200" pX="0.48" pY="0.2625"/>
    <sprite n="08_FX/ArrowFX/ArrowFX2" x="3130" y="1460" w="165" h="260" pX="0.545455" pY="0.490385"/>
    <sprite n="08_FX/ArrowFX/ArrowFX3" x="3740" y="1215" w="190" h="240" pX="0.5" pY="0.677083"/>
    <sprite n="08_FX/ArrowFX/ArrowFX4" x="6920" y="1215" w="200" h="245" pX="0.5" pY="0.683673"/>
    <sprite n="08_FX/ArrowFX/ArrowFX5" x="6420" y="475" w="10" h="150" pX="1.5" pY="1.18333"/>
    <sprite n="08_FX/BabyBatBulletFX/BabyBatBulletFX0" x="2140" y="55" w="50" h="50" pX="0.5" pY="0.5"/>
    <sprite n="08_FX/BabyBatBulletFX/BabyBatBulletFX1" x="3765" y="55" w="60" h="60" pX="0.5" pY="0.5"/>
    <sprite n="08_FX/BabyBatBulletFX/BabyBatBulletFX2" x="6970" y="55" w="70" h="70" pX="0.5" pY="0.5"/>
    <sprite n="08_FX/BabyBatBulletFX/BabyBatBulletFX3" x="3500" y="125" w="80" h="80" pX="0.5" pY="0.5"/>
    <sprite n="08_FX/BabyBatBulletFX/BabyBatBulletFX4" x="6920" y="125" w="90" h="90" pX="0.5" pY="0.5"/>
    <sprite n="08_FX/BabyBatBulletFX/BabyBatBulletFX5" x="7010" y="125" w="90" h="90" pX="0.5" pY="0.5"/>
    <sprite n="08_FX/BabyBatBulletFX/BabyBatBulletFX6" x="7100" y="125" w="90" h="90" pX="0.5" pY="0.5"/>
    <sprite n="08_FX/BerserkFX/BerserkFX0" x="3365" y="475" w="130" h="145" pX="0.423077" pY="0.482759"/>
    <sprite n="08_FX/BerserkFX/BerserkFX1" x="1575" y="475" w="120" h="140" pX="0.583333" pY="0.464286"/>
    <sprite n="08_FX/BerserkFX/BerserkFX2" x="1695" y="475" w="110" h="140" pX="0.681818" pY="0.464286"/>
    <sprite n="08_FX/BerserkFX/BerserkFX3" x="4840" y="340" w="145" h="135" pX="0.517241" pY="0.444444"/>
    <sprite n="08_FX/BerserkFX/BerserkFX4" x="1805" y="475" w="150" h="140" pX="0.5" pY="0.464286"/>
    <sprite n="08_FX/BerserkFX/BerserkFX5" x="3495" y="475" w="150" h="145" pX="0.5" pY="0.482759"/>
    <sprite n="08_FX/BerserkFX/BerserkFX6" x="3645" y="475" w="150" h="145" pX="0.5" pY="0.482759"/>
    <sprite n="08_FX/BiancaDashFX/BiancaDashFX00" x="4715" y="2045" w="165" h="360" pX="0.5" pY="0.493056"/>
    <sprite n="08_FX/BiancaDashFX/BiancaDashFX01" x="5070" y="2045" w="165" h="380" pX="0.5" pY="0.493421"/>
    <sprite n="08_FX/BiancaDashFX/BiancaDashFX02" x="6045" y="2045" w="165" h="390" pX="0.5" pY="0.49359"/>
    <sprite n="08_FX/BiancaDashFX/BiancaDashFX03" x="5235" y="2045" w="150" h="380" pX="0.45" pY="0.493421"/>
    <sprite n="08_FX/BiancaDashFX/BiancaDashFX04" x="5385" y="2045" w="105" h="380" pX="0.547619" pY="0.506579"/>
    <sprite n="08_FX/BiancaDashFX/BiancaDashFX05" x="5065" y="2045" w="5" h="370" pX="0.5" pY="0.533784"/>
    <sprite n="08_FX/BiancaDashFX/BiancaDashFX06" x="4235" y="2045" w="5" h="355" pX="0.5" pY="0.556338"/>
    <sprite n="08_FX/BiancaDashFX/BiancaDashFX07" x="1970" y="985" w="5" h="200" pX="0.5" pY="0.9875"/>
    <sprite n="08_FX/BigHammerSwingFX/BigHammerSwingFX0" x="4240" y="2045" w="290" h="355" pX="0.5" pY="0.492958"/>
    <sprite n="08_FX/BigHammerSwingFX/BigHammerSwingFX1" x="800" y="1215" w="280" h="235" pX="0.482143" pY="0.765957"/>
    <sprite n="08_FX/BigHammerSwingFX/BigHammerSwingFX2" x="5100" y="125" w="225" h="85" pX="0.355556" pY="1.47059"/>
    <sprite n="08_FX/BigHammerSwingFX/BigHammerSwingFX3" x="4991" y="0" w="65" h="15" pX="-1.23077" pY="7"/>
    <sprite n="08_FX/BlackHoleFX/BlackHallFX00" x="875" y="5875" w="900" h="900" pX="0.5" pY="0.5"/>
    <sprite n="08_FX/BlackHoleFX/BlackHallFX01" x="1775" y="5875" w="900" h="900" pX="0.5" pY="0.5"/>
    <sprite n="08_FX/BlackHoleFX/BlackHallFX02" x="6360" y="5000" w="875" h="875" pX="0.502857" pY="0.502857"/>
    <sprite n="08_FX/BlackHoleFX/BlackHallFX03" x="3755" y="5000" w="865" h="865" pX="0.50289" pY="0.50289"/>
    <sprite n="08_FX/BlackHoleFX/BlackHallFX04" x="2175" y="5000" w="790" h="800" pX="0.481013" pY="0.49375"/>
    <sprite n="08_FX/BlackHoleFX/BlackHallFX05" x="1875" y="3015" w="595" h="605" pX="0.504202" pY="0.495868"/>
    <sprite n="08_FX/BlackHoleFX/BlackHallFX06" x="3770" y="2445" w="430" h="435" pX="0.44186" pY="0.482759"/>
    <sprite n="08_FX/BlackHoleFX/BlackHallFX07" x="6235" y="15" w="35" h="35" pX="0.571429" pY="0.571429"/>
    <sprite n="08_FX/BlackHoleFX/BlackHallFX08" x="645" y="55" w="45" h="45" pX="0.555556" pY="0.555556"/>
    <sprite n="08_FX/BlackHoleFX/BlackHallFX09" x="945" y="2045" w="315" h="315" pX="0.507937" pY="0.507937"/>
    <sprite n="08_FX/BlackHoleFX/BlackHallFX10" x="1775" y="5875" w="900" h="900" pX="0.5" pY="0.5"/>
    <sprite n="08_FX/BlackHoleFX/BlackHallFX11" x="0" y="5875" w="875" h="875" pX="0.502857" pY="0.502857"/>
    <sprite n="08_FX/BlackHoleFX/BlackHallFX12" x="4620" y="5000" w="865" h="865" pX="0.50289" pY="0.50289"/>
    <sprite n="08_FX/BlackHoleFX/BlackHallFX13" x="2965" y="5000" w="790" h="800" pX="0.525316" pY="0.5125"/>
    <sprite n="08_FX/BlackHoleFX/BlackHallFX14" x="2470" y="3015" w="595" h="605" pX="0.504202" pY="0.512397"/>
    <sprite n="08_FX/BlackHoleFX/BlackHallFX15" x="4200" y="2445" w="430" h="435" pX="0.569767" pY="0.528736"/>
    <sprite n="08_FX/BlackHoleFX/BlackHallFX16" x="6235" y="15" w="35" h="35" pX="0.571429" pY="0.571429"/>
    <sprite n="08_FX/BlackHoleFX/BlackHallFX17" x="645" y="55" w="45" h="45" pX="0.555556" pY="0.555556"/>
    <sprite n="08_FX/BlackHoleFX/BlackHallFX18" x="945" y="2045" w="315" h="315" pX="0.507937" pY="0.507937"/>
    <sprite n="08_FX/BlackHoleFX/BlackHallFX19" x="1080" y="1215" w="235" h="235" pX="0.510638" pY="0.510638"/>
    <sprite n="08_FX/BlackHoleFX/BlackHallFX20" x="5210" y="625" w="165" h="165" pX="0.515152" pY="0.515152"/>
    <sprite n="08_FX/BlackHoleFX/BlackHallFX21" x="5165" y="55" w="65" h="65" pX="0.538462" pY="0.538462"/>
    <sprite n="08_FX/BlackHoleFX/BlackHallFX22" x="690" y="55" w="45" h="45" pX="0.555556" pY="0.555556"/>
    <sprite n="08_FX/BlackHoleFX/BlackHallFX23" x="6270" y="15" w="35" h="35" pX="0.571429" pY="0.571429"/>
    <sprite n="08_FX/BlackHoleFX/BlackHallFX24" x="2685" y="15" w="25" h="25" pX="0.6" pY="0.6"/>
    <sprite n="08_FX/BlackHoleFX/BlackHallFX25" x="5056" y="0" w="15" h="15" pX="0.666667" pY="0.666667"/>
    <sprite n="08_FX/BlackHoleFX/BlackHallFX26" x="1" y="0" w="5" h="5" pX="1" pY="1"/>
    <sprite n="08_FX/BloodLaserFX/BloodLaserFX00" x="3580" y="125" w="45" h="80" pX="0.5" pY="0.5"/>
    <sprite n="08_FX/BloodLaserFX/BloodLaserFX01" x="3625" y="125" w="85" h="80" pX="0.5" pY="0.5"/>
    <sprite n="08_FX/BloodLaserFX/BloodLaserFX02" x="3710" y="125" w="85" h="80" pX="0.5" pY="0.5"/>
    <sprite n="08_FX/BloodLaserFX/BloodLaserFX03" x="3795" y="125" w="75" h="80" pX="0.5" pY="0.5"/>
    <sprite n="08_FX/BloodLaserFX/BloodLaserFX04" x="3870" y="125" w="75" h="80" pX="0.5" pY="0.5"/>
    <sprite n="08_FX/BloodLaserFX/BloodLaserFX05" x="3945" y="125" w="75" h="80" pX="0.5" pY="0.5"/>
    <sprite n="08_FX/BloodLaserFX/BloodLaserFX06" x="4020" y="125" w="75" h="80" pX="0.5" pY="0.5"/>
    <sprite n="08_FX/BloodLaserFX/BloodLaserFX07" x="4095" y="125" w="65" h="80" pX="0.5" pY="0.5"/>
    <sprite n="08_FX/BloodLaserFX/BloodLaserFX08" x="4160" y="125" w="55" h="80" pX="0.5" pY="0.5"/>
    <sprite n="08_FX/BloodLaserFX/BloodLaserFX09" x="4215" y="125" w="35" h="80" pX="0.5" pY="0.5"/>
    <sprite n="08_FX/BloodLaserFX/BloodLaserFX10" x="4250" y="125" w="25" h="80" pX="0.5" pY="0.5"/>
    <sprite n="08_FX/BloodLaserFX/BloodLaserFX11" x="4275" y="125" w="15" h="80" pX="0.5" pY="0.5"/>
    <sprite n="08_FX/BloodLaserFX/BloodLaserFX12" x="4290" y="125" w="5" h="80" pX="0.5" pY="0.5"/>
    <sprite n="08_FX/BloodLaserFX/BloodLaserFX13" x="3100" y="55" w="5" h="55" pX="0.5" pY="0.727273"/>
    <sprite n="08_FX/BloodLaserHitFX/BloodLaserHitFX00" x="7140" y="15" w="75" h="40" pX="0.5" pY="0.4375"/>
    <sprite n="08_FX/BloodLaserHitFX/BloodLaserHitFX01" x="3105" y="55" w="105" h="55" pX="0.5" pY="0.5"/>
    <sprite n="08_FX/BloodLaserHitFX/BloodLaserHitFX02" x="3825" y="55" w="95" h="60" pX="0.5" pY="0.458333"/>
    <sprite n="08_FX/BloodLaserHitFX/BloodLaserHitFX03" x="5325" y="125" w="135" h="85" pX="0.5" pY="0.5"/>
    <sprite n="08_FX/BloodLaserHitFX/BloodLaserHitFX04" x="7040" y="55" w="135" h="70" pX="0.5" pY="0.535714"/>
    <sprite n="08_FX/BloodLaserHitFX/BloodLaserHitFX05" x="5230" y="55" w="135" h="65" pX="0.5" pY="0.576923"/>
    <sprite n="08_FX/BloodLaserHitFX/BloodLaserHitFX06" x="1390" y="125" w="135" h="75" pX="0.5" pY="0.566667"/>
    <sprite n="08_FX/BloodLaserHitFX/BloodLaserHitFX07" x="735" y="55" w="105" h="45" pX="0.5" pY="0.388889"/>
    <sprite n="08_FX/BloodLaserHitFX/BloodLaserHitFX08" x="7215" y="15" w="75" h="40" pX="0.5" pY="0.4375"/>
    <sprite n="08_FX/BloodLaserHitFX/BloodLaserHitFX09" x="6305" y="15" w="65" h="35" pX="0.5" pY="0.357143"/>
    <sprite n="08_FX/BloodLaserHitFX/BloodLaserHitFX10" x="860" y="15" w="35" h="20" pX="0.5" pY="0.125"/>
    <sprite n="08_FX/BloodLaserHitFX/BloodLaserHitFX11" x="5071" y="0" w="25" h="15" pX="0.5" pY="0.166667"/>
    <sprite n="08_FX/BloodLaserHitFX/BloodLaserHitFX12" x="6" y="0" w="15" h="5" pX="0.5" pY="-0.5"/>
    <sprite n="08_FX/BloodLaserHitFX/BloodLaserHitFX13" x="21" y="0" w="5" h="5" pX="0.5" pY="-0.5"/>
    <sprite n="08_FX/BloodLaserShootFX/BloodLaserShootFX00" x="3210" y="55" w="55" h="55" pX="0.5" pY="0.5"/>
    <sprite n="08_FX/BloodLaserShootFX/BloodLaserShootFX01" x="2810" y="215" w="105" h="105" pX="0.5" pY="0.5"/>
    <sprite n="08_FX/BloodLaserShootFX/BloodLaserShootFX02" x="330" y="215" w="95" h="95" pX="0.5" pY="0.5"/>
    <sprite n="08_FX/BloodLaserShootFX/BloodLaserShootFX03" x="5460" y="125" w="85" h="85" pX="0.5" pY="0.5"/>
    <sprite n="08_FX/BloodLaserShootFX/BloodLaserShootFX04" x="1525" y="125" w="75" h="75" pX="0.5" pY="0.5"/>
    <sprite n="08_FX/BloodLaserShootFX/BloodLaserShootFX05" x="5460" y="125" w="85" h="85" pX="0.5" pY="0.5"/>
    <sprite n="08_FX/BloodLaserShootFX/BloodLaserShootFX06" x="330" y="215" w="95" h="95" pX="0.5" pY="0.5"/>
    <sprite n="08_FX/BloodLaserShootFX/BloodLaserShootFX07" x="1525" y="125" w="75" h="75" pX="0.5" pY="0.5"/>
    <sprite n="08_FX/BloodLaserShootFX/BloodLaserShootFX08" x="3210" y="55" w="55" h="55" pX="0.5" pY="0.5"/>
    <sprite n="08_FX/BloodLaserShootFX/BloodLaserShootFX09" x="840" y="55" w="45" h="45" pX="0.5" pY="0.5"/>
    <sprite n="08_FX/BloodLaserShootFX/BloodLaserShootFX10" x="6370" y="15" w="35" h="35" pX="0.5" pY="0.5"/>
    <sprite n="08_FX/BloodLaserShootFX/BloodLaserShootFX11" x="2710" y="15" w="25" h="25" pX="0.5" pY="0.5"/>
    <sprite n="08_FX/BloodLaserShootFX/BloodLaserShootFX12" x="5096" y="0" w="15" h="15" pX="0.5" pY="0.5"/>
    <sprite n="08_FX/BloodLaserShootFX/BloodLaserShootFX13" x="21" y="0" w="5" h="5" pX="0.5" pY="0.5"/>
    <sprite n="08_FX/BossBulletFX/BossBulletFX000" x="3795" y="475" w="145" h="145" pX="0.5" pY="0.5"/>
    <sprite n="08_FX/BossBulletFX/BossBulletFX001" x="3940" y="475" w="145" h="145" pX="0.5" pY="0.5"/>
    <sprite n="08_FX/BossBulletFX/BossBulletFX002" x="1315" y="625" w="155" h="155" pX="0.5" pY="0.5"/>
    <sprite n="08_FX/BossBulletFX/BossBulletFX003" x="1470" y="625" w="155" h="155" pX="0.5" pY="0.5"/>
    <sprite n="08_FX/BossBulletFX/BossBulletFX004" x="6815" y="215" w="125" h="125" pX="0.5" pY="0.5"/>
    <sprite n="08_FX/BossBulletFX/BossBulletFX005" x="3830" y="215" w="40" h="110" pX="0.4375" pY="0.431818"/>
    <sprite n="08_FX/BossBulletFX/BossBulletFX006" x="895" y="15" w="15" h="20" pX="0.5" pY="0.625"/>
    <sprite n="08_FX/BossBulletFX/BossBulletFX007" x="1" y="0" w="5" h="5" pX="0.5" pY="0.5"/>
    <sprite n="08_FX/BulletFX/BulletFX0010" x="6405" y="15" w="35" h="35" pX="0.5" pY="1"/>
    <sprite n="08_FX/BulletFX/BulletFX0011" x="2190" y="55" w="55" h="50" pX="0.5" pY="0.7"/>
    <sprite n="08_FX/BulletFX/BulletFX0012" x="3265" y="55" w="65" h="55" pX="0.5" pY="0.545455"/>
    <sprite n="08_FX/BulletFX/BulletFX0013" x="7290" y="15" w="65" h="40" pX="0.5" pY="0.125"/>
    <sprite n="08_FX/BulletFX/BulletFX0014" x="2735" y="15" w="65" h="25" pX="0.5" pY="-0.4"/>
    <sprite n="08_FX/BulletFX/BulletFX0015" x="26" y="0" w="5" h="5" pX="0.5" pY="-6"/>
    <sprite n="08_FX/BulletFX/BulletFX0020" x="6440" y="15" w="35" h="35" pX="0.5" pY="1"/>
    <sprite n="08_FX/BulletFX/BulletFX0021" x="885" y="55" w="45" h="45" pX="0.5" pY="0.666667"/>
    <sprite n="08_FX/BulletFX/BulletFX0022" x="2245" y="55" w="55" h="50" pX="0.5" pY="0.6"/>
    <sprite n="08_FX/BulletFX/BulletFX0023" x="930" y="55" w="65" h="45" pX="0.5" pY="0.444444"/>
    <sprite n="08_FX/BulletFX/BulletFX0024" x="7355" y="15" w="65" h="40" pX="0.5" pY="0.25"/>
    <sprite n="08_FX/BulletFX/BulletFX0025" x="6475" y="15" w="65" h="35" pX="0.5" pY="0.142857"/>
    <sprite n="08_FX/BulletFX/BulletFX0100" x="4085" y="475" w="145" h="145" pX="0.534483" pY="0.431034"/>
    <sprite n="08_FX/BulletFX/BulletFX0101" x="1625" y="625" w="160" h="155" pX="0.515625" pY="0.467742"/>
    <sprite n="08_FX/BulletFX/BulletFX0102" x="6215" y="625" w="195" h="170" pX="0.525641" pY="0.485294"/>
    <sprite n="08_FX/BulletFX/BulletFX0103" x="2710" y="795" w="205" h="180" pX="0.52439" pY="0.486111"/>
    <sprite n="08_FX/BulletFX/BulletFX0104" x="6410" y="625" w="190" h="170" pX="0.513158" pY="0.544118"/>
    <sprite n="08_FX/BulletFX/BulletFX0105" x="4230" y="475" w="185" h="145" pX="0.5" pY="0.706897"/>
    <sprite n="08_FX/BulletFX/BulletFX0106" x="7175" y="55" w="150" h="70" pX="0.483333" pY="1.46429"/>
    <sprite n="08_FX/BulletFX/BulletFX1100" x="2800" y="15" w="30" h="25" pX="0.5" pY="1.1"/>
    <sprite n="08_FX/BulletFX/BulletFX1101" x="5395" y="15" w="40" h="30" pX="0.5" pY="0.75"/>
    <sprite n="08_FX/BulletFX/BulletFX1102" x="6540" y="15" w="40" h="35" pX="0.5" pY="0.5"/>
    <sprite n="08_FX/BulletFX/BulletFX1103" x="5435" y="15" w="40" h="30" pX="0.5" pY="0.25"/>
    <sprite n="08_FX/BulletFX/BulletFX1104" x="2830" y="15" w="30" h="25" pX="0.5" pY="-0.1"/>
    <sprite n="08_FX/BulletFX/BulletFX1105" x="31" y="0" w="10" h="5" pX="0.5" pY="-4.5"/>
    <sprite n="08_FX/BurnFX/BurnFX0" x="910" y="15" w="15" h="20" pX="0.5" pY="-0.625"/>
    <sprite n="08_FX/BurnFX/BurnFX1" x="6580" y="15" w="25" h="35" pX="0.5" pY="0.214286"/>
    <sprite n="08_FX/BurnFX/BurnFX2" x="7420" y="15" w="25" h="40" pX="0.5" pY="0.4375"/>
    <sprite n="08_FX/BurnFX/BurnFX3" x="2860" y="15" w="25" h="25" pX="0.5" pY="0.9"/>
    <sprite n="08_FX/BurnFX/BurnFX4" x="925" y="15" w="25" h="20" pX="0.5" pY="1.375"/>
    <sprite n="08_FX/BurnFX/BurnFX5" x="4661" y="0" w="25" h="10" pX="0.5" pY="3.25"/>
    <sprite n="08_FX/ButterFlyStabFX/ButterFlyStabFX0" x="4295" y="125" w="25" h="80" pX="0.5" pY="0.34375"/>
    <sprite n="08_FX/ButterFlyStabFX/ButterFlyStabFX1" x="3920" y="55" w="25" h="60" pX="0.5" pY="0.708333"/>
    <sprite n="08_FX/ButterFlyStabFX/ButterFlyStabFX2" x="995" y="55" w="25" h="45" pX="0.5" pY="1.05556"/>
    <sprite n="08_FX/ButterFlyStabFX/ButterFlyStabFX3" x="7445" y="15" w="25" h="40" pX="0.5" pY="1.3125"/>
    <sprite n="08_FX/ButterFlyStabFX/ButterFlyStabFX4" x="4686" y="0" w="10" h="10" pX="1.25" pY="5.25"/>
    <sprite n="08_FX/ChainDemonFX/ChainDemonFX0" x="1020" y="55" w="45" h="45" pX="0.5" pY="0.444444"/>
    <sprite n="08_FX/ChainDemonFX/ChainDemonFX1" x="5545" y="125" w="85" h="85" pX="0.5" pY="0.470588"/>
    <sprite n="08_FX/ChainDemonFX/ChainDemonFX2" x="425" y="215" w="95" h="95" pX="0.5" pY="0.473684"/>
    <sprite n="08_FX/ChainDemonFX/ChainDemonFX3" x="520" y="215" w="95" h="95" pX="0.5" pY="0.473684"/>
    <sprite n="08_FX/ChainDemonFX/ChainDemonFX4" x="1775" y="215" w="105" h="100" pX="0.5" pY="0.5"/>
    <sprite n="08_FX/ChainDemonFX/ChainDemonFX5" x="1880" y="215" w="105" h="100" pX="0.5" pY="0.5"/>
    <sprite n="08_FX/ChainDemonFX/ChainDemonFX6" x="615" y="215" w="100" h="95" pX="0.475" pY="0.526316"/>
    <sprite n="08_FX/CosmosAurorFX/CosmosAuror00" x="1785" y="625" w="295" h="155" pX="0.5" pY="0.532258"/>
    <sprite n="08_FX/CosmosAurorFX/CosmosAuror01" x="3450" y="625" w="295" h="160" pX="0.5" pY="0.515625"/>
    <sprite n="08_FX/CosmosAurorFX/CosmosAuror02" x="3745" y="625" w="295" h="160" pX="0.5" pY="0.515625"/>
    <sprite n="08_FX/CosmosAurorFX/CosmosAuror03" x="4040" y="625" w="295" h="160" pX="0.5" pY="0.484375"/>
    <sprite n="08_FX/CosmosAurorFX/CosmosAuror04" x="1955" y="475" w="290" h="140" pX="0.508621" pY="0.553571"/>
    <sprite n="08_FX/CosmosImpactFX/CosmosImpact00" x="605" y="985" w="195" h="195" pX="0.5" pY="0.5"/>
    <sprite n="08_FX/CosmosImpactFX/CosmosImpact01" x="1315" y="1215" w="235" h="235" pX="0.5" pY="0.5"/>
    <sprite n="08_FX/CosmosImpactFX/CosmosImpact02" x="7120" y="1215" w="245" h="245" pX="0.5" pY="0.5"/>
    <sprite n="08_FX/CosmosImpactFX/CosmosImpact03" x="7365" y="1215" w="245" h="245" pX="0.5" pY="0.5"/>
    <sprite n="08_FX/CosmosImpactFX/CosmosImpact04" x="1550" y="1215" w="235" h="235" pX="0.5" pY="0.5"/>
    <sprite n="08_FX/CosmosImpactFX/CosmosImpact05" x="1785" y="1215" w="235" h="235" pX="0.5" pY="0.5"/>
    <sprite n="08_FX/CosmosImpactFX/CosmosImpact06" x="5220" y="985" w="225" h="225" pX="0.5" pY="0.5"/>
    <sprite n="08_FX/CosmosImpactFX/CosmosImpact07" x="4295" y="985" w="225" h="215" pX="0.5" pY="0.5"/>
    <sprite n="08_FX/CosmosImpactFX/CosmosImpact08" x="4520" y="985" w="220" h="215" pX="0.488636" pY="0.5"/>
    <sprite n="08_FX/CosmosImpactFX/CosmosImpact09" x="5365" y="55" w="65" h="65" pX="0.653846" pY="0.423077"/>
    <sprite n="08_FX/CosmosImpactFX/CosmosImpact10" x="4320" y="125" w="85" h="80" pX="0.558824" pY="0.53125"/>
    <sprite n="08_FX/CosmosImpactFX/CosmosImpact11" x="1600" y="125" w="90" h="75" pX="0.527778" pY="0.566667"/>
    <sprite n="08_FX/CosmosImpactFX/CosmosImpact12" x="7325" y="55" w="75" h="70" pX="0.366667" pY="0.607143"/>
    <sprite n="08_FX/CosmosImpactFX/CosmosImpact13" x="1690" y="125" w="85" h="75" pX="0.441176" pY="0.5"/>
    <sprite n="08_FX/CosmosImpactFX/CosmosImpact14" x="5365" y="55" w="65" h="65" pX="0.653846" pY="0.423077"/>
    <sprite n="08_FX/CosmosImpactFX/CosmosImpact15" x="4320" y="125" w="85" h="80" pX="0.558824" pY="0.53125"/>
    <sprite n="08_FX/CosmosImpactFX/CosmosImpact16" x="1600" y="125" w="90" h="75" pX="0.527778" pY="0.566667"/>
    <sprite n="08_FX/CosmosImpactFX/CosmosImpact17" x="7325" y="55" w="75" h="70" pX="0.366667" pY="0.607143"/>
    <sprite n="08_FX/CosmosImpactFX/CosmosImpact18" x="5430" y="55" w="70" h="65" pX="0.321429" pY="0.576923"/>
    <sprite n="08_FX/CosmosImpactFX/CosmosImpact19" x="1065" y="55" w="40" h="45" pX="0.4375" pY="0.277778"/>
    <sprite n="08_FX/CosmosImpactFX/CosmosImpact20" x="7470" y="15" w="15" h="40" pX="0.5" pY="0.1875"/>
    <sprite n="08_FX/CosmosSlashFX/CosmosSlashFX0" x="2885" y="15" w="70" h="25" pX="0.5" pY="0.5"/>
    <sprite n="08_FX/CosmosSlashFX/CosmosSlashFX1" x="2955" y="15" w="175" h="25" pX="0.485714" pY="0.5"/>
    <sprite n="08_FX/CosmosSlashFX/CosmosSlashFX2" x="3130" y="15" w="200" h="25" pX="0.5" pY="0.5"/>
    <sprite n="08_FX/CosmosSlashFX/CosmosSlashFX3" x="5111" y="0" w="210" h="15" pX="0.5" pY="0.5"/>
    <sprite n="08_FX/CosmosSlashFX/CosmosSlashFX4" x="5321" y="0" w="220" h="15" pX="0.5" pY="0.5"/>
    <sprite n="08_FX/CosmosSlashFX/CosmosSlashFX5" x="41" y="0" w="230" h="5" pX="0.5" pY="0.5"/>
    <sprite n="08_FX/CosmosSlashFX/CosmosSlashFX6" x="271" y="0" w="230" h="5" pX="0.5" pY="0.5"/>
    <sprite n="08_FX/CosmosSwingFX/CosmosSwingFX00" x="2020" y="1215" w="300" h="235" pX="0.5" pY="0.5"/>
    <sprite n="08_FX/CosmosSwingFX/CosmosSwingFX01" x="4310" y="795" w="290" h="185" pX="0.5" pY="0.608108"/>
    <sprite n="08_FX/CosmosSwingFX/CosmosSwingFX02" x="6600" y="625" w="285" h="170" pX="0.491228" pY="0.632353"/>
    <sprite n="08_FX/CosmosSwingFX/CosmosSwingFX03" x="4335" y="625" w="280" h="160" pX="0.482143" pY="0.671875"/>
    <sprite n="08_FX/CosmosSwingFX/CosmosSwingFX04" x="1075" y="340" w="255" h="130" pX="0.529412" pY="0.826923"/>
    <sprite n="08_FX/CosmosSwingFX/CosmosSwingFX05" x="1330" y="340" w="240" h="130" pX="0.520833" pY="0.826923"/>
    <sprite n="08_FX/CosmosSwingFX/CosmosSwingFX06" x="3330" y="15" w="85" h="25" pX="0.588235" pY="3.7"/>
    <sprite n="08_FX/CosmosSwingFX/CosmosSwingFX07" x="501" y="0" w="5" h="5" pX="9" pY="15.5"/>
    <sprite n="08_FX/CrecentBulletFX/CrecentBulletFX0" x="1775" y="125" w="75" h="75" pX="0.5" pY="0.5"/>
    <sprite n="08_FX/CrecentBulletFX/CrecentBulletFX1" x="5630" y="125" w="85" h="85" pX="0.5" pY="0.5"/>
    <sprite n="08_FX/CrecentBulletFX/CrecentBulletFX2" x="4405" y="125" w="75" h="80" pX="0.5" pY="0.53125"/>
    <sprite n="08_FX/CrecentBulletFX/CrecentBulletFX3" x="1850" y="125" w="70" h="75" pX="0.464286" pY="0.566667"/>
    <sprite n="08_FX/CrecentBulletFX/CrecentBulletFX4" x="1920" y="125" w="75" h="75" pX="0.566667" pY="0.5"/>
    <sprite n="08_FX/CrecentBulletFX/CrecentBulletFX5" x="5500" y="55" w="75" h="65" pX="0.5" pY="0.5"/>
    <sprite n="08_FX/CrecentBulletFX/CrecentBulletFX6" x="3945" y="55" w="65" h="60" pX="0.5" pY="0.541667"/>
    <sprite n="08_FX/CrecentBulletFX/CrecentBulletFX7" x="5475" y="15" w="40" h="30" pX="0.8125" pY="0.25"/>
    <sprite n="08_FX/CrystalExplosionFX/CrystalExplosionFX00" x="2300" y="55" w="75" h="50" pX="0.533333" pY="0.3"/>
    <sprite n="08_FX/CrystalExplosionFX/CrystalExplosionFX01" x="2375" y="55" w="75" h="50" pX="0.533333" pY="0.3"/>
    <sprite n="08_FX/CrystalExplosionFX/CrystalExplosionFX02" x="1995" y="125" w="75" h="75" pX="0.533333" pY="0.533333"/>
    <sprite n="08_FX/CrystalExplosionFX/CrystalExplosionFX03" x="2070" y="125" w="80" h="75" pX="0.5" pY="0.533333"/>
    <sprite n="08_FX/CrystalExplosionFX/CrystalExplosionFX04" x="4480" y="125" w="75" h="80" pX="0.533333" pY="0.5625"/>
    <sprite n="08_FX/CrystalExplosionFX/CrystalExplosionFX05" x="4555" y="125" w="75" h="80" pX="0.533333" pY="0.5625"/>
    <sprite n="08_FX/CrystalExplosionFX/CrystalExplosionFX06" x="7190" y="125" w="75" h="90" pX="0.533333" pY="0.5"/>
    <sprite n="08_FX/CrystalExplosionFX/CrystalExplosionFX07" x="715" y="215" w="75" h="95" pX="0.533333" pY="0.473684"/>
    <sprite n="08_FX/CrystalExplosionFX/CrystalExplosionFX08" x="790" y="215" w="75" h="95" pX="0.533333" pY="0.473684"/>
    <sprite n="08_FX/CrystalExplosionFX/CrystalExplosionFX09" x="4630" y="125" w="75" h="80" pX="0.533333" pY="0.5625"/>
    <sprite n="08_FX/CrystalExplosionFX/CrystalExplosionFX10" x="4705" y="125" w="75" h="80" pX="0.533333" pY="0.5625"/>
    <sprite n="08_FX/CrystalExplosionFX/CrystalExplosionFX11" x="4780" y="125" w="75" h="80" pX="0.533333" pY="0.5625"/>
    <sprite n="08_FX/CrystalExplosionFX/CrystalExplosionFX12" x="4855" y="125" w="75" h="80" pX="0.533333" pY="0.5625"/>
    <sprite n="08_FX/CrystalExplosionFX/CrystalExplosionFX13" x="2915" y="795" w="180" h="180" pX="0.5" pY="0.5"/>
    <sprite n="08_FX/CrystalExplosionFX/CrystalExplosionFX14" x="3795" y="985" w="210" h="210" pX="0.5" pY="0.5"/>
    <sprite n="08_FX/CrystalExplosionFX/CrystalExplosionFX15" x="1975" y="985" w="240" h="200" pX="0.5" pY="0.475"/>
    <sprite n="08_FX/CrystalExplosionFX/CrystalExplosionFX16" x="3930" y="1215" w="255" h="240" pX="0.490196" pY="0.5"/>
    <sprite n="08_FX/CrystalExplosionFX/CrystalExplosionFX17" x="790" y="1460" w="250" h="250" pX="0.5" pY="0.5"/>
    <sprite n="08_FX/CrystalExplosionFX/CrystalExplosionFX18" x="1040" y="1460" w="250" h="250" pX="0.5" pY="0.5"/>
    <sprite n="08_FX/CrystalExplosionFX/CrystalExplosionFX19" x="3295" y="1460" w="260" h="260" pX="0.5" pY="0.5"/>
    <sprite n="08_FX/CrystalExplosionFX/CrystalExplosionFX20" x="3555" y="1460" w="260" h="260" pX="0.5" pY="0.5"/>
    <sprite n="08_FX/CrystalExplosionFX/CrystalExplosionFX21" x="3815" y="1460" w="260" h="260" pX="0.5" pY="0.5"/>
    <sprite n="08_FX/CrystalExplosionFX/CrystalExplosionFX22" x="4075" y="1460" w="260" h="260" pX="0.5" pY="0.5"/>
    <sprite n="08_FX/CrystalExplosionFX/CrystalExplosionFX23" x="4185" y="1215" w="220" h="240" pX="0.590909" pY="0.541667"/>
    <sprite n="08_FX/CrystalExplosionFX/CrystalExplosionFX24" x="5765" y="795" w="220" h="190" pX="0.590909" pY="0.684211"/>
    <sprite n="08_FX/DaggerSlashFX/DaggerSlashFX0" x="3415" y="15" w="45" h="25" pX="0.5" pY="0.5"/>
    <sprite n="08_FX/DaggerSlashFX/DaggerSlashFX1" x="3330" y="55" w="115" h="55" pX="0.5" pY="0.5"/>
    <sprite n="08_FX/DaggerSlashFX/DaggerSlashFX2" x="5575" y="55" w="125" h="65" pX="0.5" pY="0.5"/>
    <sprite n="08_FX/DaggerSlashFX/DaggerSlashFX3" x="2150" y="125" w="135" h="75" pX="0.5" pY="0.5"/>
    <sprite n="08_FX/DaggerSwingFX/DaggerSwingFX00" x="5700" y="55" w="100" h="65" pX="0.5" pY="0.461538"/>
    <sprite n="08_FX/DaggerSwingFX/DaggerSwingFX01" x="6605" y="15" w="90" h="35" pX="0.5" pY="1"/>
    <sprite n="08_FX/DaggerSwingFX/DaggerSwingFX02" x="4696" y="0" w="30" h="10" pX="0.5" pY="3.5"/>
    <sprite n="08_FX/DeathSwingFX/DeathSwingFX00" x="1290" y="1460" w="350" h="250" pX="0.5" pY="0.49"/>
    <sprite n="08_FX/DeathSwingFX/DeathSwingFX01" x="5985" y="795" w="350" h="190" pX="0.5" pY="0.671053"/>
    <sprite n="08_FX/DeathSwingFX/DeathSwingFX02" x="4600" y="795" w="350" h="185" pX="0.5" pY="0.689189"/>
    <sprite n="08_FX/DeathSwingFX/DeathSwingFX03" x="4965" y="215" w="350" h="120" pX="0.5" pY="1.0625"/>
    <sprite n="08_FX/DemonBerserkFX/DemonBerserkFX0" x="2215" y="985" w="200" h="200" pX="0.5" pY="0.5"/>
    <sprite n="08_FX/DemonBerserkFX/DemonBerserkFX1" x="2415" y="985" w="200" h="200" pX="0.5" pY="0.5"/>
    <sprite n="08_FX/DemonBerserkFX/DemonBerserkFX2" x="800" y="985" w="200" h="195" pX="0.5" pY="0.487179"/>
    <sprite n="08_FX/DemonBerserkFX/DemonBerserkFX3" x="1000" y="985" w="200" h="195" pX="0.5" pY="0.487179"/>
    <sprite n="08_FX/DemonBerserkFX/DemonBerserkFX4" x="4950" y="795" w="200" h="185" pX="0.5" pY="0.486486"/>
    <sprite n="08_FX/DemonBerserkFX/DemonBerserkFX5" x="6335" y="795" w="200" h="190" pX="0.5" pY="0.5"/>
    <sprite n="08_FX/DemonBerserkFX/DemonBerserkFX6" x="1200" y="985" w="195" h="195" pX="0.487179" pY="0.512821"/>
    <sprite n="08_FX/DemonBladeFragmentShootFX/DemonBladeFragmentShootFX00" x="950" y="15" w="75" h="20" pX="0.5" pY="0.5"/>
    <sprite n="08_FX/DemonBladeFragmentShootFX/DemonBladeFragmentShootFX01" x="1025" y="15" w="100" h="20" pX="0.475" pY="0.5"/>
    <sprite n="08_FX/DemonBladeFragmentShootFX/DemonBladeFragmentShootFX02" x="1125" y="15" w="110" h="20" pX="0.477273" pY="0.5"/>
    <sprite n="08_FX/DemonBladeFragmentShootFX/DemonBladeFragmentShootFX03" x="1235" y="15" w="115" h="20" pX="0.5" pY="0.5"/>
    <sprite n="08_FX/DemonBladeFragmentShootFX/DemonBladeFragmentShootFX04" x="5541" y="0" w="115" h="15" pX="0.5" pY="0.666667"/>
    <sprite n="08_FX/DemonBladeFragmentShootFX/DemonBladeFragmentShootFX05" x="506" y="0" w="5" h="5" pX="11.5" pY="1"/>
    <sprite n="08_FX/DevilElecGuitarBulletFX/DevilGuitarBulletFX0" x="1985" y="215" w="65" h="100" pX="0.538462" pY="0.475"/>
    <sprite n="08_FX/DevilElecGuitarBulletFX/DevilGuitarBulletFX1" x="2050" y="215" w="70" h="100" pX="0.5" pY="0.475"/>
    <sprite n="08_FX/DevilElecGuitarBulletFX/DevilGuitarBulletFX2" x="5800" y="55" w="40" h="65" pX="0.5" pY="0.5"/>
    <sprite n="08_FX/DevilElecGuitarBulletFX/DevilGuitarBulletFX3" x="2120" y="215" w="60" h="100" pX="0.583333" pY="0.475"/>
    <sprite n="08_FX/DevilElecGuitarBulletFX/DevilGuitarBulletFX4" x="5840" y="55" w="40" h="65" pX="0.5" pY="0.5"/>
    <sprite n="08_FX/DieFX/Die00" x="2285" y="125" w="75" h="75" pX="0.533333" pY="0.533333"/>
    <sprite n="08_FX/DieFX/Die01" x="6430" y="475" w="150" h="150" pX="0.533333" pY="0.533333"/>
    <sprite n="08_FX/DieFX/Die02" x="6580" y="475" w="150" h="150" pX="0.533333" pY="0.533333"/>
    <sprite n="08_FX/DieFX/Die03" x="6885" y="625" w="170" h="170" pX="0.529412" pY="0.5"/>
    <sprite n="08_FX/DieFX/Die04" x="3095" y="795" w="180" h="180" pX="0.527778" pY="0.5"/>
    <sprite n="08_FX/DieFX/Die05" x="3275" y="795" w="180" h="180" pX="0.527778" pY="0.5"/>
    <sprite n="08_FX/DieFX/Die06" x="3445" y="55" w="45" h="55" pX="0.777778" pY="0.909091"/>
    <sprite n="08_FX/DieFX/Die07" x="7485" y="15" w="25" h="40" pX="0.8" pY="0.875"/>
    <sprite n="08_FX/DieFX/Die08" x="6695" y="15" w="25" h="35" pX="0.8" pY="1.14286"/>
    <sprite n="08_FX/DieFX/Die09" x="5656" y="0" w="15" h="15" pX="0.666667" pY="1.66667"/>
    <sprite n="08_FX/DieFX/Die10" x="511" y="0" w="5" h="5" pX="1" pY="7"/>
    <sprite n="08_FX/DubleJumpFX/DubleJumpFX0" x="1350" y="15" w="25" h="20" pX="0.5" pY="0.375"/>
    <sprite n="08_FX/DubleJumpFX/DubleJumpFX1" x="7510" y="15" w="45" h="40" pX="0.5" pY="0.4375"/>
    <sprite n="08_FX/DubleJumpFX/DubleJumpFX2" x="5515" y="15" w="35" h="30" pX="0.5" pY="0.416667"/>
    <sprite n="08_FX/DubleJumpFX/DubleJumpFX3" x="7555" y="15" w="40" h="40" pX="0.5625" pY="0.5625"/>
    <sprite n="08_FX/DubleJumpFX/DubleJumpFX4" x="0" y="55" w="40" h="40" pX="0.5625" pY="0.5625"/>
    <sprite n="08_FX/DubleJumpFX/DubleJumpFX5" x="3460" y="15" w="45" h="25" pX="0.5" pY="0.7"/>
    <sprite n="08_FX/Dust/Dust1" x="2450" y="55" w="50" h="50" pX="0.5" pY="0.2"/>
    <sprite n="08_FX/Dust/Dust2" x="3490" y="55" w="60" h="55" pX="0.5" pY="0.272727"/>
    <sprite n="08_FX/Dust/Dust3" x="4010" y="55" w="65" h="60" pX="0.538462" pY="0.333333"/>
    <sprite n="08_FX/Dust/Dust4" x="5880" y="55" w="65" h="65" pX="0.615385" pY="0.384615"/>
    <sprite n="08_FX/Dust/Dust5" x="5945" y="55" w="55" h="65" pX="0.727273" pY="0.384615"/>
    <sprite n="08_FX/Dust/Dust6" x="0" y="0" w="1" h="1" pX="40" pY="40"/>
    <sprite n="08_FX/EgoSwordFX/EgoSwordFX00" x="3165" y="1735" w="295" h="295" pX="0.5" pY="0.491525"/>
    <sprite n="08_FX/EgoSwordFX/EgoSwordFX01" x="1260" y="2045" w="315" h="315" pX="0.5" pY="0.492063"/>
    <sprite n="08_FX/EgoSwordFX/EgoSwordFX02" x="1575" y="2045" w="325" h="320" pX="0.5" pY="0.5"/>
    <sprite n="08_FX/EgoSwordFX/EgoSwordFX03" x="1900" y="2045" w="325" h="320" pX="0.5" pY="0.5"/>
    <sprite n="08_FX/EgoSwordFX/EgoSwordFX04" x="2225" y="2045" w="325" h="320" pX="0.5" pY="0.5"/>
    <sprite n="08_FX/EgoSwordFX/EgoSwordFX05" x="2550" y="2045" w="325" h="320" pX="0.5" pY="0.5"/>
    <sprite n="08_FX/EXPowerKatanaSwingPlusFX/EXPowerKatanaSwingPlusFX00" x="1075" y="3015" w="800" h="600" pX="0.475" pY="0.5"/>
    <sprite n="08_FX/EXPowerKatanaSwingPlusFX/EXPowerKatanaSwingPlusFX01" x="3870" y="3015" w="810" h="625" pX="0.481481" pY="0.504"/>
    <sprite n="08_FX/EXPowerKatanaSwingPlusFX/EXPowerKatanaSwingPlusFX02" x="3065" y="3015" w="805" h="620" pX="0.478261" pY="0.483871"/>
    <sprite n="08_FX/EXPowerKatanaSwingPlusFX/EXPowerKatanaSwingPlusFX03" x="3085" y="3655" w="805" h="665" pX="0.478261" pY="0.511278"/>
    <sprite n="08_FX/EXPowerKatanaSwingPlusFX/EXPowerKatanaSwingPlusFX04" x="805" y="3655" w="785" h="660" pX="0.496815" pY="0.477273"/>
    <sprite n="08_FX/EXPowerKatanaSwingPlusFX/EXPowerKatanaSwingPlusFX05" x="4700" y="3655" w="810" h="670" pX="0.481481" pY="0.507463"/>
    <sprite n="08_FX/EXPowerKatanaSwingPlusFX/EXPowerKatanaSwingPlusFX06" x="3890" y="3655" w="810" h="665" pX="0.481481" pY="0.526316"/>
    <sprite n="08_FX/EXPowerKatanaSwingPlusFX/EXPowerKatanaSwingPlusFX07" x="1590" y="3655" w="810" h="660" pX="0.481481" pY="0.530303"/>
    <sprite n="08_FX/EXPowerKatanaSwingPlusFX/EXPowerKatanaSwingPlusFX08" x="0" y="3655" w="805" h="655" pX="0.478261" pY="0.534351"/>
    <sprite n="08_FX/EXPowerKatanaSwingPlusFX/EXPowerKatanaSwingPlusFX09" x="4680" y="3015" w="805" h="630" pX="0.478261" pY="0.52381"/>
    <sprite n="08_FX/EXPowerKatanaSwingPlusFX/EXPowerKatanaSwingPlusFX10" x="6475" y="2445" w="800" h="570" pX="0.475" pY="0.578947"/>
    <sprite n="08_FX/EXPowerKatanaSwingPlusFX/EXPowerKatanaSwingPlusFX11" x="5695" y="2445" w="780" h="565" pX="0.461538" pY="0.584071"/>
    <sprite n="08_FX/EXPowerKatanaSwingPlusFX/EXPowerKatanaSwingPlusFX12" x="6535" y="795" w="540" h="190" pX="0.259259" pY="1.73684"/>
    <sprite n="08_FX/EXPowerKatanaSwingPlusFX/EXPowerKatanaSwingPlusFX13" x="516" y="0" w="5" h="5" pX="-79" pY="66"/>
    <sprite n="08_FX/FatherBatBulletFX/FatherBatBulletFX0" x="1570" y="340" w="130" h="130" pX="0.5" pY="0.5"/>
    <sprite n="08_FX/FatherBatBulletFX/FatherBatBulletFX1" x="2245" y="475" w="140" h="140" pX="0.5" pY="0.5"/>
    <sprite n="08_FX/FatherBatBulletFX/FatherBatBulletFX2" x="1700" y="340" w="130" h="130" pX="0.5" pY="0.5"/>
    <sprite n="08_FX/FatherBatBulletFX/FatherBatBulletFX3" x="2385" y="475" w="140" h="140" pX="0.5" pY="0.5"/>
    <sprite n="08_FX/FatherBatBulletFX/FatherBatBulletFX4" x="6730" y="475" w="150" h="150" pX="0.5" pY="0.5"/>
    <sprite n="08_FX/FatherBatBulletFX/FatherBatBulletFX5" x="4615" y="625" w="160" h="160" pX="0.5" pY="0.5"/>
    <sprite n="08_FX/FatherBatBulletFX/FatherBatBulletFX6" x="7055" y="625" w="170" h="170" pX="0.5" pY="0.5"/>
    <sprite n="08_FX/FatherBatBulletFX/FatherBatBulletFX7" x="7225" y="625" w="175" h="170" pX="0.485714" pY="0.5"/>
    <sprite n="08_FX/FatherBatBulletFX/FatherBatBulletFX8" x="7400" y="625" w="175" h="170" pX="0.485714" pY="0.5"/>
    <sprite n="08_FX/FatherBatBulletFX/FatherBatBulletFX9" x="0" y="795" w="180" h="170" pX="0.5" pY="0.5"/>
    <sprite n="08_FX/FatherBatBulletFX/FatherBatBulletFX10" x="180" y="795" w="180" h="170" pX="0.5" pY="0.5"/>
    <sprite n="08_FX/FireBoltFX/FireBoltFX0" x="6880" y="475" w="150" h="150" pX="0.5" pY="0.5"/>
    <sprite n="08_FX/FireBoltFX/FireBoltFX1" x="4335" y="1460" w="280" h="260" pX="0.5" pY="0.5"/>
    <sprite n="08_FX/FireBoltFX/FireBoltFX2" x="6280" y="1460" w="290" h="275" pX="0.5" pY="0.490909"/>
    <sprite n="08_FX/FireBoltFX/FireBoltFX3" x="570" y="1735" w="300" h="285" pX="0.5" pY="0.491228"/>
    <sprite n="08_FX/FireBoltFX/FireBoltFX4" x="3460" y="1735" w="300" h="295" pX="0.5" pY="0.491525"/>
    <sprite n="08_FX/FireBoltFX/FireBoltFX5" x="4775" y="625" w="180" h="160" pX="0.444444" pY="0.5625"/>
    <sprite n="08_FX/FireBoltFX/FireBoltFX6" x="5375" y="625" w="180" h="165" pX="0.444444" pY="0.575758"/>
    <sprite n="08_FX/FireGreatSwingFX/FireGreatSwingFX01" x="4405" y="1215" w="300" h="240" pX="0.5" pY="0.510417"/>
    <sprite n="08_FX/FireGreatSwingFX/FireGreatSwingFX02" x="7255" y="985" w="300" h="230" pX="0.5" pY="0.51087"/>
    <sprite n="08_FX/FireGreatSwingFX/FireGreatSwingFX03" x="0" y="1215" w="300" h="230" pX="0.5" pY="0.48913"/>
    <sprite n="08_FX/FireGreatSwingFX/FireGreatSwingFX04" x="4005" y="985" w="290" h="210" pX="0.517241" pY="0.511905"/>
    <sprite n="08_FX/FireGreatSwingFX/FireGreatSwingFX05" x="7030" y="475" w="280" h="150" pX="0.517857" pY="0.65"/>
    <sprite n="08_FX/FireGreatSwingFX/FireGreatSwingFX06" x="5715" y="125" w="265" h="85" pX="0.509434" pY="1.08824"/>
    <sprite n="08_FX/FoundFX/FoundFX0" x="40" y="55" w="80" h="40" pX="0.5" pY="-0.0625"/>
    <sprite n="08_FX/FoundFX/FoundFX1" x="7265" y="125" w="50" h="90" pX="0.5" pY="0.527778"/>
    <sprite n="08_FX/FoundFX/FoundFX2" x="4075" y="55" w="50" h="60" pX="0.5" pY="0.458333"/>
    <sprite n="08_FX/FoundFX/FoundFX3" x="4075" y="55" w="50" h="60" pX="0.5" pY="0.208333"/>
    <sprite n="08_FX/FoundFX/FoundFX4" x="4075" y="55" w="50" h="60" pX="0.5" pY="0.291667"/>
    <sprite n="08_FX/FoundFX/FoundFX5" x="1105" y="55" w="40" h="45" pX="0.5" pY="0.0555556"/>
    <sprite n="08_FX/FoundFX/FoundFX6" x="5550" y="15" w="25" h="30" pX="0.6" pY="-0.416667"/>
    <sprite n="08_FX/FoundFX/FoundFX7" x="1375" y="15" w="15" h="20" pX="0.666667" pY="-1.125"/>
    <sprite n="08_FX/GeyserFx/GeyserFx00" x="3230" y="5875" w="270" h="1000" pX="0.527778" pY="0.5"/>
    <sprite n="08_FX/GeyserFx/GeyserFx01" x="2855" y="5875" w="375" h="995" pX="0.5" pY="0.497487"/>
    <sprite n="08_FX/GeyserFx/GeyserFx02" x="2675" y="5875" w="180" h="970" pX="0.541667" pY="0.515464"/>
    <sprite n="08_FX/GeyserFx/GeyserFx03" x="1295" y="5000" w="90" h="735" pX="0.638889" pY="0.680272"/>
    <sprite n="08_FX/GeyserFx/GeyserFx04" x="3710" y="4325" w="45" h="675" pX="0.722222" pY="0.740741"/>
    <sprite n="08_FX/GeyserFx/GeyserFx05" x="2400" y="3655" w="35" h="660" pX="0.785714" pY="0.757576"/>
    <sprite n="08_FX/GrayPickaxeSwingFX/GrayPickaxeSwing00" x="1640" y="1460" w="50" h="250" pX="0.4" pY="0.56"/>
    <sprite n="08_FX/GrayPickaxeSwingFX/GrayPickaxeSwing01" x="3455" y="795" w="45" h="180" pX="0.555556" pY="0.333333"/>
    <sprite n="08_FX/GrayPickaxeSwingFX/GrayPickaxeSwing02" x="4430" y="215" w="40" h="115" pX="0.75" pY="-0.0869565"/>
    <sprite n="08_FX/GrayPickaxeSwingFX/GrayPickaxeSwing03" x="2360" y="125" w="30" h="75" pX="0.833333" pY="-0.533333"/>
    <sprite n="08_FX/GreatSwingFX/GreatSwingFX00" x="2020" y="1215" w="300" h="235" pX="0.5" pY="0.5"/>
    <sprite n="08_FX/GreatSwingFX/GreatSwingFX01" x="1830" y="340" w="290" h="130" pX="0.5" pY="0.865385"/>
    <sprite n="08_FX/GreatSwingFX/GreatSwingFX02" x="1145" y="55" w="210" h="45" pX="0.5" pY="2.38889"/>
    <sprite n="08_FX/HealSwingFX/HealSwingFX00" x="2320" y="1215" w="360" h="235" pX="0.5" pY="0.468085"/>
    <sprite n="08_FX/HealSwingFX/HealSwingFX01" x="7075" y="795" w="350" h="190" pX="0.5" pY="0.552632"/>
    <sprite n="08_FX/HealSwingFX/HealSwingFX02" x="5555" y="625" w="310" h="165" pX="0.451613" pY="0.757576"/>
    <sprite n="08_FX/HealSwingFX/HealSwingFX03" x="2080" y="625" w="300" h="155" pX="0.45" pY="0.774194"/>
    <sprite n="08_FX/HealSwingFX/HealSwingFX04" x="2180" y="215" w="120" h="100" pX="1.08333" pY="0.7"/>
    <sprite n="08_FX/HeavyStoneMagmaFX/HeavyStoneMagmaFX00" x="2915" y="215" w="105" h="105" pX="0.571429" pY="0.642857"/>
    <sprite n="08_FX/HeavyStoneMagmaFX/HeavyStoneMagmaFX01" x="6940" y="215" w="225" h="125" pX="0.533333" pY="0.62"/>
    <sprite n="08_FX/HeavyStoneMagmaFX/HeavyStoneMagmaFX02" x="4415" y="475" w="240" h="145" pX="0.520833" pY="0.568966"/>
    <sprite n="08_FX/HeavyStoneMagmaFX/HeavyStoneMagmaFX03" x="1395" y="985" w="255" h="195" pX="0.529412" pY="0.448718"/>
    <sprite n="08_FX/HeavyStoneMagmaFX/HeavyStoneMagmaFX04" x="5445" y="985" w="260" h="225" pX="0.519231" pY="0.5"/>
    <sprite n="08_FX/HeavyStoneMagmaFX/HeavyStoneMagmaFX05" x="300" y="1215" w="265" h="230" pX="0.509434" pY="0.51087"/>
    <sprite n="08_FX/HeavyStoneMagmaFX/HeavyStoneMagmaFX06" x="4705" y="1215" w="270" h="240" pX="0.5" pY="0.510417"/>
    <sprite n="08_FX/HeavyStoneMagmaFX/HeavyStoneMagmaFX07" x="4975" y="1215" w="270" h="240" pX="0.5" pY="0.510417"/>
    <sprite n="08_FX/HeavyStoneMagmaFX/HeavyStoneMagmaFX08" x="0" y="1460" w="250" h="245" pX="0.54" pY="0.5"/>
    <sprite n="08_FX/HeavyStoneMagmaFX/HeavyStoneMagmaFX09" x="250" y="1460" w="250" h="245" pX="0.54" pY="0.5"/>
    <sprite n="08_FX/HeavyStoneMagmaFX/HeavyStoneMagmaFX10" x="4990" y="985" w="230" h="220" pX="0.586957" pY="0.465909"/>
    <sprite n="08_FX/HeavyStoneMagmaFX/HeavyStoneMagmaFX11" x="1055" y="795" w="210" h="175" pX="0.595238" pY="0.585714"/>
    <sprite n="08_FX/HeavyStoneMagmaFX/HeavyStoneMagmaFX12" x="360" y="795" w="180" h="170" pX="0.694444" pY="0.573529"/>
    <sprite n="08_FX/HecateShotFX/HecateShotFx0" x="2390" y="125" w="75" h="75" pX="0.5" pY="0"/>
    <sprite n="08_FX/HecateShotFX/HecateShotFx1" x="3870" y="215" w="145" h="110" pX="0.5" pY="0.318182"/>
    <sprite n="08_FX/HecateShotFX/HecateShotFx2" x="7310" y="475" w="185" h="150" pX="0.5" pY="0.5"/>
    <sprite n="08_FX/HecateSmokeFX/HecateSmokeFX0" x="7165" y="215" w="125" h="125" pX="0.52" pY="0.16"/>
    <sprite n="08_FX/HecateSmokeFX/HecateSmokeFX1" x="5245" y="1215" w="170" h="240" pX="0.5" pY="0.520833"/>
    <sprite n="08_FX/HecateSmokeFX/HecateSmokeFX2" x="2235" y="1460" w="175" h="255" pX="0.485714" pY="0.509804"/>
    <sprite n="08_FX/HecateSmokeFX/HecateSmokeFX3" x="4615" y="1460" w="180" h="260" pX="0.5" pY="0.519231"/>
    <sprite n="08_FX/HecateSmokeFX/HecateSmokeFX4" x="5520" y="1460" w="180" h="270" pX="0.5" pY="0.518519"/>
    <sprite n="08_FX/HecateSmokeFX/HecateSmokeFX5" x="5700" y="1460" w="180" h="270" pX="0.5" pY="0.481481"/>
    <sprite n="08_FX/HecateSmokeFX/HecateSmokeFX6" x="2410" y="1460" w="180" h="255" pX="0.5" pY="0.470588"/>
    <sprite n="08_FX/HecateSmokeFX/HecateSmokeFX7" x="2120" y="340" w="170" h="130" pX="0.470588" pY="-0.0769231"/>
    <sprite n="08_FX/HecateSmokeFX/HecateSmokeFX8" x="2290" y="340" w="155" h="130" pX="0.419355" pY="-0.0769231"/>
    <sprite n="08_FX/HighNoonFX/HighNoonFX00" x="6570" y="1460" w="115" h="275" pX="0.5" pY="0.5"/>
    <sprite n="08_FX/HighNoonFX/HighNoonFX01" x="5880" y="1460" w="125" h="270" pX="0.5" pY="0.509259"/>
    <sprite n="08_FX/HighNoonFX/HighNoonFX02" x="1690" y="1460" w="135" h="250" pX="0.5" pY="0.55"/>
    <sprite n="08_FX/HighNoonFX/HighNoonFX03" x="2680" y="1215" w="115" h="235" pX="0.5" pY="0.585106"/>
    <sprite n="08_FX/HighNoonFX/HighNoonFX04" x="2615" y="985" w="65" h="200" pX="0.5" pY="0.5625"/>
    <sprite n="08_FX/HighNoonFX/HighNoonFX05" x="7425" y="795" w="25" h="190" pX="0.5" pY="0.592105"/>
    <sprite n="08_FX/HighNoonFX/HighNoonFX06" x="5150" y="795" w="25" h="185" pX="0.5" pY="0.608108"/>
    <sprite n="08_FX/HighNoonFX/HighNoonFX07" x="7290" y="215" w="20" h="125" pX="0.625" pY="0.74"/>
    <sprite n="08_FX/HitFX/HitFX0" x="4985" y="340" w="140" h="135" pX="0.732143" pY="0.0740741"/>
    <sprite n="08_FX/HitFX/HitFX1" x="5705" y="985" w="180" h="225" pX="0.569444" pY="0.444444"/>
    <sprite n="08_FX/HitFX/HitFX2" x="1825" y="1460" w="170" h="250" pX="0.455882" pY="0.5"/>
    <sprite n="08_FX/HitFX/HitFX3" x="5415" y="1215" w="150" h="240" pX="0.383333" pY="0.5"/>
    <sprite n="08_FX/HitFX/HitFX4" x="3665" y="985" w="130" h="205" pX="0.25" pY="0.585366"/>
    <sprite n="08_FX/HitFX/HitFX5" x="2680" y="985" w="140" h="200" pX="0.267857" pY="0.625"/>
    <sprite n="08_FX/IceCrystalFX/IceCrystalFX00" x="4125" y="55" w="80" h="60" pX="0.53125" pY="0.75"/>
    <sprite n="08_FX/IceCrystalFX/IceCrystalFX01" x="5980" y="125" w="80" h="85" pX="0.53125" pY="0.529412"/>
    <sprite n="08_FX/IceCrystalFX/IceCrystalFX02" x="6060" y="125" w="110" h="85" pX="0.659091" pY="0.411765"/>
    <sprite n="08_FX/IceCrystalFX/IceCrystalFX03" x="7310" y="215" w="140" h="125" pX="0.517857" pY="0.44"/>
    <sprite n="08_FX/IceCrystalFX/IceCrystalFX04" x="2445" y="340" w="145" h="130" pX="0.465517" pY="0.423077"/>
    <sprite n="08_FX/IceCrystalFX/IceCrystalFX05" x="5125" y="340" w="150" h="135" pX="0.483333" pY="0.444444"/>
    <sprite n="08_FX/IceCrystalFX/IceCrystalFX06" x="2590" y="340" w="125" h="130" pX="0.54" pY="0.461538"/>
    <sprite n="08_FX/IceCrystalFX/IceCrystalFX07" x="4470" y="215" w="105" h="115" pX="0.452381" pY="0.434783"/>
    <sprite n="08_FX/IceCrystalFX/IceCrystalFX08" x="2300" y="215" w="95" h="100" pX="0.394737" pY="0.45"/>
    <sprite n="08_FX/IceCrystalFX/IceCrystalFX09" x="4930" y="125" w="90" h="80" pX="0.416667" pY="0.4375"/>
    <sprite n="08_FX/IceCrystalFX/IceCrystalFX10" x="7400" y="55" w="80" h="70" pX="0.40625" pY="0.428571"/>
    <sprite n="08_FX/IceCrystalFX/IceCrystalFX11" x="6000" y="55" w="70" h="65" pX="0.464286" pY="0.384615"/>
    <sprite n="08_FX/IceCrystalFX/IceCrystalFX12" x="7480" y="55" w="70" h="70" pX="0.464286" pY="0.428571"/>
    <sprite n="08_FX/IceCrystalFX/IceCrystalFX13" x="3500" y="795" w="155" h="180" pX="0.5" pY="0.5"/>
    <sprite n="08_FX/IceCrystalFX/IceCrystalFX14" x="0" y="625" w="130" h="150" pX="0.480769" pY="0.5"/>
    <sprite n="08_FX/IceCrystalFX/IceCrystalFX15" x="130" y="625" w="130" h="150" pX="0.480769" pY="0.5"/>
    <sprite n="08_FX/IceCrystalFX/IceCrystalFX16" x="260" y="625" w="130" h="150" pX="0.480769" pY="0.5"/>
    <sprite n="08_FX/IceCrystalFX/IceCrystalFX17" x="390" y="625" w="135" h="150" pX="0.462963" pY="0.5"/>
    <sprite n="08_FX/IceCrystalFX/IceCrystalFX18" x="525" y="625" w="140" h="150" pX="0.482143" pY="0.5"/>
    <sprite n="08_FX/IceCrystalFX/IceCrystalFX19" x="2380" y="625" w="140" h="155" pX="0.482143" pY="0.483871"/>
    <sprite n="08_FX/IceCrystalFX/IceCrystalFX20" x="2520" y="625" w="140" h="155" pX="0.482143" pY="0.483871"/>
    <sprite n="08_FX/IlectricFX/IlectricFX00" x="4205" y="55" w="105" h="60" pX="0.5" pY="0.5"/>
    <sprite n="08_FX/IlectricFX/IlectricFX01" x="2500" y="55" w="100" h="50" pX="0.525" pY="0.5"/>
    <sprite n="08_FX/IlectricFX/IlectricFX02" x="4310" y="55" w="105" h="60" pX="0.5" pY="0.5"/>
    <sprite n="08_FX/IlectricFX/IlectricFX03" x="2600" y="55" w="95" h="50" pX="0.5" pY="0.5"/>
    <sprite n="08_FX/IlectricFX/IlectricFX04" x="1355" y="55" w="90" h="45" pX="0.472222" pY="0.666667"/>
    <sprite n="08_FX/IlectricFX/IlectricFX05" x="1445" y="55" w="90" h="45" pX="0.472222" pY="0.666667"/>
    <sprite n="08_FX/IlectricFX/IlectricFX10" x="2465" y="125" w="105" h="75" pX="0.5" pY="0.6"/>
    <sprite n="08_FX/IlectricFX/IlectricFX11" x="0" y="125" w="95" h="70" pX="0.5" pY="0.642857"/>
    <sprite n="08_FX/IlectricFX/IlectricFX12" x="2570" y="125" w="105" h="75" pX="0.5" pY="0.6"/>
    <sprite n="08_FX/IlectricFX/IlectricFX13" x="95" y="125" w="95" h="70" pX="0.5" pY="0.571429"/>
    <sprite n="08_FX/IlectricFX/IlectricFX14" x="2675" y="125" w="95" h="75" pX="0.447368" pY="0.6"/>
    <sprite n="08_FX/IlectricFX/IlectricFX15" x="190" y="125" w="90" h="70" pX="0.416667" pY="0.642857"/>
    <sprite n="08_FX/JumpFX/JumpFX0" x="4726" y="0" w="45" h="10" pX="0.5" pY="-1.5"/>
    <sprite n="08_FX/JumpFX/JumpFX1" x="3505" y="15" w="30" h="25" pX="0.583333" pY="0"/>
    <sprite n="08_FX/JumpFX/JumpFX2" x="5575" y="15" w="25" h="30" pX="0.5" pY="0.333333"/>
    <sprite n="08_FX/JumpFX/JumpFX3" x="5600" y="15" w="25" h="30" pX="0.5" pY="0.666667"/>
    <sprite n="08_FX/JumpFX/JumpFX4" x="4771" y="0" w="5" h="10" pX="0.5" pY="2.5"/>
    <sprite n="08_FX/KatanaSpeedSwingFX/KatanaSpeedSwingFX00" x="6685" y="1460" w="340" h="275" pX="0.485294" pY="0.481818"/>
    <sprite n="08_FX/KatanaSpeedSwingFX/KatanaSpeedSwingFX01" x="2590" y="1460" w="345" h="255" pX="0.492754" pY="0.539216"/>
    <sprite n="08_FX/KatanaSpeedSwingFX/KatanaSpeedSwingFX02" x="5180" y="1460" w="340" h="265" pX="0.5" pY="0.537736"/>
    <sprite n="08_FX/KatanaSpeedSwingFX/KatanaSpeedSwingFX03" x="7025" y="1460" w="345" h="275" pX="0.492754" pY="0.518182"/>
    <sprite n="08_FX/KatanaSpeedSwingFX/KatanaSpeedSwingFX04" x="1995" y="1460" w="170" h="250" pX="1.02941" pY="0.45"/>
    <sprite n="08_FX/KatanaSpeedSwingFX/KatanaSpeedSwingFX05" x="865" y="215" w="75" h="95" pX="1.06667" pY="-0.447368"/>
    <sprite n="08_FX/KeresScytheSwingFX/KeresScytheSwingFX0" x="0" y="1735" w="290" h="275" pX="0.5" pY="0.5"/>
    <sprite n="08_FX/KeresScytheSwingFX/KeresScytheSwingFX1" x="500" y="1460" w="290" h="245" pX="0.5" pY="0.540816"/>
    <sprite n="08_FX/KeresScytheSwingFX/KeresScytheSwingFX2" x="665" y="625" w="285" h="150" pX="0.508772" pY="0.85"/>
    <sprite n="08_FX/KeresScytheSwingFX/KeresScytheSwingFX3" x="2525" y="475" w="280" h="140" pX="0.517857" pY="0.910714"/>
    <sprite n="08_FX/KeresScytheSwingFX/KeresScytheSwingFX4" x="2715" y="340" w="260" h="130" pX="0.557692" pY="0.942308"/>
    <sprite n="08_FX/KeresScytheSwingFX/KeresScytheSwingFX5" x="5315" y="215" w="235" h="120" pX="0.595745" pY="1.02083"/>
    <sprite n="08_FX/KeresScytheSwingFX/KeresScytheSwingFX6" x="4776" y="0" w="135" h="10" pX="0.37037" pY="11.75"/>
    <sprite n="08_FX/KeresScytheSwingFX/KeresScytheSwingFX7" x="521" y="0" w="5" h="5" pX="-15" pY="22.5"/>
    <sprite n="08_FX/KeresSlashFX/KeresSlashFX0" x="3535" y="15" w="70" h="25" pX="0.5" pY="0.5"/>
    <sprite n="08_FX/KeresSlashFX/KeresSlashFX1" x="3605" y="15" w="170" h="25" pX="0.5" pY="0.5"/>
    <sprite n="08_FX/KeresSlashFX/KeresSlashFX2" x="5671" y="0" w="190" h="15" pX="0.5" pY="0.5"/>
    <sprite n="08_FX/KeresSlashFX/KeresSlashFX3" x="5861" y="0" w="210" h="15" pX="0.5" pY="0.5"/>
    <sprite n="08_FX/KeresSlashFX/KeresSlashFX4" x="526" y="0" w="200" h="5" pX="0.5" pY="0.5"/>
    <sprite n="08_FX/KeresSlashFX/KeresSlashFX5" x="726" y="0" w="200" h="5" pX="0.5" pY="0.5"/>
    <sprite n="08_FX/KickFX/KickFX0" x="2395" y="215" w="75" h="100" pX="0.533333" pY="0.375"/>
    <sprite n="08_FX/KickFX/KickFX1" x="940" y="215" w="65" h="95" pX="0.384615" pY="0.605263"/>
    <sprite n="08_FX/KickFX/KickFX2" x="280" y="125" w="50" h="70" pX="0.2" pY="0.821429"/>
    <sprite n="08_FX/KickFX/KickFX3" x="120" y="55" w="25" h="40" pX="-0.6" pY="1.5625"/>
    <sprite n="08_FX/KickFX/KickFX4" x="6071" y="0" w="10" h="15" pX="-3" pY="4.16667"/>
    <sprite n="08_FX/LaserChargeFX/LaserChargeFX00" x="926" y="0" w="5" h="5" pX="7.5" pY="3.5"/>
    <sprite n="08_FX/LaserChargeFX/LaserChargeFX01" x="6720" y="15" w="55" h="35" pX="0.681818" pY="1.21429"/>
    <sprite n="08_FX/LaserChargeFX/LaserChargeFX02" x="2695" y="55" w="65" h="50" pX="0.5" pY="0.85"/>
    <sprite n="08_FX/LaserChargeFX/LaserChargeFX03" x="2760" y="55" w="55" h="50" pX="0.409091" pY="0.75"/>
    <sprite n="08_FX/LaserChargeFX/LaserChargeFX04" x="4415" y="55" w="50" h="60" pX="0.45" pY="0.541667"/>
    <sprite n="08_FX/LaserChargeFX/LaserChargeFX05" x="2815" y="55" w="70" h="50" pX="0.607143" pY="0.45"/>
    <sprite n="08_FX/LaserChargeFX/LaserChargeFX06" x="6070" y="55" w="70" h="65" pX="0.607143" pY="0.576923"/>
    <sprite n="08_FX/LaserChargeFX/LaserChargeFX07" x="4465" y="55" w="65" h="60" pX="0.576923" pY="0.541667"/>
    <sprite n="08_FX/LaserChargeFX/LaserChargeFX08" x="4530" y="55" w="55" h="60" pX="0.5" pY="0.541667"/>
    <sprite n="08_FX/LaserChargeFX/LaserChargeFX09" x="4585" y="55" w="55" h="60" pX="0.5" pY="0.541667"/>
    <sprite n="08_FX/LaserChargeFX/LaserChargeFX10" x="4640" y="55" w="55" h="60" pX="0.5" pY="0.541667"/>
    <sprite n="08_FX/LaserChargeFX/LaserChargeFX11" x="4695" y="55" w="55" h="60" pX="0.5" pY="0.541667"/>
    <sprite n="08_FX/LaserChargeFX/LaserChargeFX12" x="4750" y="55" w="55" h="60" pX="0.5" pY="0.541667"/>
    <sprite n="08_FX/LaserChargeFX/LaserChargeFX13" x="4805" y="55" w="55" h="60" pX="0.5" pY="0.541667"/>
    <sprite n="08_FX/LaserChargeFX/LaserChargeFX14" x="4860" y="55" w="55" h="60" pX="0.5" pY="0.541667"/>
    <sprite n="08_FX/LaserChargeFX/LaserChargeFX15" x="6140" y="55" w="55" h="65" pX="0.5" pY="0.576923"/>
    <sprite n="08_FX/LaserChargeFX/LaserChargeFX16" x="4915" y="55" w="55" h="60" pX="0.5" pY="0.541667"/>
    <sprite n="08_FX/LaserChargeFX/LaserChargeFX17" x="6170" y="125" w="85" h="85" pX="0.5" pY="0.5"/>
    <sprite n="08_FX/LaserChargeFX/LaserChargeFX18" x="6195" y="55" w="65" h="65" pX="0.5" pY="0.5"/>
    <sprite n="08_FX/LaserChargeFX/LaserChargeFX19" x="1535" y="55" w="45" h="45" pX="0.5" pY="0.5"/>
    <sprite n="08_FX/LaserChargeFX/LaserChargeFX20" x="6081" y="0" w="15" h="15" pX="0.5" pY="0.5"/>
    <sprite n="08_FX/LavaAreaFX/LavaAreaFX00" x="0" y="2445" w="425" h="405" pX="0.505882" pY="0.469136"/>
    <sprite n="08_FX/LavaAreaFX/LavaAreaFX01" x="425" y="2445" w="430" h="405" pX="0.5" pY="0.469136"/>
    <sprite n="08_FX/LavaAreaFX/LavaAreaFX02" x="855" y="2445" w="430" h="410" pX="0.5" pY="0.47561"/>
    <sprite n="08_FX/LavaAreaFX/LavaAreaFX03" x="1700" y="2445" w="430" h="425" pX="0.5" pY="0.494118"/>
    <sprite n="08_FX/LavaAreaFX/LavaAreaFX04" x="2540" y="2445" w="410" h="430" pX="0.52439" pY="0.5"/>
    <sprite n="08_FX/LavaAreaFX/LavaAreaFX05" x="2950" y="2445" w="410" h="430" pX="0.52439" pY="0.5"/>
    <sprite n="08_FX/LavaAreaFX/LavaAreaFX06" x="3360" y="2445" w="410" h="430" pX="0.52439" pY="0.5"/>
    <sprite n="08_FX/LavaAreaFX/LavaAreaFX07" x="2130" y="2445" w="410" h="425" pX="0.52439" pY="0.494118"/>
    <sprite n="08_FX/LavaAreaFX/LavaAreaFX08" x="1285" y="2445" w="415" h="420" pX="0.518072" pY="0.488095"/>
    <sprite n="08_FX/LavaAreaFX/LavaAreaFX09" x="6570" y="2045" w="420" h="400" pX="0.511905" pY="0.4625"/>
    <sprite n="08_FX/LavaAreaFX/LavaAreaFX10" x="6990" y="2045" w="425" h="400" pX="0.505882" pY="0.4625"/>
    <sprite n="08_FX/LightningFX/LightningFX00" x="7335" y="3015" w="120" h="640" pX="0.458333" pY="0.453125"/>
    <sprite n="08_FX/LightningFX/LightningFX01" x="5485" y="3015" w="350" h="630" pX="0.528571" pY="0.444444"/>
    <sprite n="08_FX/LightningFX/LightningFX02" x="5835" y="3015" w="405" h="630" pX="0.518519" pY="0.444444"/>
    <sprite n="08_FX/LightningFX/LightningFX04" x="0" y="3015" w="415" h="595" pX="0.506024" pY="0.411765"/>
    <sprite n="08_FX/LightningFX/LightningFX05" x="415" y="3015" w="425" h="595" pX="0.505882" pY="0.411765"/>
    <sprite n="08_FX/LightningFX/LightningFX07" x="840" y="3015" w="235" h="595" pX="0.489362" pY="0.411765"/>
    <sprite n="08_FX/LightningFX/LightningFX09" x="5885" y="985" w="220" h="225" pX="0.522727" pY="-0.555556"/>
    <sprite n="08_FX/MadnessStabFX/MadnessStabFX0" x="2820" y="985" w="95" h="200" pX="0.5" pY="0.4375"/>
    <sprite n="08_FX/MadnessStabFX/MadnessStabFX1" x="2915" y="985" w="85" h="200" pX="0.5" pY="0.5375"/>
    <sprite n="08_FX/MadnessStabFX/MadnessStabFX2" x="3655" y="795" w="85" h="180" pX="0.5" pY="0.625"/>
    <sprite n="08_FX/MadnessStabFX/MadnessStabFX3" x="950" y="625" w="65" h="150" pX="0.5" pY="0.683333"/>
    <sprite n="08_FX/MadnessStabFX/MadnessStabFX4" x="5550" y="215" w="55" h="120" pX="0.5" pY="0.8125"/>
    <sprite n="08_FX/MadnessStabFX/MadnessStabFX5" x="2885" y="55" w="35" h="50" pX="0.5" pY="1.75"/>
    <sprite n="08_FX/MadnessStabFX/MadnessStabFX6" x="3775" y="15" w="5" h="25" pX="0.5" pY="3.3"/>
    <sprite n="08_FX/MadnessStabFX/MadnessStabFX7" x="931" y="0" w="5" h="5" pX="0.5" pY="16.5"/>
    <sprite n="08_FX/MagicCircleFx/MagicCircleFx00" x="6260" y="55" w="65" h="65" pX="0.5" pY="0.5"/>
    <sprite n="08_FX/MagicCircleFx/MagicCircleFx01" x="2660" y="625" w="155" h="155" pX="0.5" pY="0.5"/>
    <sprite n="08_FX/MagicCircleFx/MagicCircleFx02" x="4655" y="475" w="145" h="145" pX="0.5" pY="0.5"/>
    <sprite n="08_FX/MagicCircleFx/MagicCircleFx03" x="5275" y="340" w="135" h="135" pX="0.5" pY="0.5"/>
    <sprite n="08_FX/MagicCircleFx/MagicCircleFx04" x="5410" y="340" w="135" h="135" pX="0.5" pY="0.5"/>
    <sprite n="08_FX/MagicCircleFx/MagicCircleFx05" x="5545" y="340" w="135" h="135" pX="0.5" pY="0.5"/>
    <sprite n="08_FX/MagicCircleFx/MagicCircleFx06" x="5680" y="340" w="135" h="135" pX="0.5" pY="0.5"/>
    <sprite n="08_FX/MagicCircleFx/MagicCircleFx07" x="5815" y="340" w="135" h="135" pX="0.5" pY="0.5"/>
    <sprite n="08_FX/MagicCircleFx/MagicCircleFx08" x="5950" y="340" w="135" h="135" pX="0.5" pY="0.5"/>
    <sprite n="08_FX/MagicCircleFx/MagicCircleFx09" x="6085" y="340" w="135" h="135" pX="0.5" pY="0.5"/>
    <sprite n="08_FX/MagicCircleFx/MagicCircleFx10" x="6220" y="340" w="130" h="135" pX="0.480769" pY="0.5"/>
    <sprite n="08_FX/MagicCircleFx/MagicCircleFx11" x="4575" y="215" w="90" h="115" pX="0.25" pY="0.586957"/>
    <sprite n="08_FX/MagicCircleFx/MagicCircleFx12" x="3780" y="15" w="55" h="25" pX="0.0454545" pY="2.7"/>
    <sprite n="08_FX/MagicCircleFx/MagicCircleFx13" x="936" y="0" w="20" h="5" pX="0.125" pY="13.5"/>
    <sprite n="08_FX/MagicCircleFx/MagicCircleFx14" x="956" y="0" w="5" h="5" pX="0.5" pY="13.5"/>
    <sprite n="08_FX/MagicFireCircleFx/MagicFireCircleFx00" x="961" y="0" w="5" h="5" pX="0.5" pY="13.5"/>
    <sprite n="08_FX/MagicFireCircleFx/MagicFireCircleFx01" x="6096" y="0" w="25" h="15" pX="0.1" pY="4.83333"/>
    <sprite n="08_FX/MagicFireCircleFx/MagicFireCircleFx02" x="5625" y="15" w="60" h="30" pX="0.0416667" pY="2.25"/>
    <sprite n="08_FX/MagicFireCircleFx/MagicFireCircleFx03" x="5605" y="215" w="95" h="120" pX="0.289474" pY="0.5625"/>
    <sprite n="08_FX/MagicFireCircleFx/MagicFireCircleFx04" x="6350" y="340" w="135" h="135" pX="0.5" pY="0.5"/>
    <sprite n="08_FX/MagicFireCircleFx/MagicFireCircleFx05" x="6485" y="340" w="135" h="135" pX="0.5" pY="0.5"/>
    <sprite n="08_FX/MagicFireCircleFx/MagicFireCircleFx06" x="2805" y="475" w="135" h="140" pX="0.5" pY="0.517857"/>
    <sprite n="08_FX/MagicFireCircleFx/MagicFireCircleFx07" x="6620" y="340" w="135" h="135" pX="0.5" pY="0.5"/>
    <sprite n="08_FX/MagicFireCircleFx/MagicFireCircleFx08" x="6755" y="340" w="135" h="135" pX="0.5" pY="0.5"/>
    <sprite n="08_FX/MagicFireCircleFx/MagicFireCircleFx09" x="6890" y="340" w="135" h="135" pX="0.5" pY="0.5"/>
    <sprite n="08_FX/MagicFireCircleFx/MagicFireCircleFx10" x="7025" y="340" w="135" h="135" pX="0.5" pY="0.5"/>
    <sprite n="08_FX/MagicFireCircleFx/MagicFireCircleFx11" x="7160" y="340" w="135" h="135" pX="0.5" pY="0.5"/>
    <sprite n="08_FX/MagicFireCircleFx/MagicFireCircleFx12" x="7295" y="340" w="135" h="135" pX="0.5" pY="0.5"/>
    <sprite n="08_FX/MagicFireCircleFx/MagicFireCircleFx13" x="4800" y="475" w="145" h="145" pX="0.5" pY="0.5"/>
    <sprite n="08_FX/MagicFireCircleFx/MagicFireCircleFx14" x="4945" y="475" w="145" h="145" pX="0.5" pY="0.5"/>
    <sprite n="08_FX/MagicFireCircleFx/MagicFireCircleFx15" x="7430" y="340" w="135" h="135" pX="0.5" pY="0.5"/>
    <sprite n="08_FX/MagicFireCircleFx/MagicFireCircleFx16" x="0" y="475" w="135" h="135" pX="0.5" pY="0.5"/>
    <sprite n="08_FX/MagicFireCircleFx/MagicFireCircleFx17" x="7295" y="340" w="135" h="135" pX="0.5" pY="0.5"/>
    <sprite n="08_FX/MolotovCocktailFX/MolotovCocktailFX0" x="3835" y="15" w="35" h="25" pX="0.571429" pY="-0.9"/>
    <sprite n="08_FX/MolotovCocktailFX/MolotovCocktailFX1" x="3550" y="55" w="55" h="55" pX="0.545455" pY="0.136364"/>
    <sprite n="08_FX/MolotovCocktailFX/MolotovCocktailFX2" x="330" y="125" w="70" h="70" pX="0.5" pY="0.321429"/>
    <sprite n="08_FX/MolotovCocktailFX/MolotovCocktailFX3" x="5020" y="125" w="80" h="80" pX="0.5" pY="0.40625"/>
    <sprite n="08_FX/MolotovCocktailFX/MolotovCocktailFX4" x="400" y="125" w="85" h="70" pX="0.470588" pY="0.392857"/>
    <sprite n="08_FX/MolotovCocktailFX/MolotovCocktailFX5" x="6325" y="55" w="90" h="65" pX="0.5" pY="0.5"/>
    <sprite n="08_FX/MolotovCocktailFX/MolotovCocktailFX6" x="6415" y="55" w="80" h="65" pX="0.5" pY="0.576923"/>
    <sprite n="08_FX/MolotovCocktailFX/MolotovCocktailFX7" x="1580" y="55" w="80" h="45" pX="0.5" pY="0.944444"/>
    <sprite n="08_FX/MolotovCocktailFX/MolotovCocktailFX8" x="5685" y="15" w="60" h="30" pX="0.5" pY="1.58333"/>
    <sprite n="08_FX/MolotovCocktailFX/MolotovCocktailFX9" x="6121" y="0" w="40" h="15" pX="0.375" pY="2.83333"/>
    <sprite n="08_FX/MondriaBackFX/MondriaBackFX0" x="3020" y="215" w="15" h="105" pX="0.5" pY="0.5"/>
    <sprite n="08_FX/MondriaBackFX/MondriaBackFX1" x="1005" y="215" w="15" h="95" pX="0.5" pY="0.5"/>
    <sprite n="08_FX/MondriaBackFX/MondriaBackFX2" x="6255" y="125" w="5" h="85" pX="0.5" pY="0.5"/>
    <sprite n="08_FX/MondriaBackFX/MondriaBackFX3" x="2770" y="125" w="5" h="75" pX="0.5" pY="0.5"/>
    <sprite n="08_FX/MondriaBackFX/MondriaBackFX4" x="6161" y="0" w="5" h="15" pX="0.5" pY="0.5"/>
    <sprite n="08_FX/MouthSlashFX/MouthSlash00" x="3545" y="5875" w="25" h="1445" pX="0.4" pY="0.486159"/>
    <sprite n="08_FX/MouthSlashFX/MouthSlash01" x="3570" y="5875" w="265" h="1460" pX="0.490566" pY="0.481164"/>
    <sprite n="08_FX/MouthSlashFX/MouthSlash02" x="3835" y="5875" w="270" h="1460" pX="0.5" pY="0.484589"/>
    <sprite n="08_FX/MouthSlashFX/MouthSlash03" x="4675" y="5875" w="280" h="1465" pX="0.5" pY="0.486348"/>
    <sprite n="08_FX/MouthSlashFX/MouthSlash04" x="6285" y="5875" w="280" h="1485" pX="0.5" pY="0.493266"/>
    <sprite n="08_FX/MouthSlashFX/MouthSlash05" x="6565" y="5875" w="235" h="1485" pX="0.531915" pY="0.493266"/>
    <sprite n="08_FX/MouthSlashFX/MouthSlash06" x="7245" y="5875" w="175" h="1505" pX="0.457143" pY="0.5"/>
    <sprite n="08_FX/MouthSlashFX/MouthSlash07" x="7070" y="5875" w="175" h="1495" pX="0.457143" pY="0.506689"/>
    <sprite n="08_FX/MouthSlashFX/MouthSlash08" x="5515" y="5875" w="175" h="1475" pX="0.457143" pY="0.50339"/>
    <sprite n="08_FX/MouthSlashFX/MouthSlash09" x="4105" y="5875" w="35" h="1460" pX="0.428571" pY="0.498288"/>
    <sprite n="08_FX/MouthSlashFX/MouthSlash10" x="3520" y="5875" w="15" h="1435" pX="0.333333" pY="0.496516"/>
    <sprite n="08_FX/MouthSlashFX/MouthSlash11" x="3535" y="5875" w="5" h="1440" pX="0" pY="0.519097"/>
    <sprite n="08_FX/MouthSlashFX/MouthSlash12" x="3500" y="5875" w="5" h="1420" pX="0" pY="0.52993"/>
    <sprite n="08_FX/MouthSlashFX/MouthSlash13" x="3505" y="5875" w="5" h="1420" pX="0" pY="0.533451"/>
    <sprite n="08_FX/MouthSlashFX/MouthSlash14" x="1285" y="5000" w="5" h="685" pX="0" pY="1.10584"/>
    <sprite n="08_FX/MouthSwingFX/MouthSwingFX0" x="2875" y="2045" w="400" h="320" pX="0.49375" pY="0.492188"/>
    <sprite n="08_FX/MouthSwingFX/MouthSwingFX1" x="5520" y="1735" w="395" h="305" pX="0.512658" pY="0.532787"/>
    <sprite n="08_FX/MouthSwingFX/MouthSwingFX2" x="5915" y="1735" w="390" h="305" pX="0.519231" pY="0.532787"/>
    <sprite n="08_FX/MouthSwingFX/MouthSwingFX3" x="6305" y="1735" w="390" h="305" pX="0.519231" pY="0.532787"/>
    <sprite n="08_FX/MouthSwingFX/MouthSwingFX4" x="6695" y="1735" w="360" h="305" pX="0.5625" pY="0.532787"/>
    <sprite n="08_FX/MouthSwingFX/MouthSwingFX5" x="3760" y="1735" w="255" h="295" pX="0.754902" pY="0.516949"/>
    <sprite n="08_FX/MouthSwingFX/MouthSwingFX6" x="2815" y="625" w="170" h="155" pX="1.07353" pY="0.887097"/>
    <sprite n="08_FX/NiddleSlashFX/NiddleSlashFX0" x="1660" y="55" w="45" h="45" pX="0.5" pY="0.5"/>
    <sprite n="08_FX/NiddleSlashFX/NiddleSlashFX1" x="4665" y="215" w="115" h="115" pX="0.5" pY="0.5"/>
    <sprite n="08_FX/NiddleSlashFX/NiddleSlashFX2" x="135" y="475" w="135" h="135" pX="0.5" pY="0.5"/>
    <sprite n="08_FX/NiddleSlashFX/NiddleSlashFX3" x="5090" y="475" w="145" h="145" pX="0.5" pY="0.5"/>
    <sprite n="08_FX/NiddleSlashFX/NiddleSlashFX4" x="2985" y="625" w="155" h="155" pX="0.5" pY="0.5"/>
    <sprite n="08_FX/PaintSwing/PaintSwing0" x="2975" y="340" w="200" h="130" pX="0.5" pY="0.538462"/>
    <sprite n="08_FX/PaintSwing/PaintSwing1" x="1020" y="215" w="190" h="95" pX="0.5" pY="0.736842"/>
    <sprite n="08_FX/PaintSwing/PaintSwing2" x="1705" y="55" w="150" h="45" pX="0.5" pY="1.44444"/>
    <sprite n="08_FX/PaintSwing/PaintSwing3" x="4911" y="0" w="60" h="10" pX="0.5" pY="6.5"/>
    <sprite n="08_FX/PickaxeDashFX/PickaxeDashFX00" x="4880" y="2045" w="185" h="360" pX="0.5" pY="0.493056"/>
    <sprite n="08_FX/PickaxeDashFX/PickaxeDashFX01" x="5490" y="2045" w="185" h="380" pX="0.5" pY="0.493421"/>
    <sprite n="08_FX/PickaxeDashFX/PickaxeDashFX02" x="6210" y="2045" w="175" h="390" pX="0.5" pY="0.49359"/>
    <sprite n="08_FX/PickaxeDashFX/PickaxeDashFX03" x="5675" y="2045" w="185" h="380" pX="0.5" pY="0.493421"/>
    <sprite n="08_FX/PickaxeDashFX/PickaxeDashFX04" x="5860" y="2045" w="185" h="385" pX="0.5" pY="0.5"/>
    <sprite n="08_FX/PickaxeDashFX/PickaxeDashFX05" x="6385" y="2045" w="185" h="390" pX="0.5" pY="0.50641"/>
    <sprite n="08_FX/PickaxeDashFX/PickaxeDashFX06" x="4530" y="2045" w="185" h="355" pX="0.5" pY="0.556338"/>
    <sprite n="08_FX/PickaxeDashFX/PickaxeDashFX07" x="4015" y="1735" w="95" h="295" pX="0.5" pY="0.669492"/>
    <sprite n="08_FX/PoisonFX/PoisonFX0" x="145" y="55" w="45" h="40" pX="0.444444" pY="0.5"/>
    <sprite n="08_FX/PoisonFX/PoisonFX1" x="190" y="55" w="50" h="40" pX="0.5" pY="0.625"/>
    <sprite n="08_FX/PoisonFX/PoisonFX2" x="240" y="55" w="40" h="40" pX="0.625" pY="0.5"/>
    <sprite n="08_FX/PoisonFX/PoisonFX3" x="1855" y="55" w="35" h="45" pX="0.428571" pY="0.444444"/>
    <sprite n="08_FX/PowerKatanaSwingFX/PowerKatanaSwingFX0" x="4110" y="1735" w="400" h="300" pX="0.475" pY="0.5"/>
    <sprite n="08_FX/PowerKatanaSwingFX/PowerKatanaSwingFX1" x="7055" y="1735" w="405" h="310" pX="0.481481" pY="0.5"/>
    <sprite n="08_FX/PowerKatanaSwingFX/PowerKatanaSwingFX2" x="4510" y="1735" w="400" h="300" pX="0.475" pY="0.5"/>
    <sprite n="08_FX/PowerKatanaSwingFX/PowerKatanaSwingFX3" x="3000" y="985" w="380" h="200" pX="0.473684" pY="0.75"/>
    <sprite n="08_FX/PowerKatanaSwingFX/PowerKatanaSwingFX4" x="5235" y="475" w="350" h="145" pX="0.5" pY="1.03448"/>
    <sprite n="08_FX/PowerKatanaSwingFX/PowerKatanaSwingFX5" x="0" y="340" w="350" h="125" pX="0.5" pY="1.2"/>
    <sprite n="08_FX/PowerKatanaSwingFX/PowerKatanaSwingFX6" x="5700" y="215" w="345" h="120" pX="0.507246" pY="1.25"/>
    <sprite n="08_FX/PowerKatanaSwingFX/PowerKatanaSwingFX7" x="485" y="125" w="225" h="70" pX="0.666667" pY="2.14286"/>
    <sprite n="08_FX/PowerKatanaSwingFX/PowerKatanaSwingFX8" x="521" y="0" w="5" h="5" pX="7" pY="30"/>
    <sprite n="08_FX/QuarterStaffBulletFX/QuarterStaffBulletFX0" x="5175" y="795" w="185" h="185" pX="0.5" pY="0.5"/>
    <sprite n="08_FX/QuarterStaffBulletFX/QuarterStaffBulletFX1" x="1265" y="795" w="175" h="175" pX="0.5" pY="0.5"/>
    <sprite n="08_FX/QuarterStaffBulletFX/QuarterStaffBulletFX2" x="3140" y="625" w="155" h="155" pX="0.5" pY="0.5"/>
    <sprite n="08_FX/QuarterStaffBulletFX/QuarterStaffBulletFX3" x="5585" y="475" w="145" h="145" pX="0.5" pY="0.5"/>
    <sprite n="08_FX/QuarterStaffBulletFX/QuarterStaffBulletFX4" x="270" y="475" w="135" h="135" pX="0.5" pY="0.5"/>
    <sprite n="08_FX/QuarterStaffFX/QuarterStaffBullet0" x="1440" y="795" w="175" h="175" pX="0.5" pY="0.5"/>
    <sprite n="08_FX/QuarterStaffFX/QuarterStaffBullet1" x="5865" y="625" w="175" h="165" pX="0.5" pY="0.5"/>
    <sprite n="08_FX/QuarterStaffFX/QuarterStaffBullet2" x="5730" y="475" w="175" h="145" pX="0.5" pY="0.5"/>
    <sprite n="08_FX/QuarterStaffFX/QuarterStaffBullet3" x="6040" y="625" w="175" h="165" pX="0.5" pY="0.5"/>
    <sprite n="08_FX/QuarterStaffFX/QuarterStaffBullet4" x="1615" y="795" w="175" h="175" pX="0.5" pY="0.5"/>
    <sprite n="08_FX/QuarterStaffFX/QuarterStaffBullet5" x="1790" y="795" w="165" h="175" pX="0.5" pY="0.5"/>
    <sprite n="08_FX/QuarterStaffFX/QuarterStaffBullet6" x="1955" y="795" w="145" h="175" pX="0.5" pY="0.5"/>
    <sprite n="08_FX/QuarterStaffFX/QuarterStaffBullet7" x="2100" y="795" w="165" h="175" pX="0.5" pY="0.5"/>
    <sprite n="08_FX/RedMagicCircleFx/RedMagicCircleFx00" x="6495" y="55" w="65" h="65" pX="0.5" pY="0.5"/>
    <sprite n="08_FX/RedMagicCircleFx/RedMagicCircleFx01" x="3295" y="625" w="155" h="155" pX="0.5" pY="0.5"/>
    <sprite n="08_FX/RedMagicCircleFx/RedMagicCircleFx02" x="5905" y="475" w="145" h="145" pX="0.5" pY="0.5"/>
    <sprite n="08_FX/RedMagicCircleFx/RedMagicCircleFx03" x="405" y="475" w="135" h="135" pX="0.5" pY="0.5"/>
    <sprite n="08_FX/RedMagicCircleFx/RedMagicCircleFx04" x="540" y="475" w="135" h="135" pX="0.5" pY="0.5"/>
    <sprite n="08_FX/RedMagicCircleFx/RedMagicCircleFx05" x="675" y="475" w="135" h="135" pX="0.5" pY="0.5"/>
    <sprite n="08_FX/RedMagicCircleFx/RedMagicCircleFx06" x="810" y="475" w="135" h="135" pX="0.5" pY="0.5"/>
    <sprite n="08_FX/RedMagicCircleFx/RedMagicCircleFx07" x="945" y="475" w="135" h="135" pX="0.5" pY="0.5"/>
    <sprite n="08_FX/RedMagicCircleFx/RedMagicCircleFx08" x="1080" y="475" w="135" h="135" pX="0.5" pY="0.5"/>
    <sprite n="08_FX/RedMagicCircleFx/RedMagicCircleFx09" x="1215" y="475" w="135" h="135" pX="0.5" pY="0.5"/>
    <sprite n="08_FX/RedMagicCircleFx/RedMagicCircleFx10" x="1350" y="475" w="130" h="135" pX="0.480769" pY="0.5"/>
    <sprite n="08_FX/RedMagicCircleFx/RedMagicCircleFx11" x="4780" y="215" w="90" h="115" pX="0.25" pY="0.586957"/>
    <sprite n="08_FX/RedMagicCircleFx/RedMagicCircleFx12" x="3870" y="15" w="55" h="25" pX="0.0454545" pY="2.7"/>
    <sprite n="08_FX/RedMagicCircleFx/RedMagicCircleFx13" x="966" y="0" w="20" h="5" pX="0.125" pY="13.5"/>
    <sprite n="08_FX/RedMagicCircleFx/RedMagicCircleFx14" x="931" y="0" w="5" h="5" pX="0.5" pY="13.5"/>
    <sprite n="08_FX/RedPickaxeSwing/RedPickaxeSwing00" x="1640" y="1460" w="50" h="250" pX="0.4" pY="0.56"/>
    <sprite n="08_FX/RedPickaxeSwing/RedPickaxeSwing01" x="4795" y="1460" w="55" h="260" pX="0.454545" pY="0.538462"/>
    <sprite n="08_FX/RedPickaxeSwing/RedPickaxeSwing02" x="4850" y="1460" w="65" h="260" pX="0.461538" pY="0.519231"/>
    <sprite n="08_FX/RedPickaxeSwing/RedPickaxeSwing03" x="2165" y="1460" w="70" h="250" pX="0.428571" pY="0.52"/>
    <sprite n="08_FX/RedPickaxeSwing/RedPickaxeSwing04" x="2795" y="1215" w="80" h="235" pX="0.4375" pY="0.468085"/>
    <sprite n="08_FX/RedPickaxeSwing/RedPickaxeSwing05" x="5565" y="1215" w="85" h="240" pX="0.470588" pY="0.458333"/>
    <sprite n="08_FX/RedPickaxeSwing/RedPickaxeSwing06" x="5650" y="1215" w="95" h="240" pX="0.473684" pY="0.4375"/>
    <sprite n="08_FX/RedPickaxeSwing/RedPickaxeSwing07" x="2875" y="1215" w="100" h="235" pX="0.5" pY="0.404255"/>
    <sprite n="08_FX/RedPickaxeSwing/RedPickaxeSwing08" x="2975" y="1215" w="110" h="235" pX="0.5" pY="0.404255"/>
    <sprite n="08_FX/RedPickaxeSwing/RedPickaxeSwing09" x="3380" y="985" w="110" h="200" pX="0.5" pY="0.3"/>
    <sprite n="08_FX/RedPickaxeSwing/RedPickaxeSwing10" x="2265" y="795" w="90" h="175" pX="0.388889" pY="0.314286"/>
    <sprite n="08_FX/RedPickaxeSwing/RedPickaxeSwing11" x="6260" y="125" w="50" h="85" pX="0.3" pY="-0.411765"/>
    <sprite n="08_FX/ReloadFX/ReloadFX0" x="3925" y="15" w="95" h="25" pX="0.5" pY="0.5"/>
    <sprite n="08_FX/ReloadFX/ReloadFX1" x="6775" y="15" w="115" h="35" pX="0.5" pY="0.5"/>
    <sprite n="08_FX/ReloadFX/ReloadFX2" x="1890" y="55" w="135" h="45" pX="0.5" pY="0.5"/>
    <sprite n="08_FX/ReloadFX/ReloadFX3" x="986" y="0" w="135" h="5" pX="0.5" pY="0.5"/>
    <sprite n="08_FX/RoyalGuardShieldFX/RoyalGuardShieldFX0" x="3035" y="215" w="75" h="105" pX="0.5" pY="0.5"/>
    <sprite n="08_FX/RoyalGuardShieldFX/RoyalGuardShieldFX1" x="3110" y="215" w="75" h="105" pX="0.5" pY="0.5"/>
    <sprite n="08_FX/RoyalGuardShieldFX/RoyalGuardShieldFX2" x="1210" y="215" w="65" h="95" pX="0.5" pY="0.5"/>
    <sprite n="08_FX/RoyalGuardShieldFX/RoyalGuardShieldFX3" x="6310" y="125" w="55" h="85" pX="0.5" pY="0.5"/>
    <sprite n="08_FX/RoyalGuardShieldFX/RoyalGuardShieldFX4" x="6365" y="125" w="55" h="85" pX="0.5" pY="0.5"/>
    <sprite n="08_FX/RoyalGuardShieldFX/RoyalGuardShieldFX5" x="6420" y="125" w="55" h="85" pX="0.5" pY="0.5"/>
    <sprite n="08_FX/SaberSwingNewFX/SaberSwingFX00" x="1505" y="1735" w="335" h="290" pX="0.41791" pY="0.5"/>
    <sprite n="08_FX/SaberSwingNewFX/SaberSwingNewFX00" x="1840" y="1735" w="335" h="290" pX="0.41791" pY="0.5"/>
    <sprite n="08_FX/SaberSwingNewFX/SaberSwingNewFX01" x="870" y="1735" w="325" h="285" pX="0.415385" pY="0.491228"/>
    <sprite n="08_FX/SaberSwingNewFX/SaberSwingNewFX02" x="1195" y="1735" w="310" h="285" pX="0.403226" pY="0.491228"/>
    <sprite n="08_FX/SaberSwingNewFX/SaberSwingNewFX03" x="290" y="1735" w="280" h="280" pX="0.357143" pY="0.482143"/>
    <sprite n="08_FX/SaberSwingNewFX/SaberSwingNewFX04" x="2935" y="1460" w="195" h="255" pX="0.0769231" pY="0.431373"/>
    <sprite n="08_FX/SaberSwingNewFX/SaberSwingNewFX05" x="3490" y="985" w="175" h="200" pX="0" pY="0.275"/>
    <sprite n="08_FX/SecondStabFX/SecondStabFX0" x="1275" y="215" w="25" h="95" pX="0.5" pY="0.447368"/>
    <sprite n="08_FX/SecondStabFX/SecondStabFX1" x="6475" y="125" w="20" h="85" pX="0.625" pY="0.558824"/>
    <sprite n="08_FX/SecondStabFX/SecondStabFX2" x="710" y="125" w="15" h="70" pX="0.833333" pY="0.75"/>
    <sprite n="08_FX/SecondStabFX/SecondStabFX3" x="2025" y="55" w="10" h="45" pX="1.25" pY="1.16667"/>
    <sprite n="08_FX/ShotFx/ShotFx000" x="3605" y="55" w="55" h="55" pX="0.5" pY="0.363636"/>
    <sprite n="08_FX/ShotFx/ShotFx001" x="6560" y="55" w="65" h="65" pX="0.5" pY="0.461538"/>
    <sprite n="08_FX/ShotFx/ShotFx002" x="725" y="125" w="75" h="70" pX="0.5" pY="0.5"/>
    <sprite n="08_FX/ShoutFX/ShoutFX00" x="5160" y="2445" w="535" h="550" pX="0.504673" pY="0.486364"/>
    <sprite n="08_FX/ShoutFX/ShoutFX00_0" x="6240" y="3015" w="1095" h="635" pX="0.525114" pY="0.468504"/>
    <sprite n="08_FX/ShoutFX/ShoutFX01" x="2435" y="3655" w="650" h="660" pX="0.507692" pY="0.496212"/>
    <sprite n="08_FX/ShoutFX/ShoutFX01_0" x="5510" y="3655" w="1200" h="670" pX="0.520833" pY="0.496269"/>
    <sprite n="08_FX/ShoutFX/ShoutFX02" x="3755" y="4325" w="670" h="675" pX="0.5" pY="0.5"/>
    <sprite n="08_FX/ShoutFX/ShoutFX02_0" x="4425" y="4325" w="1265" h="675" pX="0.505929" pY="0.5"/>
    <sprite n="08_FX/ShoutFX/ShoutFX03" x="5690" y="4325" w="1280" h="675" pX="0.5" pY="0.5"/>
    <sprite n="08_FX/ShoutFX/ShoutFX04" x="0" y="5000" w="1285" h="675" pX="0.501946" pY="0.5"/>
    <sprite n="08_FX/ShoutFX/ShoutFX05" x="0" y="4325" w="1290" h="670" pX="0.5" pY="0.496269"/>
    <sprite n="08_FX/ShoutFX/ShoutFX06" x="1290" y="4325" w="1285" h="670" pX="0.498054" pY="0.496269"/>
    <sprite n="08_FX/ShoutFX/ShoutFX07" x="2575" y="4325" w="1135" h="670" pX="0.436123" pY="0.496269"/>
    <sprite n="08_FX/ShoutFX/ShoutFX08" x="1121" y="0" w="100" h="5" pX="-3.95" pY="-66.5"/>
    <sprite n="08_FX/ShurikenFX/ShurikenFX0" x="2775" y="125" w="75" h="75" pX="0.5" pY="0.5"/>
    <sprite n="08_FX/ShurikenFX/ShurikenFX1" x="4015" y="215" w="80" h="110" pX="0.46875" pY="0.522727"/>
    <sprite n="08_FX/ShurikenFX/ShurikenFX2" x="6045" y="215" w="90" h="120" pX="0.472222" pY="0.520833"/>
    <sprite n="08_FX/ShurikenFX/ShurikenFX3" x="6050" y="475" w="105" h="145" pX="0.5" pY="0.465517"/>
    <sprite n="08_FX/ShurikenFX/ShurikenFX4" x="2940" y="475" w="85" h="140" pX="0.5" pY="0.553571"/>
    <sprite n="08_FX/ShurikenFX/ShurikenFX5" x="6155" y="475" w="95" h="145" pX="0.5" pY="0.534483"/>
    <sprite n="08_FX/SlashFX/SlashFX0" x="4020" y="15" w="70" h="25" pX="0.5" pY="0.5"/>
    <sprite n="08_FX/SlashFX/SlashFX1" x="3605" y="15" w="170" h="25" pX="0.5" pY="0.5"/>
    <sprite n="08_FX/SlashFX/SlashFX2" x="6166" y="0" w="190" h="15" pX="0.5" pY="0.5"/>
    <sprite n="08_FX/SlashFX/SlashFX3" x="1221" y="0" w="210" h="5" pX="0.5" pY="0.5"/>
    <sprite n="08_FX/SmallHitFX/SmallHitFX0" x="280" y="55" w="45" h="40" pX="0.555556" pY="-0.375"/>
    <sprite n="08_FX/SmallHitFX/SmallHitFX1" x="3185" y="215" w="75" h="105" pX="0.6" pY="0.428571"/>
    <sprite n="08_FX/SmallHitFX/SmallHitFX2" x="4870" y="215" w="95" h="115" pX="0.526316" pY="0.478261"/>
    <sprite n="08_FX/SmallHitFX/SmallHitFX3" x="6135" y="215" w="100" h="120" pX="0.5" pY="0.5"/>
    <sprite n="08_FX/SmallHitFX/SmallHitFX4" x="6235" y="215" w="55" h="120" pX="0.0909091" pY="0.5"/>
    <sprite n="08_FX/SmallHitFX/SmallHitFX5" x="3660" y="55" w="25" h="55" pX="-1" pY="0.818182"/>
    <sprite n="08_FX/SpearShootFXBack/SpearShootFXBack00" x="1300" y="215" w="95" h="95" pX="0.5" pY="0.5"/>
    <sprite n="08_FX/SpearShootFXBack/SpearShootFXBack01" x="6356" y="0" w="185" h="15" pX="0.5" pY="0.5"/>
    <sprite n="08_FX/SpearShootFXBack/SpearShootFXBack02" x="1390" y="15" w="135" h="20" pX="0.5" pY="0.875"/>
    <sprite n="08_FX/SpearShootFXBack/SpearShootFXBack03" x="1525" y="15" w="150" h="20" pX="0.516667" pY="1.125"/>
    <sprite n="08_FX/SpearShootFXBack/SpearShootFXBack04" x="1675" y="15" w="150" h="20" pX="0.483333" pY="1.125"/>
    <sprite n="08_FX/SpearShootFXBack/SpearShootFXBack05" x="1825" y="15" w="145" h="20" pX="0.534483" pY="1.125"/>
    <sprite n="08_FX/SpearShootFXBack/SpearShootFXBack06" x="4090" y="15" w="155" h="25" pX="0.5" pY="1.1"/>
    <sprite n="08_FX/SpearShootFXBack/SpearShootFXBack07" x="5745" y="15" w="140" h="30" pX="0.482143" pY="1.08333"/>
    <sprite n="08_FX/SpearShootFXBack/SpearShootFXBack08" x="1970" y="15" w="60" h="20" pX="0.458333" pY="1.375"/>
    <sprite n="08_FX/SpearShootFXFront/SpearShootFXFront00" x="1300" y="215" w="95" h="95" pX="0.5" pY="0.5"/>
    <sprite n="08_FX/SpearShootFXFront/SpearShootFXFront01" x="350" y="340" w="175" h="125" pX="0.5" pY="0.5"/>
    <sprite n="08_FX/SpearShootFXFront/SpearShootFXFront02" x="525" y="340" w="165" h="125" pX="0.5" pY="0.5"/>
    <sprite n="08_FX/SpearShootFXFront/SpearShootFXFront03" x="6290" y="215" w="165" h="120" pX="0.5" pY="0.479167"/>
    <sprite n="08_FX/SpearShootFXFront/SpearShootFXFront04" x="6455" y="215" w="150" h="120" pX="0.516667" pY="0.479167"/>
    <sprite n="08_FX/SpearShootFXFront/SpearShootFXFront05" x="2030" y="15" w="150" h="20" pX="0.483333" pY="0.125"/>
    <sprite n="08_FX/SpearShootFXFront/SpearShootFXFront06" x="2180" y="15" w="155" h="20" pX="0.5" pY="0.125"/>
    <sprite n="08_FX/SpearShootFXFront/SpearShootFXFront07" x="5885" y="15" w="150" h="30" pX="0.516667" pY="0.0833333"/>
    <sprite n="08_FX/SpearShootFXFront/SpearShootFXFront08" x="2335" y="15" w="100" h="20" pX="0.425" pY="-0.125"/>
    <sprite n="08_FX/SpikeBallFX/SpikeBallFX0" x="1015" y="625" w="150" h="150" pX="0.5" pY="0.516667"/>
    <sprite n="08_FX/SpikeBallFX/SpikeBallFX1" x="3740" y="795" w="180" h="180" pX="0.5" pY="0.513889"/>
    <sprite n="08_FX/SpikeBallFX/SpikeBallFX2" x="0" y="985" w="190" h="190" pX="0.5" pY="0.513158"/>
    <sprite n="08_FX/SpikeBallFX/SpikeBallFX3" x="5360" y="795" w="200" h="185" pX="0.5" pY="0.527027"/>
    <sprite n="08_FX/SpikeBallFX/SpikeBallFX4" x="190" y="985" w="210" h="190" pX="0.5" pY="0.513158"/>
    <sprite n="08_FX/SpikeBallFX/SpikeBallFX5" x="400" y="985" w="205" h="190" pX="0.512195" pY="0.486842"/>
    <sprite n="08_FX/SpikeBallFX/SpikeBallFX6" x="5560" y="795" w="205" h="185" pX="0.512195" pY="0.472973"/>
    <sprite n="08_FX/SpreadShotFX/SpreadShotFX00" x="6495" y="125" w="85" h="85" pX="0.5" pY="0.470588"/>
    <sprite n="08_FX/SpreadShotFX/SpreadShotFX01" x="3260" y="215" w="95" h="105" pX="0.5" pY="0.47619"/>
    <sprite n="08_FX/SpreadShotFX/SpreadShotFX02" x="4095" y="215" w="105" h="110" pX="0.5" pY="0.5"/>
    <sprite n="08_FX/SpreadShotFX/SpreadShotFX03" x="4200" y="215" w="105" h="110" pX="0.5" pY="0.5"/>
    <sprite n="08_FX/SpreadShotFX/SpreadShotFX04" x="6605" y="215" w="105" h="120" pX="0.5" pY="0.5"/>
    <sprite n="08_FX/SpreadShotFX/SpreadShotFX05" x="6710" y="215" w="105" h="120" pX="0.5" pY="0.5"/>
    <sprite n="08_FX/StabFX/StabFX0" x="4955" y="625" w="95" h="160" pX="0.5" pY="0.4375"/>
    <sprite n="08_FX/StabFX/StabFX1" x="690" y="340" w="85" h="125" pX="0.5" pY="0.68"/>
    <sprite n="08_FX/StabFX/StabFX2" x="2470" y="215" w="75" h="100" pX="0.5" pY="0.9"/>
    <sprite n="08_FX/StabFX/StabFX3" x="2850" y="125" w="55" h="75" pX="0.5" pY="1.26667"/>
    <sprite n="08_FX/StarBulletFX/StarBulletFX1" x="540" y="795" w="170" h="170" pX="0.5" pY="0.485294"/>
    <sprite n="08_FX/StarBulletFX/StarBulletFX2" x="775" y="340" w="130" h="125" pX="0.5" pY="0.46"/>
    <sprite n="08_FX/StarBulletFX/StarBulletFX3" x="3025" y="475" w="140" h="140" pX="0.5" pY="0.482143"/>
    <sprite n="08_FX/StarBulletFX/StarBulletFX4" x="1165" y="625" w="150" h="150" pX="0.5" pY="0.483333"/>
    <sprite n="08_FX/StarBulletFX/StarBulletFX5" x="5050" y="625" w="160" h="160" pX="0.5" pY="0.484375"/>
    <sprite n="08_FX/StarBulletFX/StarBulletFX6" x="710" y="795" w="170" h="170" pX="0.5" pY="0.485294"/>
    <sprite n="08_FX/StarBulletFX/StarBulletFX7" x="2355" y="795" w="180" h="175" pX="0.5" pY="0.5"/>
    <sprite n="08_FX/StingerFX/StingerFX00" x="1431" y="0" w="5" h="5" pX="0" pY="-145"/>
    <sprite n="08_FX/StingerFX/StingerFX01" x="1436" y="0" w="15" h="5" pX="0.333333" pY="-145"/>
    <sprite n="08_FX/StingerFX/StingerFX02" x="325" y="55" w="25" h="40" pX="0.4" pY="-17.375"/>
    <sprite n="08_FX/StingerFX/StingerFX03" x="350" y="55" w="35" h="40" pX="0.428571" pY="-17.375"/>
    <sprite n="08_FX/StingerFX/StingerFX04" x="2545" y="215" w="55" h="100" pX="0.454545" pY="-6.35"/>
    <sprite n="08_FX/StingerFX/StingerFX05" x="905" y="340" w="45" h="125" pX="0.444444" pY="-5.08"/>
    <sprite n="08_FX/StingerFX/StingerFX06" x="3175" y="340" w="255" h="130" pX="0.490196" pY="-4.84615"/>
    <sprite n="08_FX/StingerFX/StingerFX07" x="4140" y="5875" w="265" h="1460" pX="0.490566" pY="0.482877"/>
    <sprite n="08_FX/StingerFX/StingerFX08" x="4405" y="5875" w="270" h="1460" pX="0.5" pY="0.486301"/>
    <sprite n="08_FX/StingerFX/StingerFX09" x="4955" y="5875" w="280" h="1465" pX="0.5" pY="0.488055"/>
    <sprite n="08_FX/StingerFX/StingerFX10" x="5235" y="5875" w="280" h="1470" pX="0.5" pY="0.489796"/>
    <sprite n="08_FX/StingerFX/StingerFX11" x="6800" y="5875" w="270" h="1485" pX="0.5" pY="0.494949"/>
    <sprite n="08_FX/StingerFX/StingerFX12" x="5690" y="5875" w="275" h="1475" pX="0.509091" pY="0.501695"/>
    <sprite n="08_FX/StingerFX/StingerFX13" x="5965" y="5875" w="215" h="1475" pX="0.604651" pY="0.501695"/>
    <sprite n="08_FX/StingerFX/StingerFX14" x="6180" y="5875" w="55" h="1475" pX="0.454545" pY="0.505085"/>
    <sprite n="08_FX/StingerFX/StingerFX15" x="6235" y="5875" w="35" h="1475" pX="0.428571" pY="0.505085"/>
    <sprite n="08_FX/StingerFX/StingerFX16" x="6270" y="5875" w="15" h="1480" pX="0.333333" pY="0.506757"/>
    <sprite n="08_FX/StingerFX/StingerFX17" x="3540" y="5875" w="5" h="1440" pX="0" pY="0.520833"/>
    <sprite n="08_FX/StingerFX/StingerFX18" x="3510" y="5875" w="5" h="1420" pX="0" pY="0.53169"/>
    <sprite n="08_FX/StingerFX/StingerFX19" x="3515" y="5875" w="5" h="1420" pX="0" pY="0.535211"/>
    <sprite n="08_FX/StingerFX/StingerFX20" x="1290" y="5000" w="5" h="685" pX="0" pY="1.10949"/>
    <sprite n="08_FX/StunFX/StunFX0" x="6035" y="15" w="60" h="30" pX="0.458333" pY="0.416667"/>
    <sprite n="08_FX/StunFX/StunFX1" x="6890" y="15" w="30" h="35" pX="0.25" pY="0.642857"/>
    <sprite n="08_FX/StunFX/StunFX2" x="4245" y="15" w="55" h="25" pX="0.409091" pY="0.7"/>
    <sprite n="08_FX/StunFX/StunFX3" x="6095" y="15" w="60" h="30" pX="0.458333" pY="0.583333"/>
    <sprite n="08_FX/StunFX/StunFX4" x="6920" y="15" w="25" h="35" pX="0.5" pY="0.357143"/>
    <sprite n="08_FX/StunFX/StunFX5" x="4300" y="15" w="65" h="25" pX="0.5" pY="0.3"/>
    <sprite n="08_FX/suddenstrikeFX/suddenstrikeFX0" x="6541" y="0" w="125" h="15" pX="3.66" pY="0.5"/>
    <sprite n="08_FX/suddenstrikeFX/suddenstrikeFX1" x="6666" y="0" w="355" h="15" pX="1.26056" pY="0.5"/>
    <sprite n="08_FX/suddenstrikeFX/suddenstrikeFX2" x="4365" y="15" w="835" h="25" pX="0.52994" pY="0.5"/>
    <sprite n="08_FX/suddenstrikeFX/suddenstrikeFX3" x="0" y="15" w="815" h="15" pX="0.457055" pY="0.5"/>
    <sprite n="08_FX/suddenstrikeFX/suddenstrikeFX4" x="1451" y="0" w="805" h="5" pX="0.444099" pY="0.5"/>
    <sprite n="08_FX/suddenstrikeFX/suddenstrikeFX5" x="2256" y="0" w="805" h="5" pX="0.437888" pY="0.5"/>
    <sprite n="08_FX/suddenstrikeFX/suddenstrikeFX6" x="3061" y="0" w="685" h="5" pX="0.332117" pY="0.5"/>
    <sprite n="08_FX/suddenstrikeFX/suddenstrikeFX7" x="3746" y="0" w="680" h="5" pX="0.327206" pY="0.5"/>
    <sprite n="08_FX/suddenstrikeFX/suddenstrikeFX8" x="4426" y="0" w="230" h="5" pX="-0.98913" pY="0.5"/>
    <sprite n="08_FX/SukllDemonMultiShotFX/SukllDemonMultiShotFX00" x="950" y="340" w="125" h="125" pX="0.48" pY="0.5"/>
    <sprite n="08_FX/SukllDemonMultiShotFX/SukllDemonMultiShotFX01" x="2535" y="795" w="175" h="175" pX="0.485714" pY="0.5"/>
    <sprite n="08_FX/SukllDemonMultiShotFX/SukllDemonMultiShotFX02" x="4740" y="985" w="215" h="215" pX="0.488372" pY="0.5"/>
    <sprite n="08_FX/SukllDemonMultiShotFX/SukllDemonMultiShotFX03" x="6105" y="985" w="230" h="225" pX="0.5" pY="0.5"/>
    <sprite n="08_FX/SukllDemonMultiShotFX/SukllDemonMultiShotFX04" x="6335" y="985" w="230" h="225" pX="0.5" pY="0.5"/>
    <sprite n="08_FX/SukllDemonMultiShotFX/SukllDemonMultiShotFX05" x="6565" y="985" w="230" h="225" pX="0.5" pY="0.5"/>
    <sprite n="08_FX/SukllDemonMultiShotFX/SukllDemonMultiShotFX06" x="6795" y="985" w="230" h="225" pX="0.5" pY="0.5"/>
    <sprite n="08_FX/SukllDemonMultiShotFX/SukllDemonMultiShotFX07" x="7025" y="985" w="230" h="225" pX="0.5" pY="0.5"/>
    <sprite n="08_FX/SukllDemonMultiShotFX/SukllDemonMultiShotFX08" x="6580" y="125" w="85" h="85" pX="0.470588" pY="0.5"/>
    <sprite n="08_FX/SukllDemonMultiShotFX/SukllDemonMultiShotFX09" x="6665" y="125" w="85" h="85" pX="0.470588" pY="0.5"/>
    <sprite n="08_FX/SukllDemonMultiShotFX/SukllDemonMultiShotFX10" x="6750" y="125" w="85" h="85" pX="0.470588" pY="0.5"/>
    <sprite n="08_FX/SummonBallFX/SummonBallFX00" x="1395" y="215" w="95" h="95" pX="0.5" pY="0.5"/>
    <sprite n="08_FX/SummonBallFX/SummonBallFX01" x="2905" y="125" w="75" h="75" pX="0.5" pY="0.5"/>
    <sprite n="08_FX/SummonBallFX/SummonBallFX02" x="2980" y="125" w="75" h="75" pX="0.5" pY="0.5"/>
    <sprite n="08_FX/SummonBallFX/SummonBallFX03" x="6835" y="125" w="85" h="85" pX="0.5" pY="0.5"/>
    <sprite n="08_FX/SummonBallFX/SummonBallFX04" x="1490" y="215" w="95" h="95" pX="0.5" pY="0.5"/>
    <sprite n="08_FX/SummonBallFX/SummonBallFX05" x="1585" y="215" w="95" h="95" pX="0.5" pY="0.5"/>
    <sprite n="08_FX/SummonBallFX/SummonBallFX06" x="1680" y="215" w="95" h="95" pX="0.5" pY="0.5"/>
    <sprite n="08_FX/SunLordBulletFX/SunLordBulletFX00" x="6945" y="15" w="35" h="35" pX="0.5" pY="1"/>
    <sprite n="08_FX/SunLordBulletFX/SunLordBulletFX01" x="2920" y="55" w="45" h="50" pX="0.5" pY="0.6"/>
    <sprite n="08_FX/SunLordBulletFX/SunLordBulletFX02" x="4970" y="55" w="55" h="60" pX="0.5" pY="0.5"/>
    <sprite n="08_FX/SunLordBulletFX/SunLordBulletFX03" x="5025" y="55" w="55" h="60" pX="0.5" pY="0.5"/>
    <sprite n="08_FX/SunLordBulletFX/SunLordBulletFX04" x="385" y="55" w="40" h="40" pX="0.4375" pY="0.125"/>
    <sprite n="08_FX/SunLordBulletFX/SunLordBulletFX05" x="2435" y="15" w="45" h="20" pX="0.5" pY="-0.75"/>
    <sprite n="08_FX/SunLordBulletFX/SunLordBulletFX06" x="815" y="15" w="45" h="15" pX="0.5" pY="-1.33333"/>
    <sprite n="08_FX/SunLordBulletFX/SunLordBulletFX07" x="4971" y="0" w="10" h="10" pX="0.25" pY="-2.5"/>
    <sprite n="08_FX/SunLordBulletFX/SunLordBulletFX08" x="4981" y="0" w="10" h="10" pX="-0.25" pY="-2.5"/>
    <sprite n="08_FX/SwingFX/SwingFX00" x="3165" y="475" w="200" h="140" pX="0.5" pY="0.5"/>
    <sprite n="08_FX/SwingFX/SwingFX01" x="800" y="125" w="170" h="70" pX="0.5" pY="1"/>
    <sprite n="08_FX/SwingFX/SwingFX02" x="5200" y="15" w="120" h="25" pX="0.5" pY="2.6"/>
    <sprite n="08_FX/TaskShotFX/TaskShotFx0" x="3605" y="55" w="55" h="55" pX="0.5" pY="0.363636"/>
    <sprite n="08_FX/TaskShotFX/TaskShotFx1" x="6625" y="55" w="65" h="65" pX="0.5" pY="0.461538"/>
    <sprite n="08_FX/TaskShotFX/TaskShotFx2" x="970" y="125" w="75" h="70" pX="0.5" pY="0.5"/>
    <sprite n="08_FX/ThirdStabFX/ThirdStabFX00" x="3355" y="215" w="105" h="105" pX="0.428571" pY="0.571429"/>
    <sprite n="08_FX/ThirdStabFX/ThirdStabFX01" x="3055" y="125" w="75" h="75" pX="0.666667" pY="0.333333"/>
    <sprite n="08_FX/ThirdStabFX/ThirdStabFX02" x="2035" y="55" w="45" h="45" pX="1.22222" pY="-0.222222"/>
    <sprite n="08_FX/ThirdStabFX/ThirdStabFX03" x="2480" y="15" w="20" h="20" pX="3" pY="-2"/>
    <sprite n="08_FX/ThirdStabFX/ThirdStabFX04" x="931" y="0" w="5" h="5" pX="12" pY="-11"/>
    <sprite n="08_FX/ThornBallPlanet/ThornBallPlanet00" x="6690" y="55" w="65" h="65" pX="0.5" pY="0.5"/>
    <sprite n="08_FX/ThornBallPlanet/ThornBallPlanet01" x="6755" y="55" w="75" h="65" pX="0.5" pY="0.5"/>
    <sprite n="08_FX/ThornBallPlanet/ThornBallPlanet02" x="6830" y="55" w="75" h="65" pX="0.5" pY="0.5"/>
    <sprite n="08_FX/ThornBallPlanet/ThornBallPlanet03" x="6905" y="55" w="65" h="65" pX="0.5" pY="0.5"/>
    <sprite n="08_FX/ThornBallPlanet/ThornBallPlanet04" x="3130" y="125" w="65" h="75" pX="0.5" pY="0.5"/>
    <sprite n="08_FX/ThornBallPlanet/ThornBallPlanet05" x="3195" y="125" w="65" h="75" pX="0.5" pY="0.5"/>
    <sprite n="08_FX/ThorSwingFX/ThorSwingFX00" x="3430" y="340" w="180" h="130" pX="0.5" pY="0.442308"/>
    <sprite n="08_FX/ThorSwingFX/ThorSwingFX01" x="3610" y="340" w="185" h="130" pX="0.513514" pY="0.442308"/>
    <sprite n="08_FX/ThorSwingFX/ThorSwingFX02" x="6250" y="475" w="170" h="145" pX="0.588235" pY="0.5"/>
    <sprite n="08_FX/ThorSwingFX/ThorSwingFX03" x="3795" y="340" w="175" h="130" pX="0.542857" pY="0.480769"/>
    <sprite n="08_FX/ThorSwingFX/ThorSwingFX04" x="5320" y="15" w="75" h="25" pX="-0.133333" pY="-1.5"/>
    <sprite n="08_FX/ThorSwingFX/ThorSwingFX05" x="3970" y="340" w="185" h="130" pX="0.513514" pY="0.480769"/>
    <sprite n="08_FX/ThorSwingFX/ThorSwingFX06" x="4155" y="340" w="190" h="130" pX="0.5" pY="0.480769"/>
    <sprite n="08_FX/ThorSwingFX/ThorSwingFX07" x="425" y="55" w="70" h="40" pX="0.0714286" pY="-0.5625"/>
    <sprite n="08_FX/ThorSwingFX/ThorSwingFX08" x="4345" y="340" w="180" h="130" pX="0.444444" pY="0.480769"/>
    <sprite n="08_FX/ThorSwingFX/ThorSwingFX09" x="4656" y="0" w="5" h="5" pX="-19" pY="-7.5"/>
    <sprite n="08_FX/ThorSwingFX/ThorSwingFX10" x="4525" y="340" w="180" h="130" pX="0.444444" pY="0.480769"/>
    <sprite n="08_FX/TonfaShockFX/TonfaShock0" x="3275" y="2045" w="320" h="320" pX="0.5" pY="0.5"/>
    <sprite n="08_FX/TonfaShockFX/TonfaShock1" x="3595" y="2045" w="320" h="320" pX="0.5" pY="0.5"/>
    <sprite n="08_FX/TonfaShockFX/TonfaShock2" x="3915" y="2045" w="320" h="320" pX="0.5" pY="0.5"/>
    <sprite n="08_FX/TonfaSwingFX/TonfaSwing00" x="4955" y="985" w="35" h="215" pX="0.5" pY="0.5"/>
    <sprite n="08_FX/TonfaSwingFX/TonfaSwing01" x="2600" y="215" w="35" h="100" pX="0.5" pY="1.025"/>
    <sprite n="08_FX/TonfaSwingFX/TonfaSwing02" x="495" y="55" w="25" h="40" pX="0.5" pY="2.4375"/>
    <sprite n="08_FX/VoidKatanaSwingV2FX/VoidKatanaSwingV2FX0" x="3460" y="215" w="185" h="105" pX="0.486486" pY="0.452381"/>
    <sprite n="08_FX/VoidKatanaSwingV2FX/VoidKatanaSwingV2FX1" x="2635" y="215" w="175" h="100" pX="0.542857" pY="0.525"/>
    <sprite n="08_FX/VoidKatanaSwingV2FX/VoidKatanaSwingV2FX2" x="3645" y="215" w="185" h="105" pX="0.513514" pY="0.547619"/>
    <sprite n="08_FX/VoidKatanaSwingV2FX/VoidKatanaSwingV2FX3" x="7315" y="125" w="175" h="90" pX="0.457143" pY="0.416667"/>
    <sprite n="08_FX/VoidKatanaSwingV2FX/VoidKatanaSwingV2FX4" x="1045" y="125" w="135" h="70" pX="0.333333" pY="0.321429"/>
    <sprite n="08_FX/WatercourseFX/WatercourseFX0" x="6980" y="15" w="80" h="35" pX="0.5" pY="0.285714"/>
    <sprite n="08_FX/WatercourseFX/WatercourseFX1" x="2965" y="55" w="60" h="50" pX="0.5" pY="0.5"/>
    <sprite n="08_FX/WatercourseFX/WatercourseFX2" x="3025" y="55" w="75" h="50" pX="0.466667" pY="0.5"/>
    <sprite n="08_FX/WatercourseFX/WatercourseFX3" x="2080" y="55" w="60" h="45" pX="0.5" pY="0.444444"/>
    <sprite n="08_FX/WaveShock/WaveShock00" x="4305" y="215" w="125" h="110" pX="0.52" pY="-0.159091"/>
    <sprite n="08_FX/WaveShock/WaveShock01" x="1650" y="985" w="195" h="195" pX="0.512821" pY="0.346154"/>
    <sprite n="08_FX/WaveShock/WaveShock02" x="5745" y="1215" w="220" h="240" pX="0.5" pY="0.46875"/>
    <sprite n="08_FX/WaveShock/WaveShock03" x="3085" y="1215" w="220" h="235" pX="0.5" pY="0.521277"/>
    <sprite n="08_FX/WaveShock/WaveShock04" x="5965" y="1215" w="220" h="240" pX="0.5" pY="0.53125"/>
    <sprite n="08_FX/WaveShock/WaveShock05" x="3305" y="1215" w="220" h="235" pX="0.5" pY="0.542553"/>
    <sprite n="08_FX/WaveShock/WaveShock06" x="3525" y="1215" w="215" h="235" pX="0.488372" pY="0.542553"/>
    <sprite n="08_FX/WeakeningFX/WeakeningFX00" x="5080" y="55" w="85" h="60" pX="0.5" pY="0.625"/>
    <sprite n="08_FX/WeakeningFX/WeakeningFX01" x="3685" y="55" w="80" h="55" pX="0.46875" pY="0.681818"/>
    <sprite n="08_FX/WeakeningFX/WeakeningFX02" x="6155" y="15" w="80" h="30" pX="0.46875" pY="0.583333"/>
    <sprite n="08_FX/WeakeningFX/WeakeningFX03" x="7060" y="15" w="80" h="35" pX="0.46875" pY="0.642857"/>
    <sprite n="08_FX/WeakeningFX/WeakeningFX04" x="520" y="55" w="70" h="40" pX="0.392857" pY="0.5625"/>
    <sprite n="08_FX/WeakeningFX/WeakeningFX05" x="590" y="55" w="55" h="40" pX="0.5" pY="0.5625"/>
    <sprite n="08_FX/WeakeningFX/WeakeningFX06" x="1180" y="125" w="60" h="70" pX="0.541667" pY="0.392857"/>
    <sprite n="08_FX/WeakeningFX/WeakeningFX07" x="1240" y="125" w="65" h="70" pX="0.576923" pY="0.464286"/>
    <sprite n="08_FX/WeakeningFX/WeakeningFX08" x="3260" y="125" w="75" h="75" pX="0.566667" pY="0.5"/>
    <sprite n="08_FX/WeakeningFX/WeakeningFX09" x="3335" y="125" w="80" h="75" pX="0.53125" pY="0.566667"/>
    <sprite n="08_FX/WeakeningFX/WeakeningFX10" x="3415" y="125" w="85" h="75" pX="0.5" pY="0.566667"/>
    <sprite n="08_FX/WeakeningFX/WeakeningFX11" x="1305" y="125" w="85" h="70" pX="0.5" pY="0.607143"/>
    <sprite n="08_FX/ZweihanderSwingFX/ZweihanderSwingFX0" x="2175" y="1735" w="400" h="290" pX="0.5125" pY="0.603448"/>
    <sprite n="08_FX/ZweihanderSwingFX/ZweihanderSwingFX1" x="3920" y="795" w="390" h="180" pX="0.512821" pY="0.944444"/>
    <sprite n="08_FX/ZweihanderSwingFX/ZweihanderSwingFX2" x="0" y="215" w="330" h="90" pX="0.515152" pY="1.83333"/>
    <sprite n="08_FX/ZweihanderSwingFX/ZweihanderSwingFX3" x="2500" y="15" w="160" h="20" pX="0.53125" pY="8"/>
</TextureAtlas>
