<?xml version="1.0" encoding="UTF-8"?>
<!-- Created with TexturePacker https://www.codeandweb.com/texturepacker -->
<!-- $TexturePacker:SmartUpdate:ecd2e84c10932d42c48bbf129ff44435:08d6c77f08ef83d0e6cdc1b19d9ac586:adbd2a30b1436bf0d9479587464f4949$ -->
<!--Format:
n  => name of the sprite
x  => sprite x pos in texture
y  => sprite y pos in texture
w  => sprite width (may be trimmed)
h  => sprite height (may be trimmed)
pX => x pos of the pivot point (relative to sprite width)
pY => y pos of the pivot point (relative to sprite height)
oX => sprite's x-corner offset (only available if trimmed)
oY => sprite's y-corner offset (only available if trimmed)
oW => sprite's original width (only available if trimmed)
oH => sprite's original height (only available if trimmed)
r => 'y' only set if sprite is rotated
with polygon mode enabled:
vertices   => points in sprite coordinate system (x0,y0,x1,y1,x2,y2, ...)
verticesUV => points in sheet coordinate system (x0,y0,x1,y1,x2,y2, ...)
triangles  => sprite triangulation, 3 vertex indices per triangle
-->
<TextureAtlas imagePath="08_FX_PlayerFX.png" width="312" height="64">
    <sprite n="01_PlayerFX/DubleJumpFX/DubleJumpFX0" x="96" y="48" w="20" h="16" pX="0.5" pY="0.375"/>
    <sprite n="01_PlayerFX/DubleJumpFX/DubleJumpFX1" x="236" y="0" w="36" h="32" pX="0.5" pY="0.4375"/>
    <sprite n="01_PlayerFX/DubleJumpFX/DubleJumpFX2" x="208" y="40" w="28" h="24" pX="0.5" pY="0.416667"/>
    <sprite n="01_PlayerFX/DubleJumpFX/DubleJumpFX3" x="268" y="32" w="32" h="32" pX="0.5625" pY="0.5625"/>
    <sprite n="01_PlayerFX/DubleJumpFX/DubleJumpFX4" x="236" y="32" w="32" h="32" pX="0.5625" pY="0.5625"/>
    <sprite n="01_PlayerFX/DubleJumpFX/DubleJumpFX5" x="148" y="44" w="36" h="20" pX="0.5" pY="0.7"/>
    <sprite n="01_PlayerFX/Dust/Dust1" x="196" y="0" w="40" h="40" pX="0.5" pY="0.2"/>
    <sprite n="01_PlayerFX/Dust/Dust2" x="148" y="0" w="48" h="44" pX="0.5" pY="0.272727"/>
    <sprite n="01_PlayerFX/Dust/Dust3" x="96" y="0" w="52" h="48" pX="0.538462" pY="0.333333"/>
    <sprite n="01_PlayerFX/Dust/Dust4" x="0" y="0" w="52" h="52" pX="0.615385" pY="0.384615"/>
    <sprite n="01_PlayerFX/Dust/Dust5" x="52" y="0" w="44" h="52" pX="0.727273" pY="0.384615"/>
    <sprite n="01_PlayerFX/Dust/Dust6" x="0" y="60" w="1" h="1" pX="32" pY="32"/>
    <sprite n="01_PlayerFX/JumpFX/JumpFX0" x="0" y="52" w="36" h="8" pX="0.5" pY="-1.5"/>
    <sprite n="01_PlayerFX/JumpFX/JumpFX1" x="184" y="44" w="24" h="20" pX="0.583333" pY="0"/>
    <sprite n="01_PlayerFX/JumpFX/JumpFX2" x="292" y="0" w="20" h="24" pX="0.5" pY="0.333333"/>
    <sprite n="01_PlayerFX/JumpFX/JumpFX3" x="272" y="0" w="20" h="24" pX="0.5" pY="0.666667"/>
    <sprite n="01_PlayerFX/JumpFX/JumpFX4" x="36" y="52" w="4" h="8" pX="0.5" pY="2.5"/>
</TextureAtlas>
