<?xml version="1.0" encoding="UTF-8"?>
<!-- Created with TexturePacker https://www.codeandweb.com/texturepacker -->
<!-- $TexturePacker:SmartUpdate:6b189463bc4a9f6b8ced3db5890582df:a9ff469a756fb46cffd7d5121cbd2da6:06c8440761d82cdfffb73499a7b20614$ -->
<!--Format:
n  => name of the sprite
x  => sprite x pos in texture
y  => sprite y pos in texture
w  => sprite width (may be trimmed)
h  => sprite height (may be trimmed)
pX => x pos of the pivot point (relative to sprite width)
pY => y pos of the pivot point (relative to sprite height)
oX => sprite's x-corner offset (only available if trimmed)
oY => sprite's y-corner offset (only available if trimmed)
oW => sprite's original width (only available if trimmed)
oH => sprite's original height (only available if trimmed)
r => 'y' only set if sprite is rotated
with polygon mode enabled:
vertices   => points in sprite coordinate system (x0,y0,x1,y1,x2,y2, ...)
verticesUV => points in sheet coordinate system (x0,y0,x1,y1,x2,y2, ...)
triangles  => sprite triangulation, 3 vertex indices per triangle
-->
<TextureAtlas imagePath="Monster_Boss_1_Bellial.png" width="2505" height="2505">
    <sprite n="Background/SkellBossBack0" x="0" y="285" w="225" h="225" pX="0.5" pY="0.5"/>
    <sprite n="Background/SkellBossBack1" x="545" y="285" w="235" h="235" pX="0.5" pY="0.5"/>
    <sprite n="Background/SkellBossBack2" x="780" y="285" w="235" h="235" pX="0.5" pY="0.5"/>
    <sprite n="Background/SkellBossBack3" x="0" y="285" w="225" h="225" pX="0.5" pY="0.5"/>
    <sprite n="Background/SkellBossBack4" x="545" y="285" w="235" h="235" pX="0.5" pY="0.5"/>
    <sprite n="Background/SkellBossBack5" x="780" y="285" w="235" h="235" pX="0.5" pY="0.5"/>
    <sprite n="Background/SkellBossBack6" x="0" y="285" w="225" h="225" pX="0.5" pY="0.5"/>
    <sprite n="Background/SkellBossBack7" x="545" y="285" w="235" h="235" pX="0.5" pY="0.5"/>
    <sprite n="Background/SkellBossBack8" x="780" y="285" w="235" h="235" pX="0.5" pY="0.5"/>
    <sprite n="Background/SkellBossBack9" x="545" y="285" w="235" h="235" pX="0.5" pY="0.5"/>
    <sprite n="BackgroundParticle/SkellBossParticle0" x="1385" y="85" w="150" h="150" pX="0.5" pY="0.5"/>
    <sprite n="BackgroundParticle/SkellBossParticle1" x="955" y="85" w="140" h="140" pX="0.5" pY="0.5"/>
    <sprite n="BackgroundParticle/SkellBossParticle2" x="260" y="85" w="110" h="110" pX="0.5" pY="0.5"/>
    <sprite n="BackgroundParticle/SkellBossParticle3" x="0" y="85" w="100" h="100" pX="0.5" pY="0.5"/>
    <sprite n="BackgroundParticle/SkellBossParticle4" x="955" y="85" w="140" h="140" pX="0.5" pY="0.5"/>
    <sprite n="BackgroundParticle/SkellBossParticle5" x="260" y="85" w="110" h="110" pX="0.5" pY="0.5"/>
    <sprite n="BackgroundParticle/SkellBossParticle6" x="1980" y="0" w="70" h="70" pX="0.5" pY="0.5"/>
    <sprite n="BackgroundParticle/SkellBossParticle7" x="480" y="0" w="40" h="40" pX="0.5" pY="0.5"/>
    <sprite n="BossBody/Attack/SkellBossAttack00" x="1050" y="1245" w="350" h="455" pX="0.5" pY="0.5"/>
    <sprite n="BossBody/Attack/SkellBossAttack01" x="350" y="1245" w="350" h="440" pX="0.5" pY="0.5"/>
    <sprite n="BossBody/Attack/SkellBossAttack02" x="700" y="1245" w="350" h="450" pX="0.5" pY="0.5"/>
    <sprite n="BossBody/Attack/SkellBossAttack03" x="2100" y="1245" w="350" h="585" pX="0.5" pY="0.5"/>
    <sprite n="BossBody/Attack/SkellBossAttack04" x="0" y="1830" w="350" h="610" pX="0.5" pY="0.5"/>
    <sprite n="BossBody/Attack/SkellBossAttack05" x="350" y="1830" w="350" h="620" pX="0.5" pY="0.5"/>
    <sprite n="BossBody/Attack/SkellBossAttack06" x="700" y="1830" w="350" h="630" pX="0.5" pY="0.5"/>
    <sprite n="BossBody/Attack/SkellBossAttack07" x="1050" y="1830" w="350" h="630" pX="0.5" pY="0.5"/>
    <sprite n="BossBody/Attack/SkellBossAttack08" x="1400" y="1830" w="350" h="630" pX="0.5" pY="0.5"/>
    <sprite n="BossBody/Attack/SkellBossAttack09" x="1750" y="1830" w="350" h="630" pX="0.5" pY="0.5"/>
    <sprite n="BossBody/Dead/SkellBossDead" x="2100" y="1830" w="350" h="630" pX="0.5" pY="0.5"/>
    <sprite n="BossBody/Dead/SkellBossDead_Head" x="1955" y="860" w="350" h="385" pX="0.5" pY="0.5"/>
    <sprite n="BossBody/Dead/SkellBossDead_Jaw" x="1535" y="85" w="245" h="155" pX="0.5" pY="0.5"/>
    <sprite n="BossBody/Dead/SkellBossDead_LeftBigPart" x="1320" y="0" w="50" h="60" pX="0.5" pY="0.5"/>
    <sprite n="BossBody/Dead/SkellBossDead_LeftSmallPart" x="260" y="0" w="30" h="20" pX="0.5" pY="0.5"/>
    <sprite n="BossBody/Dead/SkellBossDead_RightBigPart" x="1370" y="0" w="45" h="60" pX="0.5" pY="0.5"/>
    <sprite n="BossBody/Dead/SkellBossDead_RightSmallPart" x="290" y="0" w="30" h="20" pX="0.5" pY="0.5"/>
    <sprite n="BossBody/Idle/SkellBossIdle0" x="1050" y="1245" w="350" h="455" pX="0.5" pY="0.5"/>
    <sprite n="BossBody/Idle/SkellBossIdle1" x="1400" y="1245" w="350" h="460" pX="0.5" pY="0.5"/>
    <sprite n="BossBody/Idle/SkellBossIdle2" x="1750" y="1245" w="350" h="465" pX="0.5" pY="0.5"/>
    <sprite n="BossBody/Idle/SkellBossIdle3" x="1750" y="1245" w="350" h="465" pX="0.5" pY="0.5"/>
    <sprite n="BossBody/Idle/SkellBossIdle4" x="1050" y="1245" w="350" h="455" pX="0.5" pY="0.5"/>
    <sprite n="BossBody/Idle/SkellBossIdle5" x="700" y="1245" w="350" h="450" pX="0.5" pY="0.5"/>
    <sprite n="BossBody/Idle/SkellBossIdle6" x="350" y="1245" w="350" h="440" pX="0.5" pY="0.5"/>
    <sprite n="BossBody/Idle/SkellBossIdle7" x="0" y="1245" w="350" h="435" pX="0.5" pY="0.5"/>
    <sprite n="BossBody/Idle/SkellBossIdle8" x="350" y="1245" w="350" h="440" pX="0.5" pY="0.5"/>
    <sprite n="BossBody/Idle/SkellBossIdle9" x="700" y="1245" w="350" h="450" pX="0.5" pY="0.5"/>
    <sprite n="BossBullet/FX/BossBulletFX000" x="1095" y="85" w="145" h="145" pX="0.5" pY="0.5"/>
    <sprite n="BossBullet/FX/BossBulletFX001" x="1240" y="85" w="145" h="145" pX="0.5" pY="0.5"/>
    <sprite n="BossBullet/FX/BossBulletFX002" x="1780" y="85" w="155" h="155" pX="0.5" pY="0.5"/>
    <sprite n="BossBullet/FX/BossBulletFX003" x="1935" y="85" w="155" h="155" pX="0.5" pY="0.5"/>
    <sprite n="BossBullet/FX/BossBulletFX004" x="670" y="85" w="125" h="125" pX="0.5" pY="0.5"/>
    <sprite n="BossBullet/FX/BossBulletFX005" x="370" y="85" w="40" h="110" pX="0.5" pY="0.5"/>
    <sprite n="BossBullet/FX/BossBulletFX006" x="320" y="0" w="15" h="20" pX="0.5" pY="0.5"/>
    <sprite n="BossBullet/FX/BossBulletFX007" x="0" y="0" w="5" h="5" pX="0.5" pY="0.5"/>
    <sprite n="BossBullet/Normal/BossBullet000" x="1915" y="0" w="65" h="65" pX="0.5" pY="0.5"/>
    <sprite n="BossBullet/Normal/BossBullet001" x="850" y="0" w="55" h="55" pX="0.5" pY="0.5"/>
    <sprite n="LeftHand/Attack/SkellBossLeftHandAttack00" x="280" y="860" w="285" h="315" pX="0.5" pY="0.5"/>
    <sprite n="LeftHand/Attack/SkellBossLeftHandAttack01" x="1260" y="860" w="295" h="330" pX="0.5" pY="0.5"/>
    <sprite n="LeftHand/Attack/SkellBossLeftHandAttack02" x="1445" y="285" w="260" h="260" pX="0.5" pY="0.5"/>
    <sprite n="LeftHand/Attack/SkellBossLeftHandAttack03" x="1175" y="285" w="270" h="250" pX="0.5" pY="0.5"/>
    <sprite n="LeftHand/Attack/SkellBossLeftHandAttack04" x="1705" y="285" w="260" h="260" pX="0.5" pY="0.5"/>
    <sprite n="LeftHand/Attack/SkellBossLeftHandAttack05" x="1965" y="285" w="260" h="265" pX="0.5" pY="0.5"/>
    <sprite n="LeftHand/Attack/SkellBossLeftHandAttack06" x="2225" y="285" w="260" h="270" pX="0.5" pY="0.5"/>
    <sprite n="LeftHand/Attack/SkellBossLeftHandAttack07" x="0" y="555" w="260" h="270" pX="0.5" pY="0.5"/>
    <sprite n="LeftHand/Attack/SkellBossLeftHandAttack08" x="260" y="555" w="260" h="270" pX="0.5" pY="0.5"/>
    <sprite n="LeftHand/Attack/SkellBossLeftHandAttack09" x="565" y="860" w="310" h="315" pX="0.5" pY="0.5"/>
    <sprite n="LeftHand/Attack/SkellBossLeftHandAttack10" x="1555" y="860" w="295" h="335" pX="0.5" pY="0.5"/>
    <sprite n="LeftHand/Attack/SkellBossLeftHandAttack11" x="1555" y="860" w="295" h="335" pX="0.5" pY="0.5"/>
    <sprite n="LeftHand/Attack/SkellBossLeftHandAttack12" x="1555" y="860" w="295" h="335" pX="0.5" pY="0.5"/>
    <sprite n="LeftHand/Attack/SkellBossLeftHandAttack13" x="1555" y="860" w="295" h="335" pX="0.5" pY="0.5"/>
    <sprite n="LeftHand/Attack/SkellBossLeftHandAttack14" x="2135" y="555" w="285" h="305" pX="0.5" pY="0.5"/>
    <sprite n="LeftHand/Attack/SkellBossLeftHandAttack15" x="1050" y="555" w="270" h="285" pX="0.5" pY="0.5"/>
    <sprite n="LeftHand/Attack/SkellBossLeftHandAttack16" x="520" y="555" w="265" h="275" pX="0.5" pY="0.5"/>
    <sprite n="LeftHand/Attack/SkellBossLeftHandAttack17" x="1050" y="555" w="270" h="285" pX="0.5" pY="0.5"/>
    <sprite n="LeftHand/Idle/SkellBossLeftHandIdle0" x="1585" y="555" w="275" h="295" pX="0.5" pY="0.5"/>
    <sprite n="LeftHand/Idle/SkellBossLeftHandIdle1" x="0" y="860" w="280" h="310" pX="0.5" pY="0.5"/>
    <sprite n="LeftHand/Idle/SkellBossLeftHandIdle2" x="875" y="860" w="280" h="315" pX="0.5" pY="0.5"/>
    <sprite n="LeftHand/Idle/SkellBossLeftHandIdle3" x="280" y="860" w="285" h="315" pX="0.5" pY="0.5"/>
    <sprite n="LeftHand/Idle/SkellBossLeftHandIdle4" x="2135" y="555" w="285" h="305" pX="0.5" pY="0.5"/>
    <sprite n="LeftHand/Idle/SkellBossLeftHandIdle5" x="1860" y="555" w="275" h="300" pX="0.5" pY="0.5"/>
    <sprite n="LeftHand/Idle/SkellBossLeftHandIdle6" x="1320" y="555" w="265" h="290" pX="0.5" pY="0.5"/>
    <sprite n="LeftHand/Idle/SkellBossLeftHandIdle7" x="785" y="555" w="265" h="275" pX="0.5" pY="0.5"/>
    <sprite n="LeftHand/Idle/SkellBossLeftHandIdle8" x="520" y="555" w="265" h="275" pX="0.5" pY="0.5"/>
    <sprite n="LeftHand/Idle/SkellBossLeftHandIdle9" x="1050" y="555" w="270" h="285" pX="0.5" pY="0.5"/>
    <sprite n="PatternLaser/SkellBossLaserBody0" x="225" y="285" w="160" h="225" pX="0.5" pY="0.5"/>
    <sprite n="PatternLaser/SkellBossLaserBody1" x="1015" y="285" w="160" h="235" pX="0.5" pY="0.5"/>
    <sprite n="PatternLaser/SkellBossLaserBody2" x="385" y="285" w="160" h="225" pX="0.5" pY="0.5"/>
    <sprite n="PatternLaser/SkellBossLaserBody3" x="795" y="85" w="160" h="135" pX="0.5" pY="0.5"/>
    <sprite n="PatternLaser/SkellBossLaserBody4" x="905" y="0" w="160" h="55" pX="0.5" pY="0.5"/>
    <sprite n="PatternLaser/SkellBossLaserBody5" x="1415" y="0" w="160" h="60" pX="0.5" pY="0.5"/>
    <sprite n="PatternLaser/SkellBossLaserBody6" x="2050" y="0" w="160" h="75" pX="0.5" pY="0.5"/>
    <sprite n="PatternLaser/SkellBossLaserHead0" x="2090" y="85" w="125" h="200" pX="0.5" pY="0.5"/>
    <sprite n="PatternLaser/SkellBossLaserHead1" x="2215" y="85" w="125" h="200" pX="0.5" pY="0.5"/>
    <sprite n="PatternLaser/SkellBossLaserHead2" x="2340" y="85" w="125" h="200" pX="0.5" pY="0.5"/>
    <sprite n="PatternLaser/SkellBossLaserHead3" x="545" y="85" w="125" h="120" pX="0.5" pY="0.5"/>
    <sprite n="PatternLaser/SkellBossLaserHead4" x="520" y="0" w="125" h="45" pX="0.5" pY="0.5"/>
    <sprite n="PatternLaser/SkellBossLaserHead5" x="725" y="0" w="125" h="50" pX="0.5" pY="0.5"/>
    <sprite n="PatternLaser/SkellBossLaserHead6" x="1575" y="0" w="85" h="60" pX="0.5" pY="0.5"/>
    <sprite n="PatternSword/Charge/BossSwordCharge0" x="40" y="0" w="35" h="15" pX="0.5" pY="0.5"/>
    <sprite n="PatternSword/Charge/BossSwordCharge1" x="335" y="0" w="75" h="35" pX="0.5" pY="0.5"/>
    <sprite n="PatternSword/Charge/BossSwordCharge2" x="645" y="0" w="80" h="45" pX="0.5" pY="0.5"/>
    <sprite n="PatternSword/Charge/BossSwordCharge3" x="2425" y="0" w="80" h="85" pX="0.5" pY="0.5"/>
    <sprite n="PatternSword/Charge/BossSwordCharge4" x="100" y="85" w="80" h="100" pX="0.5" pY="0.5"/>
    <sprite n="PatternSword/Charge/BossSwordCharge5" x="180" y="85" w="80" h="105" pX="0.5" pY="0.5"/>
    <sprite n="PatternSword/Charge/BossSwordCharge6" x="410" y="0" w="70" h="35" pX="0.5" pY="0.5"/>
    <sprite n="PatternSword/Charge/BossSwordCharge7" x="5" y="0" w="35" h="5" pX="0.5" pY="0.5"/>
    <sprite n="PatternSword/HitFX/BossSwordHitFX0" x="410" y="85" w="135" h="110" pX="0.5" pY="0.5"/>
    <sprite n="PatternSword/HitFX/BossSwordHitFX1" x="2210" y="0" w="215" h="80" pX="0.5" pY="0.5"/>
    <sprite n="PatternSword/HitFX/BossSwordHitFX2" x="1660" y="0" w="255" h="60" pX="0.5" pY="0.5"/>
    <sprite n="PatternSword/HitFX/BossSwordHitFX3" x="1065" y="0" w="255" h="55" pX="0.5" pY="0.5"/>
    <sprite n="PatternSword/HitFX/BossSwordHitFX4" x="75" y="0" w="185" h="15" pX="0.5" pY="0.5"/>
    <sprite n="PatternSword/SwordBody/BossSword" x="1155" y="860" w="105" h="325" pX="0.5" pY="0.5"/>
    <sprite n="PatternSword/SwordBody/BossSwordFX" x="1850" y="860" w="105" h="350" pX="0.5" pY="0.5"/>
</TextureAtlas>
