<?xml version="1.0" encoding="UTF-8"?>
<!-- Created with TexturePacker https://www.codeandweb.com/texturepacker -->
<!-- $TexturePacker:SmartUpdate:4e0a0d65cb9322b089aafb64e0fa5a0f:85c532c6641f2d35a9fcbf9ea0cd1a56:6c45f23d1211d37495dbafcfd7f348f6$ -->
<!--Format:
n  => name of the sprite
x  => sprite x pos in texture
y  => sprite y pos in texture
w  => sprite width (may be trimmed)
h  => sprite height (may be trimmed)
pX => x pos of the pivot point (relative to sprite width)
pY => y pos of the pivot point (relative to sprite height)
oX => sprite's x-corner offset (only available if trimmed)
oY => sprite's y-corner offset (only available if trimmed)
oW => sprite's original width (only available if trimmed)
oH => sprite's original height (only available if trimmed)
r => 'y' only set if sprite is rotated
with polygon mode enabled:
vertices   => points in sprite coordinate system (x0,y0,x1,y1,x2,y2, ...)
verticesUV => points in sheet coordinate system (x0,y0,x1,y1,x2,y2, ...)
triangles  => sprite triangulation, 3 vertex indices per triangle
-->
<TextureAtlas imagePath="player.png" width="1012" height="1236">
    <sprite n="Adventurer/CharWalk1_0" x="0" y="0" w="52" h="84" pX="0.5" pY="1"/>
    <sprite n="Adventurer/Die/CharDie" x="52" y="0" w="76" h="48" pX="0.5" pY="1"/>
    <sprite n="Adventurer/Idle/CharIdle0" x="128" y="0" w="52" h="76" pX="0.5" pY="1"/>
    <sprite n="Adventurer/Idle/CharIdle1" x="180" y="0" w="52" h="80" pX="0.5" pY="1"/>
    <sprite n="Adventurer/Idle/CharIdle2" x="232" y="0" w="56" h="80" pX="0.5" pY="1"/>
    <sprite n="Adventurer/Idle/CharIdle3" x="288" y="0" w="60" h="76" pX="0.5" pY="1"/>
    <sprite n="Adventurer/Idle/CharIdle4" x="348" y="0" w="56" h="76" pX="0.5" pY="1"/>
    <sprite n="Adventurer/Jump/CharJump" x="404" y="0" w="52" h="76" pX="0.5" pY="1"/>
    <sprite n="Adventurer/Run/CharRun0" x="456" y="0" w="68" h="76" pX="0.5" pY="1"/>
    <sprite n="Adventurer/Run/CharRun1" x="524" y="0" w="56" h="80" pX="0.5" pY="1"/>
    <sprite n="Adventurer/Run/CharRun2" x="580" y="0" w="56" h="80" pX="0.5" pY="1"/>
    <sprite n="Adventurer/Run/CharRun3" x="636" y="0" w="60" h="76" pX="0.5" pY="1"/>
    <sprite n="Adventurer/Run/CharRun4" x="696" y="0" w="60" h="76" pX="0.5" pY="1"/>
    <sprite n="Adventurer/Run/CharRun5" x="756" y="0" w="52" h="80" pX="0.5" pY="1"/>
    <sprite n="Adventurer/Run/CharRun6" x="808" y="0" w="56" h="80" pX="0.5" pY="1"/>
    <sprite n="Adventurer/Run/CharRun7" x="864" y="0" w="64" h="76" pX="0.5" pY="1"/>
    <sprite n="Alice/Die/CharDie" x="928" y="0" w="76" h="40" pX="0.5" pY="1"/>
    <sprite n="Alice/Idle/CharIdle0" x="0" y="84" w="52" h="76" pX="0.5" pY="1"/>
    <sprite n="Alice/Idle/CharIdle1" x="52" y="84" w="52" h="76" pX="0.5" pY="1"/>
    <sprite n="Alice/Idle/CharIdle2" x="104" y="84" w="52" h="76" pX="0.5" pY="1"/>
    <sprite n="Alice/Idle/CharIdle3" x="156" y="84" w="52" h="72" pX="0.5" pY="1"/>
    <sprite n="Alice/Idle/CharIdle4" x="208" y="84" w="52" h="72" pX="0.5" pY="1"/>
    <sprite n="Alice/Jump/CharJump" x="260" y="84" w="52" h="76" pX="0.5" pY="1"/>
    <sprite n="Alice/Run/CharRun0" x="312" y="84" w="60" h="68" pX="0.5" pY="1"/>
    <sprite n="Alice/Run/CharRun1" x="372" y="84" w="60" h="72" pX="0.5" pY="1"/>
    <sprite n="Alice/Run/CharRun2" x="432" y="84" w="60" h="72" pX="0.5" pY="1"/>
    <sprite n="Alice/Run/CharRun3" x="492" y="84" w="60" h="68" pX="0.5" pY="1"/>
    <sprite n="Alice/Run/CharRun4" x="552" y="84" w="60" h="72" pX="0.5" pY="1"/>
    <sprite n="Alice/Run/CharRun5" x="612" y="84" w="60" h="72" pX="0.5" pY="1"/>
    <sprite n="ArmoredWarrior/CharWalk0" x="672" y="84" w="48" h="80" pX="0.5" pY="1"/>
    <sprite n="ArmoredWarrior/CharWalk1" x="720" y="84" w="48" h="84" pX="0.5" pY="1"/>
    <sprite n="ArmoredWarrior/CharWalk2" x="768" y="84" w="48" h="84" pX="0.5" pY="1"/>
    <sprite n="ArmoredWarrior/CharWalk3" x="816" y="84" w="48" h="80" pX="0.5" pY="1"/>
    <sprite n="ArmoredWarrior/CharWalk4" x="864" y="84" w="48" h="84" pX="0.5" pY="1"/>
    <sprite n="ArmoredWarrior/CharWalk5" x="912" y="84" w="48" h="84" pX="0.5" pY="1"/>
    <sprite n="ArmoredWarrior/Die/CharDie" x="0" y="168" w="80" h="44" pX="0.5" pY="1"/>
    <sprite n="ArmoredWarrior/Idle/CharIdle0" x="80" y="168" w="52" h="80" pX="0.5" pY="1"/>
    <sprite n="ArmoredWarrior/Idle/CharIdle1" x="132" y="168" w="52" h="80" pX="0.5" pY="1"/>
    <sprite n="ArmoredWarrior/Idle/CharIdle2" x="184" y="168" w="52" h="80" pX="0.5" pY="1"/>
    <sprite n="ArmoredWarrior/Idle/CharIdle3" x="236" y="168" w="52" h="76" pX="0.5" pY="1"/>
    <sprite n="ArmoredWarrior/Idle/CharIdle4" x="288" y="168" w="52" h="76" pX="0.5" pY="1"/>
    <sprite n="ArmoredWarrior/Jump/CharJump" x="340" y="168" w="52" h="80" pX="0.5" pY="1"/>
    <sprite n="ArmoredWarrior/Run/CharRun0" x="392" y="168" w="56" h="76" pX="0.5" pY="1"/>
    <sprite n="ArmoredWarrior/Run/CharRun1" x="448" y="168" w="52" h="80" pX="0.5" pY="1"/>
    <sprite n="ArmoredWarrior/Run/CharRun2" x="500" y="168" w="48" h="80" pX="0.5" pY="1"/>
    <sprite n="ArmoredWarrior/Run/CharRun3" x="548" y="168" w="48" h="76" pX="0.5" pY="1"/>
    <sprite n="ArmoredWarrior/Run/CharRun4" x="596" y="168" w="48" h="76" pX="0.5" pY="1"/>
    <sprite n="ArmoredWarrior/Run/CharRun5" x="644" y="168" w="48" h="80" pX="0.5" pY="1"/>
    <sprite n="ArmoredWarrior/Run/CharRun6" x="692" y="168" w="52" h="80" pX="0.5" pY="1"/>
    <sprite n="ArmoredWarrior/Run/CharRun7" x="744" y="168" w="52" h="76" pX="0.5" pY="1"/>
    <sprite n="CriminalSilhouette/Die/CharDie" x="796" y="168" w="76" h="40" pX="0.5" pY="1"/>
    <sprite n="CriminalSilhouette/Idle/CharIdle0" x="872" y="168" w="44" h="76" pX="0.5" pY="1"/>
    <sprite n="CriminalSilhouette/Idle/CharIdle1" x="916" y="168" w="44" h="76" pX="0.5" pY="1"/>
    <sprite n="CriminalSilhouette/Idle/CharIdle2" x="960" y="168" w="44" h="76" pX="0.5" pY="1"/>
    <sprite n="CriminalSilhouette/Idle/CharIdle3" x="0" y="248" w="44" h="72" pX="0.5" pY="1"/>
    <sprite n="CriminalSilhouette/Idle/CharIdle4" x="44" y="248" w="44" h="72" pX="0.5" pY="1"/>
    <sprite n="CriminalSilhouette/Jump/CharJump" x="88" y="248" w="48" h="76" pX="0.5" pY="1"/>
    <sprite n="CriminalSilhouette/Run/CharRun0" x="136" y="248" w="52" h="72" pX="0.5" pY="1"/>
    <sprite n="CriminalSilhouette/Run/CharRun1" x="188" y="248" w="48" h="76" pX="0.5" pY="1"/>
    <sprite n="CriminalSilhouette/Run/CharRun2" x="236" y="248" w="48" h="76" pX="0.5" pY="1"/>
    <sprite n="CriminalSilhouette/Run/CharRun3" x="284" y="248" w="48" h="72" pX="0.5" pY="1"/>
    <sprite n="CriminalSilhouette/Run/CharRun4" x="332" y="248" w="48" h="76" pX="0.5" pY="1"/>
    <sprite n="CriminalSilhouette/Run/CharRun5" x="380" y="248" w="48" h="76" pX="0.5" pY="1"/>
    <sprite n="DevilSwordsman/Die/CharDie" x="428" y="248" w="84" h="48" pX="0.5" pY="1"/>
    <sprite n="DevilSwordsman/Idle/CharIdle0" x="512" y="248" w="56" h="84" pX="0.5" pY="1"/>
    <sprite n="DevilSwordsman/Idle/CharIdle1" x="568" y="248" w="56" h="80" pX="0.5" pY="1"/>
    <sprite n="DevilSwordsman/Idle/CharIdle2" x="624" y="248" w="56" h="80" pX="0.5" pY="1"/>
    <sprite n="DevilSwordsman/Idle/CharIdle3" x="680" y="248" w="56" h="80" pX="0.5" pY="1"/>
    <sprite n="DevilSwordsman/Idle/CharIdle4" x="736" y="248" w="56" h="84" pX="0.5" pY="1"/>
    <sprite n="DevilSwordsman/Jump/CharJump" x="792" y="248" w="56" h="84" pX="0.5" pY="1"/>
    <sprite n="DevilSwordsman/Run/CharRun0" x="848" y="248" w="68" h="76" pX="0.5" pY="1"/>
    <sprite n="DevilSwordsman/Run/CharRun1" x="916" y="248" w="64" h="76" pX="0.5" pY="1"/>
    <sprite n="DevilSwordsman/Run/CharRun2" x="0" y="332" w="56" h="80" pX="0.5" pY="1"/>
    <sprite n="DevilSwordsman/Run/CharRun3" x="56" y="332" w="56" h="76" pX="0.5" pY="1"/>
    <sprite n="DevilSwordsman/Run/CharRun4" x="112" y="332" w="60" h="76" pX="0.5" pY="1"/>
    <sprite n="DevilSwordsman/Run/CharRun5" x="172" y="332" w="60" h="76" pX="0.5" pY="1"/>
    <sprite n="DevilSwordsman/Run/CharRun6" x="232" y="332" w="60" h="80" pX="0.5" pY="1"/>
    <sprite n="DevilSwordsman/Run/CharRun7" x="292" y="332" w="64" h="76" pX="0.5" pY="1"/>
    <sprite n="Fatso/Die/CharDie" x="356" y="332" w="72" h="60" pX="0.5" pY="1"/>
    <sprite n="Fatso/Idle/CharIdle0" x="428" y="332" w="64" h="72" pX="0.5" pY="1"/>
    <sprite n="Fatso/Idle/CharIdle1" x="492" y="332" w="64" h="72" pX="0.5" pY="1"/>
    <sprite n="Fatso/Idle/CharIdle2" x="556" y="332" w="64" h="72" pX="0.5" pY="1"/>
    <sprite n="Fatso/Idle/CharIdle3" x="620" y="332" w="60" h="68" pX="0.5" pY="1"/>
    <sprite n="Fatso/Idle/CharIdle4" x="680" y="332" w="60" h="68" pX="0.5" pY="1"/>
    <sprite n="Fatso/Jump/CharJump" x="740" y="332" w="64" h="72" pX="0.5" pY="1"/>
    <sprite n="Fatso/Run/CharRun0" x="804" y="332" w="64" h="72" pX="0.5" pY="1"/>
    <sprite n="Fatso/Run/CharRun1" x="868" y="332" w="64" h="76" pX="0.5" pY="1"/>
    <sprite n="Fatso/Run/CharRun2" x="932" y="332" w="64" h="72" pX="0.5" pY="1"/>
    <sprite n="Fatso/Run/CharRun3" x="0" y="412" w="64" h="68" pX="0.5" pY="1"/>
    <sprite n="Fatso/Run/CharRun4" x="64" y="412" w="64" h="72" pX="0.5" pY="1"/>
    <sprite n="Fatso/Run/CharRun5" x="128" y="412" w="64" h="76" pX="0.5" pY="1"/>
    <sprite n="Fatso/Run/CharRun6" x="192" y="412" w="64" h="72" pX="0.5" pY="1"/>
    <sprite n="Fatso/Run/CharRun7" x="256" y="412" w="64" h="68" pX="0.5" pY="1"/>
    <sprite n="Hand/CharHand_0" x="320" y="412" w="12" h="12" pX="0.5" pY="1"/>
    <sprite n="Hand/CharHand_1" x="332" y="412" w="12" h="12" pX="0.5" pY="1"/>
    <sprite n="Hand/CharHand_2" x="344" y="412" w="12" h="12" pX="0.5" pY="1"/>
    <sprite n="Hand/CharHand_3" x="356" y="412" w="12" h="12" pX="0.5" pY="1"/>
    <sprite n="Hand/CharHand_4" x="368" y="412" w="12" h="12" pX="0.5" pY="1"/>
    <sprite n="Hand/CharHand_5" x="380" y="412" w="16" h="16" pX="0.5" pY="1"/>
    <sprite n="Hand/CharHand_6" x="396" y="412" w="12" h="12" pX="0.5" pY="1"/>
    <sprite n="Hand/CharHand_7" x="408" y="412" w="12" h="12" pX="0.5" pY="1"/>
    <sprite n="HumanLasley/CharDown" x="420" y="412" w="64" h="68" pX="0.5" pY="1"/>
    <sprite n="HumanLasley/Die/CharDie" x="484" y="412" w="80" h="44" pX="0.5" pY="1"/>
    <sprite n="HumanLasley/Idle/CharIdle0" x="564" y="412" w="56" h="80" pX="0.5" pY="1"/>
    <sprite n="HumanLasley/Idle/CharIdle1" x="620" y="412" w="56" h="80" pX="0.5" pY="1"/>
    <sprite n="HumanLasley/Idle/CharIdle2" x="676" y="412" w="56" h="80" pX="0.5" pY="1"/>
    <sprite n="HumanLasley/Idle/CharIdle3" x="732" y="412" w="60" h="76" pX="0.5" pY="1"/>
    <sprite n="HumanLasley/Idle/CharIdle4" x="792" y="412" w="56" h="76" pX="0.5" pY="1"/>
    <sprite n="HumanLasley/Jump/CharJump" x="848" y="412" w="56" h="80" pX="0.5" pY="1"/>
    <sprite n="HumanLasley/Run/CharRun0" x="904" y="412" w="68" h="76" pX="0.5" pY="1"/>
    <sprite n="HumanLasley/Run/CharRun1" x="0" y="492" w="64" h="80" pX="0.5" pY="1"/>
    <sprite n="HumanLasley/Run/CharRun2" x="64" y="492" w="60" h="80" pX="0.5" pY="1"/>
    <sprite n="HumanLasley/Run/CharRun3" x="124" y="492" w="60" h="76" pX="0.5" pY="1"/>
    <sprite n="HumanLasley/Run/CharRun4" x="184" y="492" w="64" h="76" pX="0.5" pY="1"/>
    <sprite n="HumanLasley/Run/CharRun5" x="248" y="492" w="64" h="80" pX="0.5" pY="1"/>
    <sprite n="HumanLasley/Run/CharRun6" x="312" y="492" w="60" h="80" pX="0.5" pY="1"/>
    <sprite n="HumanLasley/Run/CharRun7" x="372" y="492" w="64" h="76" pX="0.5" pY="1"/>
    <sprite n="IkinaBear/Die/CharDie" x="436" y="492" w="80" h="48" pX="0.5" pY="1"/>
    <sprite n="IkinaBear/Idle/CharIdle0" x="516" y="492" w="60" h="80" pX="0.5" pY="1"/>
    <sprite n="IkinaBear/Idle/CharIdle1" x="576" y="492" w="60" h="84" pX="0.5" pY="1"/>
    <sprite n="IkinaBear/Idle/CharIdle2" x="636" y="492" w="60" h="84" pX="0.5" pY="1"/>
    <sprite n="IkinaBear/Idle/CharIdle3" x="696" y="492" w="60" h="80" pX="0.5" pY="1"/>
    <sprite n="IkinaBear/Idle/CharIdle4" x="756" y="492" w="60" h="80" pX="0.5" pY="1"/>
    <sprite n="IkinaBear/Jump/CharJump" x="816" y="492" w="60" h="80" pX="0.5" pY="1"/>
    <sprite n="IkinaBear/Run/CharRun0" x="876" y="492" w="60" h="80" pX="0.5" pY="1"/>
    <sprite n="IkinaBear/Run/CharRun1" x="936" y="492" w="60" h="80" pX="0.5" pY="1"/>
    <sprite n="IkinaBear/Run/CharRun2" x="0" y="576" w="60" h="84" pX="0.5" pY="1"/>
    <sprite n="IkinaBear/Run/CharRun3" x="60" y="576" w="60" h="80" pX="0.5" pY="1"/>
    <sprite n="IkinaBear/Run/CharRun4" x="120" y="576" w="60" h="80" pX="0.5" pY="1"/>
    <sprite n="IkinaBear/Run/CharRun5" x="180" y="576" w="60" h="84" pX="0.5" pY="1"/>
    <sprite n="KingOfPickaxes/Die/CharIDie" x="240" y="576" w="80" h="48" pX="0.5" pY="1"/>
    <sprite n="KingOfPickaxes/Idle/CharIdle0" x="320" y="576" w="56" h="80" pX="0.5" pY="1"/>
    <sprite n="KingOfPickaxes/Idle/CharIdle1" x="376" y="576" w="56" h="84" pX="0.5" pY="1"/>
    <sprite n="KingOfPickaxes/Idle/CharIdle2" x="432" y="576" w="56" h="84" pX="0.5" pY="1"/>
    <sprite n="KingOfPickaxes/Idle/CharIdle3" x="488" y="576" w="56" h="80" pX="0.5" pY="1"/>
    <sprite n="KingOfPickaxes/Idle/CharIdle4" x="544" y="576" w="56" h="76" pX="0.5" pY="1"/>
    <sprite n="KingOfPickaxes/Jump/CharJump" x="600" y="576" w="56" h="80" pX="0.5" pY="1"/>
    <sprite n="KingOfPickaxes/Run/CharRun0" x="656" y="576" w="60" h="80" pX="0.5" pY="1"/>
    <sprite n="KingOfPickaxes/Run/CharRun1" x="716" y="576" w="56" h="80" pX="0.5" pY="1"/>
    <sprite n="KingOfPickaxes/Run/CharRun2" x="772" y="576" w="56" h="84" pX="0.5" pY="1"/>
    <sprite n="KingOfPickaxes/Run/CharRun3" x="828" y="576" w="56" h="80" pX="0.5" pY="1"/>
    <sprite n="KingOfPickaxes/Run/CharRun4" x="884" y="576" w="56" h="80" pX="0.5" pY="1"/>
    <sprite n="KingOfPickaxes/Run/CharRun5" x="940" y="576" w="56" h="80" pX="0.5" pY="1"/>
    <sprite n="KingOfPickaxes/Run/CharRun6" x="0" y="660" w="56" h="84" pX="0.5" pY="1"/>
    <sprite n="KingOfPickaxes/Run/CharRun7" x="56" y="660" w="56" h="80" pX="0.5" pY="1"/>
    <sprite n="Lotus/Die/CharDie" x="112" y="660" w="84" h="40" pX="0.5" pY="1"/>
    <sprite n="Lotus/Idle/CharIdle0" x="196" y="660" w="60" h="76" pX="0.5" pY="1"/>
    <sprite n="Lotus/Idle/CharIdle1" x="256" y="660" w="60" h="80" pX="0.5" pY="1"/>
    <sprite n="Lotus/Idle/CharIdle2" x="316" y="660" w="60" h="80" pX="0.5" pY="1"/>
    <sprite n="Lotus/Idle/CharIdle3" x="376" y="660" w="60" h="76" pX="0.5" pY="1"/>
    <sprite n="Lotus/Idle/CharIdle4" x="436" y="660" w="60" h="76" pX="0.5" pY="1"/>
    <sprite n="Lotus/Jump/CharJump" x="496" y="660" w="60" h="80" pX="0.5" pY="1"/>
    <sprite n="Lotus/Run/CharRun0" x="556" y="660" w="60" h="72" pX="0.5" pY="1"/>
    <sprite n="Lotus/Run/CharRun1" x="616" y="660" w="60" h="72" pX="0.5" pY="1"/>
    <sprite n="Lotus/Run/CharRun2" x="676" y="660" w="60" h="76" pX="0.5" pY="1"/>
    <sprite n="Lotus/Run/CharRun3" x="736" y="660" w="60" h="72" pX="0.5" pY="1"/>
    <sprite n="Lotus/Run/CharRun4" x="796" y="660" w="60" h="72" pX="0.5" pY="1"/>
    <sprite n="Lotus/Run/CharRun5" x="856" y="660" w="60" h="76" pX="0.5" pY="1"/>
    <sprite n="MasterChef/Die/CharDie" x="916" y="660" w="92" h="48" pX="0.5" pY="1"/>
    <sprite n="MasterChef/Idle/CharIdle0" x="0" y="744" w="60" h="92" pX="0.5" pY="1"/>
    <sprite n="MasterChef/Idle/CharIdle1" x="60" y="744" w="60" h="92" pX="0.5" pY="1"/>
    <sprite n="MasterChef/Idle/CharIdle2" x="120" y="744" w="60" h="92" pX="0.5" pY="1"/>
    <sprite n="MasterChef/Idle/CharIdle3" x="180" y="744" w="60" h="88" pX="0.5" pY="1"/>
    <sprite n="MasterChef/Idle/CharIdle4" x="240" y="744" w="60" h="88" pX="0.5" pY="1"/>
    <sprite n="MasterChef/Jump/CharJump_" x="300" y="744" w="60" h="88" pX="0.5" pY="1"/>
    <sprite n="MasterChef/Run/CharRun0" x="360" y="744" w="60" h="84" pX="0.5" pY="1"/>
    <sprite n="MasterChef/Run/CharRun1" x="420" y="744" w="60" h="88" pX="0.5" pY="1"/>
    <sprite n="MasterChef/Run/CharRun2" x="480" y="744" w="60" h="88" pX="0.5" pY="1"/>
    <sprite n="MasterChef/Run/CharRun3" x="540" y="744" w="60" h="84" pX="0.5" pY="1"/>
    <sprite n="MasterChef/Run/CharRun4" x="600" y="744" w="60" h="84" pX="0.5" pY="1"/>
    <sprite n="MasterChef/Run/CharRun5" x="660" y="744" w="60" h="88" pX="0.5" pY="1"/>
    <sprite n="MasterChef/Run/CharRun6" x="720" y="744" w="60" h="88" pX="0.5" pY="1"/>
    <sprite n="MasterChef/Run/CharRun7" x="780" y="744" w="60" h="84" pX="0.5" pY="1"/>
    <sprite n="RiderH/Die/CharDie" x="840" y="744" w="76" h="56" pX="0.5" pY="1"/>
    <sprite n="RiderH/Idle/CharIdle0" x="916" y="744" w="96" h="76" pX="0.5" pY="1"/>
    <sprite n="RiderH/Idle/CharIdle1" x="0" y="836" w="96" h="76" pX="0.5" pY="1"/>
    <sprite n="RiderH/Idle/CharIdle2" x="96" y="836" w="96" h="76" pX="0.5" pY="1"/>
    <sprite n="RiderH/Idle/CharIdle3" x="192" y="836" w="96" h="72" pX="0.5" pY="1"/>
    <sprite n="RiderH/Idle/CharIdle4" x="288" y="836" w="96" h="72" pX="0.5" pY="1"/>
    <sprite n="RiderH/Run/CharRun0" x="384" y="836" w="92" h="72" pX="0.5" pY="1"/>
    <sprite n="RiderH/Run/CharRun1" x="476" y="836" w="88" h="72" pX="0.5" pY="1"/>
    <sprite n="RiderH/Run/CharRun2" x="564" y="836" w="92" h="72" pX="0.5" pY="1"/>
    <sprite n="RiderH/Run/CharRun3" x="656" y="836" w="88" h="72" pX="0.5" pY="1"/>
    <sprite n="RiderH/Run/CharRun4" x="744" y="836" w="92" h="72" pX="0.5" pY="1"/>
    <sprite n="RiderH/Run/CharRun5" x="836" y="836" w="88" h="72" pX="0.5" pY="1"/>
    <sprite n="SunsetGunman/DIE/CharDie" x="924" y="836" w="84" h="52" pX="0.5" pY="1"/>
    <sprite n="SunsetGunman/IDLE/CharIdle0" x="0" y="912" w="68" h="84" pX="0.5" pY="1"/>
    <sprite n="SunsetGunman/IDLE/CharIdle1" x="68" y="912" w="68" h="84" pX="0.5" pY="1"/>
    <sprite n="SunsetGunman/IDLE/CharIdle2" x="136" y="912" w="68" h="84" pX="0.5" pY="1"/>
    <sprite n="SunsetGunman/IDLE/CharIdle3" x="204" y="912" w="68" h="80" pX="0.5" pY="1"/>
    <sprite n="SunsetGunman/IDLE/CharIdle4" x="272" y="912" w="68" h="80" pX="0.5" pY="1"/>
    <sprite n="SunsetGunman/JUMP/CharJump" x="340" y="912" w="68" h="84" pX="0.5" pY="1"/>
    <sprite n="SunsetGunman/RUN/CharRun0" x="408" y="912" w="68" h="80" pX="0.5" pY="1"/>
    <sprite n="SunsetGunman/RUN/CharRun1" x="476" y="912" w="68" h="84" pX="0.5" pY="1"/>
    <sprite n="SunsetGunman/RUN/CharRun2" x="544" y="912" w="68" h="84" pX="0.5" pY="1"/>
    <sprite n="SunsetGunman/RUN/CharRun3" x="612" y="912" w="68" h="80" pX="0.5" pY="1"/>
    <sprite n="SunsetGunman/RUN/CharRun4" x="680" y="912" w="68" h="80" pX="0.5" pY="1"/>
    <sprite n="SunsetGunman/RUN/CharRun5" x="748" y="912" w="68" h="84" pX="0.5" pY="1"/>
    <sprite n="SunsetGunman/RUN/CharRun6" x="816" y="912" w="68" h="84" pX="0.5" pY="1"/>
    <sprite n="SunsetGunman/RUN/CharRun7" x="884" y="912" w="68" h="80" pX="0.5" pY="1"/>
    <sprite n="UnUsed_01_Dryard/Idle/CharIdle0" x="0" y="996" w="116" h="84" pX="0.5" pY="1"/>
    <sprite n="UnUsed_01_Dryard/Idle/CharIdle1" x="116" y="996" w="108" h="84" pX="0.5" pY="1"/>
    <sprite n="UnUsed_01_Dryard/Idle/CharIdle2" x="224" y="996" w="100" h="84" pX="0.5" pY="1"/>
    <sprite n="UnUsed_01_Dryard/Idle/CharIdle3" x="324" y="996" w="88" h="84" pX="0.5" pY="1"/>
    <sprite n="UnUsed_01_Dryard/Idle/CharIdle4" x="412" y="996" w="96" h="84" pX="0.5" pY="1"/>
    <sprite n="UnUsed_01_Dryard/Run/CharRun0" x="508" y="996" w="104" h="80" pX="0.5" pY="1"/>
    <sprite n="UnUsed_01_Dryard/Run/CharRun1" x="612" y="996" w="104" h="80" pX="0.5" pY="1"/>
    <sprite n="UnUsed_01_Dryard/Run/CharRun2" x="716" y="996" w="88" h="80" pX="0.5" pY="1"/>
    <sprite n="UnUsed_01_Dryard/Run/CharRun3" x="804" y="996" w="84" h="80" pX="0.5" pY="1"/>
    <sprite n="UnUsed_01_Dryard/Run/CharRun4" x="888" y="996" w="96" h="80" pX="0.5" pY="1"/>
    <sprite n="UnUsed_02_Robe/Die/CharDie" x="0" y="1080" w="84" h="48" pX="0.5" pY="1"/>
    <sprite n="UnUsed_02_Robe/Idle/CharIdle0" x="84" y="1080" w="56" h="76" pX="0.5" pY="1"/>
    <sprite n="UnUsed_02_Robe/Idle/CharIdle1" x="140" y="1080" w="56" h="80" pX="0.5" pY="1"/>
    <sprite n="UnUsed_02_Robe/Idle/CharIdle2" x="196" y="1080" w="56" h="80" pX="0.5" pY="1"/>
    <sprite n="UnUsed_02_Robe/Idle/CharIdle3" x="252" y="1080" w="56" h="76" pX="0.5" pY="1"/>
    <sprite n="UnUsed_02_Robe/Idle/CharIdle4" x="308" y="1080" w="56" h="76" pX="0.5" pY="1"/>
    <sprite n="UnUsed_02_Robe/Jump/CharJump" x="364" y="1080" w="64" h="80" pX="0.5" pY="1"/>
    <sprite n="UnUsed_02_Robe/Run/CharRun0" x="428" y="1080" w="64" h="76" pX="0.5" pY="1"/>
    <sprite n="UnUsed_02_Robe/Run/CharRun1" x="492" y="1080" w="56" h="80" pX="0.5" pY="1"/>
    <sprite n="UnUsed_02_Robe/Run/CharRun2" x="548" y="1080" w="56" h="80" pX="0.5" pY="1"/>
    <sprite n="UnUsed_02_Robe/Run/CharRun3" x="604" y="1080" w="64" h="72" pX="0.5" pY="1"/>
    <sprite n="UnUsed_02_Robe/Run/CharRun4" x="668" y="1080" w="64" h="76" pX="0.5" pY="1"/>
    <sprite n="UnUsed_02_Robe/Run/CharRun5" x="732" y="1080" w="56" h="80" pX="0.5" pY="1"/>
    <sprite n="UnUsed_02_Robe/Run/CharRun6" x="788" y="1080" w="56" h="80" pX="0.5" pY="1"/>
    <sprite n="UnUsed_02_Robe/Run/CharRun7" x="844" y="1080" w="64" h="76" pX="0.5" pY="1"/>
    <sprite n="UnUsed_03_Vampire/Die/CharDie" x="908" y="1080" w="76" h="40" pX="0.5" pY="1"/>
    <sprite n="UnUsed_03_Vampire/Idle/CharIdle0" x="0" y="1160" w="56" h="76" pX="0.5" pY="1"/>
    <sprite n="UnUsed_03_Vampire/Idle/CharIdle1" x="56" y="1160" w="56" h="76" pX="0.5" pY="1"/>
    <sprite n="UnUsed_03_Vampire/Idle/CharIdle2" x="112" y="1160" w="56" h="76" pX="0.5" pY="1"/>
    <sprite n="UnUsed_03_Vampire/Idle/CharIdle3" x="168" y="1160" w="56" h="72" pX="0.5" pY="1"/>
    <sprite n="UnUsed_03_Vampire/Idle/CharIdle4" x="224" y="1160" w="56" h="72" pX="0.5" pY="1"/>
    <sprite n="UnUsed_03_Vampire/Jump/CharJump" x="280" y="1160" w="56" h="76" pX="0.5" pY="1"/>
    <sprite n="UnUsed_03_Vampire/Run/CharRun0" x="336" y="1160" w="64" h="68" pX="0.5" pY="1"/>
    <sprite n="UnUsed_03_Vampire/Run/CharRun1" x="400" y="1160" w="60" h="72" pX="0.5" pY="1"/>
    <sprite n="UnUsed_03_Vampire/Run/CharRun2" x="460" y="1160" w="60" h="72" pX="0.5" pY="1"/>
    <sprite n="UnUsed_03_Vampire/Run/CharRun3" x="520" y="1160" w="64" h="68" pX="0.5" pY="1"/>
    <sprite n="UnUsed_03_Vampire/Run/CharRun4" x="584" y="1160" w="64" h="68" pX="0.5" pY="1"/>
    <sprite n="UnUsed_03_Vampire/Run/CharRun5" x="648" y="1160" w="60" h="72" pX="0.5" pY="1"/>
    <sprite n="UnUsed_03_Vampire/Run/CharRun6" x="708" y="1160" w="60" h="72" pX="0.5" pY="1"/>
    <sprite n="UnUsed_03_Vampire/Run/CharRun7" x="768" y="1160" w="60" h="68" pX="0.5" pY="1"/>
</TextureAtlas>
