<?xml version="1.0" encoding="UTF-8"?>
<!-- Created with TexturePacker https://www.codeandweb.com/texturepacker -->
<!-- $TexturePacker:SmartUpdate:3a829b250616276bea4391a8f09a625b:a50ca6469a90d83de7728cb7062e987f:5b03ceb2ae5519a3ed4c3bb66f530a74$ -->
<!--Format:
n  => name of the sprite
x  => sprite x pos in texture
y  => sprite y pos in texture
w  => sprite width (may be trimmed)
h  => sprite height (may be trimmed)
pX => x pos of the pivot point (relative to sprite width)
pY => y pos of the pivot point (relative to sprite height)
oX => sprite's x-corner offset (only available if trimmed)
oY => sprite's y-corner offset (only available if trimmed)
oW => sprite's original width (only available if trimmed)
oH => sprite's original height (only available if trimmed)
r => 'y' only set if sprite is rotated
with polygon mode enabled:
vertices   => points in sprite coordinate system (x0,y0,x1,y1,x2,y2, ...)
verticesUV => points in sheet coordinate system (x0,y0,x1,y1,x2,y2, ...)
triangles  => sprite triangulation, 3 vertex indices per triangle
-->
<TextureAtlas imagePath="player2.png" width="1012" height="996">
    <sprite n="HumanLasley/CharDown" x="420" y="412" w="64" h="68" 				,0.4375f 	pY="1"/>
    <sprite n="HumanLasley/Die/CharDie" x="484" y="412" w="80" h="44" 			,0.5f 		pY="1"/>
    <sprite n="HumanLasley/Idle/CharIdle0" x="564" y="412" w="56" h="80" 		,0.5f 		pY="1"/>
    <sprite n="HumanLasley/Idle/CharIdle1" x="620" y="412" w="56" h="80" 		,0.5f 		pY="1"/>
    <sprite n="HumanLasley/Idle/CharIdle2" x="676" y="412" w="56" h="80" 		,0.5f 		pY="1"/>
    <sprite n="HumanLasley/Idle/CharIdle3" x="732" y="412" w="60" h="76" 		,0.533333f 	pY="1"/>
    <sprite n="HumanLasley/Idle/CharIdle4" x="792" y="412" w="56" h="76" 		,0.5f 		pY="1"/>
    <sprite n="HumanLasley/Jump/CharJump" x="848" y="412" w="56" h="80" 		,0.5f 		pY="1"/>
    <sprite n="HumanLasley/Run/CharRun0" x="904" y="412" w="68" h="76" 			,0.529412f 	pY="1"/>
    <sprite n="HumanLasley/Run/CharRun1" x="0" y="492" w="64" h="80" 			,0.5f 		pY="1"/>
    <sprite n="HumanLasley/Run/CharRun2" x="64" y="492" w="60" h="80" 			,0.466667f 	pY="1"/>
    <sprite n="HumanLasley/Run/CharRun3" x="124" y="492" w="60" h="76" 			,0.466667f 	pY="1.05263"/>
    <sprite n="HumanLasley/Run/CharRun4" x="184" y="492" w="64" h="76" 			,0.5f 		pY="1"/>
    <sprite n="HumanLasley/Run/CharRun5" x="248" y="492" w="64" h="80" 			,0.5f 		pY="1"/>
    <sprite n="HumanLasley/Run/CharRun6" x="312" y="492" w="60" h="80" 			,0.466667f 	pY="1"/>
    <sprite n="HumanLasley/Run/CharRun7" x="372" y="492" w="64" h="76" 			,0.5f 		pY="1.05263"/>
    <sprite n="IkinaBear/Die/CharDie" x="436" y="492" w="80" h="48" 			,0.5f 		pY="1"/>
    <sprite n="IkinaBear/Idle/CharIdle0" x="516" y="492" w="60" h="80" 			,0.533333f 	pY="1"/>
    <sprite n="IkinaBear/Idle/CharIdle1" x="576" y="492" w="60" h="84" 			,0.533333f 	pY="1"/>
    <sprite n="IkinaBear/Idle/CharIdle2" x="636" y="492" w="60" h="84" 			,0.533333f 	pY="1"/>
    <sprite n="IkinaBear/Idle/CharIdle3" x="696" y="492" w="60" h="80" 			,0.533333f 	pY="1"/>
    <sprite n="IkinaBear/Idle/CharIdle4" x="756" y="492" w="60" h="80" 			,0.533333f 	pY="1"/>
    <sprite n="IkinaBear/Jump/CharJump" x="816" y="492" w="60" h="80" 			,0.533333f 	pY="1"/>
    <sprite n="IkinaBear/Run/CharRun0" x="876" y="492" w="60" h="80" 			,0.466667f 	pY="1"/>
    <sprite n="IkinaBear/Run/CharRun1" x="936" y="492" w="60" h="80" 			,0.466667f 	pY="1"/>
    <sprite n="IkinaBear/Run/CharRun2" x="0" y="576" w="60" h="84" 				,0.466667f 	pY="1"/>
    <sprite n="IkinaBear/Run/CharRun3" x="60" y="576" w="60" h="80" 			,0.466667f 	pY="1"/>
    <sprite n="IkinaBear/Run/CharRun4" x="120" y="576" w="60" h="80" 			,0.466667f 	pY="1"/>
    <sprite n="IkinaBear/Run/CharRun5" x="180" y="576" w="60" h="84" 			,0.466667f 	pY="1"/>
    <sprite n="KingOfPickaxes/Die/CharIDie" x="240" y="576" w="80" h="48" 		,0.5f 		pY="1"/>
    <sprite n="KingOfPickaxes/Idle/CharIdle0" x="320" y="576" w="56" h="80" 	,0.5f 		pY="1"/>
    <sprite n="KingOfPickaxes/Idle/CharIdle1" x="376" y="576" w="56" h="84" 	,0.5f 		pY="1"/>
    <sprite n="KingOfPickaxes/Idle/CharIdle2" x="432" y="576" w="56" h="84" 	,0.5f 		pY="1"/>
    <sprite n="KingOfPickaxes/Idle/CharIdle3" x="488" y="576" w="56" h="80" 	,0.5f 		pY="1"/>
    <sprite n="KingOfPickaxes/Idle/CharIdle4" x="544" y="576" w="56" h="76" 	,0.5f 		pY="1"/>
    <sprite n="KingOfPickaxes/Jump/CharJump" x="600" y="576" w="56" h="80" 		,0.5f 		pY="1"/>
    <sprite n="KingOfPickaxes/Run/CharRun0" x="656" y="576" w="60" h="80" 		,0.533333f 	pY="1"/>
    <sprite n="KingOfPickaxes/Run/CharRun1" x="716" y="576" w="56" h="80" 		,0.5f 		pY="1"/>
    <sprite n="KingOfPickaxes/Run/CharRun2" x="772" y="576" w="56" h="84" 		,0.5f 		pY="1"/>
    <sprite n="KingOfPickaxes/Run/CharRun3" x="828" y="576" w="56" h="80" 		,0.5f 		pY="1.05"/>
    <sprite n="KingOfPickaxes/Run/CharRun4" x="884" y="576" w="56" h="80" 		,0.5f 		pY="1"/>
    <sprite n="KingOfPickaxes/Run/CharRun5" x="940" y="576" w="56" h="80" 		,0.5f 		pY="1"/>
    <sprite n="KingOfPickaxes/Run/CharRun6" x="0" y="660" w="56" h="84" 		,0.5f 		pY="1"/>
    <sprite n="KingOfPickaxes/Run/CharRun7" x="56" y="660" w="56" h="80" 		,0.5f 		pY="1.05"/>
    <sprite n="Lotus/Die/CharDie" x="112" y="660" w="84" h="40" 				,0.428571f 	pY="1"/>
    <sprite n="Lotus/Idle/CharIdle0" x="196" y="660" w="60" h="76" 				,0.533333f 	pY="1"/>
    <sprite n="Lotus/Idle/CharIdle1" x="256" y="660" w="60" h="80" 				,0.533333f 	pY="1"/>
    <sprite n="Lotus/Idle/CharIdle2" x="316" y="660" w="60" h="80" 				,0.533333f 	pY="1"/>
    <sprite n="Lotus/Idle/CharIdle3" x="376" y="660" w="60" h="76" 				,0.533333f 	pY="1"/>
    <sprite n="Lotus/Idle/CharIdle4" x="436" y="660" w="60" h="76" 				,0.533333f 	pY="1"/>
    <sprite n="Lotus/Jump/CharJump" x="496" y="660" w="60" h="80" 				,0.533333f 	pY="1"/>
    <sprite n="Lotus/Run/CharRun0" x="556" y="660" w="60" h="72" 				,0.4f 		pY="1"/>
    <sprite n="Lotus/Run/CharRun1" x="616" y="660" w="60" h="72" 				,0.4f 		pY="1"/>
    <sprite n="Lotus/Run/CharRun2" x="676" y="660" w="60" h="76" 				,0.4f 		pY="1"/>
    <sprite n="Lotus/Run/CharRun3" x="736" y="660" w="60" h="72" 				,0.4f 		pY="1"/>
    <sprite n="Lotus/Run/CharRun4" x="796" y="660" w="60" h="72" 				,0.4f 		pY="1"/>
    <sprite n="Lotus/Run/CharRun5" x="856" y="660" w="60" h="76" 				,0.4f 		pY="1"/>
    <sprite n="MasterChef/Die/CharDie" x="916" y="660" w="92" h="48" 			,0.478261f 	pY="1"/>
    <sprite n="MasterChef/Idle/CharIdle0" x="0" y="744" w="60" h="92" 			,0.6f 		pY="1"/>
    <sprite n="MasterChef/Idle/CharIdle1" x="60" y="744" w="60" h="92" 			,0.6f 		pY="1"/>
    <sprite n="MasterChef/Idle/CharIdle2" x="120" y="744" w="60" h="92" 		,0.6f 		pY="1"/>
    <sprite n="MasterChef/Idle/CharIdle3" x="180" y="744" w="60" h="88" 		,0.6f 		pY="1"/>
    <sprite n="MasterChef/Idle/CharIdle4" x="240" y="744" w="60" h="88" 		,0.6f 		pY="1"/>
    <sprite n="MasterChef/Jump/CharJump_" x="300" y="744" w="60" h="88" 		,0.6f 		pY="1"/>
    <sprite n="MasterChef/Run/CharRun0" x="360" y="744" w="60" h="84" 			,0.533333f 	pY="1"/>
    <sprite n="MasterChef/Run/CharRun1" x="420" y="744" w="60" h="88" 			,0.533333f 	pY="1"/>
    <sprite n="MasterChef/Run/CharRun2" x="480" y="744" w="60" h="88" 			,0.533333f 	pY="1"/>
    <sprite n="MasterChef/Run/CharRun3" x="540" y="744" w="60" h="84" 			,0.533333f 	pY="1.04762"/>
    <sprite n="MasterChef/Run/CharRun4" x="600" y="744" w="60" h="84" 			,0.533333f 	pY="1"/>
    <sprite n="MasterChef/Run/CharRun5" x="660" y="744" w="60" h="88" 			,0.533333f 	pY="1"/>
    <sprite n="MasterChef/Run/CharRun6" x="720" y="744" w="60" h="88" 			,0.533333f 	pY="1"/>
    <sprite n="MasterChef/Run/CharRun7" x="780" y="744" w="60" h="84" 			,0.533333f 	pY="1.04762"/>
    <sprite n="RiderH/Die/CharDie" x="840" y="744" w="76" h="56" 				,0.526316f 	pY="1"/>
    <sprite n="RiderH/Idle/CharIdle0" x="916" y="744" w="96" h="76" 			,0.666667f 	pY="1"/>
    <sprite n="RiderH/Idle/CharIdle1" x="0" y="836" w="96" h="76" 				,0.666667f 	pY="1"/>
    <sprite n="RiderH/Idle/CharIdle2" x="96" y="836" w="96" h="76" 				,0.666667f 	pY="1"/>
    <sprite n="RiderH/Idle/CharIdle3" x="192" y="836" w="96" h="72" 			,0.666667f 	pY="1"/>
    <sprite n="RiderH/Idle/CharIdle4" x="288" y="836" w="96" h="72" 			,0.666667f 	pY="1"/>
    <sprite n="RiderH/Run/CharRun0" x="384" y="836" w="92" h="72" 				,0.652174f 	pY="1"/>
    <sprite n="RiderH/Run/CharRun1" x="476" y="836" w="88" h="72" 				,0.636364f 	pY="1"/>
    <sprite n="RiderH/Run/CharRun2" x="564" y="836" w="92" h="72" 				,0.652174f 	pY="1"/>
    <sprite n="RiderH/Run/CharRun3" x="656" y="836" w="88" h="72" 				,0.636364f 	pY="1"/>
    <sprite n="RiderH/Run/CharRun4" x="744" y="836" w="92" h="72" 				,0.652174f 	pY="1"/>
    <sprite n="RiderH/Run/CharRun5" x="836" y="836" w="88" h="72" 				,0.636364f 	pY="1"/>
    <sprite n="SunsetGunman/DIE/CharDie" x="924" y="836" w="84" h="52" 			,0.47619f 	pY="1"/>
    <sprite n="SunsetGunman/IDLE/CharIdle0" x="0" y="912" w="68" h="84" 		,0.470588f 	pY="1"/>
    <sprite n="SunsetGunman/IDLE/CharIdle1" x="68" y="912" w="68" h="84" 		,0.470588f 	pY="1"/>
    <sprite n="SunsetGunman/IDLE/CharIdle2" x="136" y="912" w="68" h="84" 		,0.470588f 	pY="1"/>
    <sprite n="SunsetGunman/IDLE/CharIdle3" x="204" y="912" w="68" h="80" 		,0.470588f 	pY="1"/>
    <sprite n="SunsetGunman/IDLE/CharIdle4" x="272" y="912" w="68" h="80" 		,0.470588f 	pY="1"/>
    <sprite n="SunsetGunman/JUMP/CharJump" x="340" y="912" w="68" h="84" 		,0.470588f 	pY="1"/>
    <sprite n="SunsetGunman/RUN/CharRun0" x="408" y="912" w="68" h="80" 		,0.470588f 	pY="1"/>
    <sprite n="SunsetGunman/RUN/CharRun1" x="476" y="912" w="68" h="84" 		,0.470588f 	pY="1"/>
    <sprite n="SunsetGunman/RUN/CharRun2" x="544" y="912" w="68" h="84" 		,0.470588f 	pY="1"/>
    <sprite n="SunsetGunman/RUN/CharRun3" x="612" y="912" w="68" h="80" 		,0.470588f 	pY="1.05"/>
    <sprite n="SunsetGunman/RUN/CharRun4" x="680" y="912" w="68" h="80" 		,0.470588f 	pY="1"/>
    <sprite n="SunsetGunman/RUN/CharRun5" x="748" y="912" w="68" h="84" 		,0.470588f 	pY="1"/>
    <sprite n="SunsetGunman/RUN/CharRun6" x="816" y="912" w="68" h="84" 		,0.470588f 	pY="1"/>
    <sprite n="SunsetGunman/RUN/CharRun7" x="884" y="912" w="68" h="80" 		,0.470588f 	pY="1.05"/>
</TextureAtlas>
