<?xml version="1.0" encoding="UTF-8"?>
<!-- Created with TexturePacker https://www.codeandweb.com/texturepacker -->
<!-- $TexturePacker:SmartUpdate:ca30e78c6b546b2c9ac7453d1d9a3756:a50ca6469a90d83de7728cb7062e987f:5b03ceb2ae5519a3ed4c3bb66f530a74$ -->
<!--Format:
n  => name of the sprite
x  => sprite x pos in texture
y  => sprite y pos in texture
w  => sprite width (may be trimmed)
h  => sprite height (may be trimmed)
pX => x pos of the pivot point (relative to sprite width)
pY => y pos of the pivot point (relative to sprite height)
oX => sprite's x-corner offset (only available if trimmed)
oY => sprite's y-corner offset (only available if trimmed)
oW => sprite's original width (only available if trimmed)
oH => sprite's original height (only available if trimmed)
r => 'y' only set if sprite is rotated
with polygon mode enabled:
vertices   => points in sprite coordinate system (x0,y0,x1,y1,x2,y2, ...)
verticesUV => points in sheet coordinate system (x0,y0,x1,y1,x2,y2, ...)
triangles  => sprite triangulation, 3 vertex indices per triangle
-->
<TextureAtlas imagePath="player2.png" width="1015" height="1560">
    <sprite n="Adventurer/CharWalk1_0" x="0" y="0" w="65" h="105" pX="0.538462" pY="1"/>
    <sprite n="Adventurer/Die/CharDie" x="65" y="0" w="95" h="60" pX="0.473684" pY="1"/>
    <sprite n="Adventurer/Idle/CharIdle0" x="160" y="0" w="65" h="95" pX="0.538462" pY="1"/>
    <sprite n="Adventurer/Idle/CharIdle1" x="225" y="0" w="65" h="100" pX="0.538462" pY="1"/>
    <sprite n="Adventurer/Idle/CharIdle2" x="290" y="0" w="70" h="100" pX="0.5" pY="1"/>
    <sprite n="Adventurer/Idle/CharIdle3" x="360" y="0" w="75" h="95" pX="0.466667" pY="1"/>
    <sprite n="Adventurer/Idle/CharIdle4" x="435" y="0" w="70" h="95" pX="0.5" pY="1"/>
    <sprite n="Adventurer/Jump/CharJump" x="505" y="0" w="65" h="95" pX="0.538462" pY="1"/>
    <sprite n="Adventurer/Run/CharRun0" x="570" y="0" w="85" h="95" pX="0.470588" pY="1"/>
    <sprite n="Adventurer/Run/CharRun1" x="655" y="0" w="70" h="100" pX="0.5" pY="1"/>
    <sprite n="Adventurer/Run/CharRun2" x="725" y="0" w="70" h="100" pX="0.428571" pY="1"/>
    <sprite n="Adventurer/Run/CharRun3" x="795" y="0" w="75" h="95" pX="0.4" pY="1.05263"/>
    <sprite n="Adventurer/Run/CharRun4" x="870" y="0" w="75" h="95" pX="0.4" pY="1"/>
    <sprite n="Adventurer/Run/CharRun5" x="945" y="0" w="65" h="100" pX="0.461538" pY="1"/>
    <sprite n="Adventurer/Run/CharRun6" x="0" y="105" w="70" h="100" pX="0.428571" pY="1"/>
    <sprite n="Adventurer/Run/CharRun7" x="70" y="105" w="80" h="95" pX="0.4375" pY="1.05263"/>
    <sprite n="Alice/Die/CharDie" x="150" y="105" w="95" h="50" pX="0.473684" pY="1"/>
    <sprite n="Alice/Idle/CharIdle0" x="245" y="105" w="65" h="95" pX="0.461538" pY="1"/>
    <sprite n="Alice/Idle/CharIdle1" x="310" y="105" w="65" h="95" pX="0.461538" pY="1"/>
    <sprite n="Alice/Idle/CharIdle2" x="375" y="105" w="65" h="95" pX="0.461538" pY="1"/>
    <sprite n="Alice/Idle/CharIdle3" x="440" y="105" w="65" h="90" pX="0.461538" pY="1"/>
    <sprite n="Alice/Idle/CharIdle4" x="505" y="105" w="65" h="90" pX="0.461538" pY="1"/>
    <sprite n="Alice/Jump/CharJump" x="570" y="105" w="65" h="95" pX="0.461538" pY="1"/>
    <sprite n="Alice/Run/CharRun0" x="635" y="105" w="75" h="85" pX="0.4" pY="1"/>
    <sprite n="Alice/Run/CharRun1" x="710" y="105" w="75" h="90" pX="0.4" pY="1"/>
    <sprite n="Alice/Run/CharRun2" x="785" y="105" w="75" h="90" pX="0.4" pY="1"/>
    <sprite n="Alice/Run/CharRun3" x="860" y="105" w="75" h="85" pX="0.4" pY="1"/>
    <sprite n="Alice/Run/CharRun4" x="935" y="105" w="75" h="90" pX="0.4" pY="1"/>
    <sprite n="Alice/Run/CharRun5" x="0" y="205" w="75" h="90" pX="0.4" pY="1"/>
    <sprite n="ArmoredWarrior/CharWalk0" x="75" y="205" w="60" h="100" pX="0.583333" pY="1"/>
    <sprite n="ArmoredWarrior/CharWalk1" x="135" y="205" w="60" h="105" pX="0.583333" pY="1"/>
    <sprite n="ArmoredWarrior/CharWalk2" x="195" y="205" w="60" h="105" pX="0.583333" pY="1"/>
    <sprite n="ArmoredWarrior/CharWalk3" x="255" y="205" w="60" h="100" pX="0.583333" pY="1"/>
    <sprite n="ArmoredWarrior/CharWalk4" x="315" y="205" w="60" h="105" pX="0.583333" pY="1"/>
    <sprite n="ArmoredWarrior/CharWalk5" x="375" y="205" w="60" h="105" pX="0.583333" pY="1"/>
    <sprite n="ArmoredWarrior/Die/CharDie" x="435" y="205" w="100" h="55" pX="0.5" pY="1"/>
    <sprite n="ArmoredWarrior/Idle/CharIdle0" x="535" y="205" w="65" h="100" pX="0.538462" pY="1"/>
    <sprite n="ArmoredWarrior/Idle/CharIdle1" x="600" y="205" w="65" h="100" pX="0.538462" pY="1"/>
    <sprite n="ArmoredWarrior/Idle/CharIdle2" x="665" y="205" w="65" h="100" pX="0.538462" pY="1"/>
    <sprite n="ArmoredWarrior/Idle/CharIdle3" x="730" y="205" w="65" h="95" pX="0.538462" pY="1"/>
    <sprite n="ArmoredWarrior/Idle/CharIdle4" x="795" y="205" w="65" h="95" pX="0.538462" pY="1"/>
    <sprite n="ArmoredWarrior/Jump/CharJump" x="860" y="205" w="65" h="100" pX="0.538462" pY="1"/>
    <sprite n="ArmoredWarrior/Run/CharRun0" x="925" y="205" w="70" h="95" pX="0.571429" pY="1"/>
    <sprite n="ArmoredWarrior/Run/CharRun1" x="0" y="310" w="65" h="100" pX="0.538462" pY="1"/>
    <sprite n="ArmoredWarrior/Run/CharRun2" x="65" y="310" w="60" h="100" pX="0.5" pY="1"/>
    <sprite n="ArmoredWarrior/Run/CharRun3" x="125" y="310" w="60" h="95" pX="0.5" pY="1.05263"/>
    <sprite n="ArmoredWarrior/Run/CharRun4" x="185" y="310" w="60" h="95" pX="0.5" pY="1"/>
    <sprite n="ArmoredWarrior/Run/CharRun5" x="245" y="310" w="60" h="100" pX="0.5" pY="1"/>
    <sprite n="ArmoredWarrior/Run/CharRun6" x="305" y="310" w="65" h="100" pX="0.538462" pY="1"/>
    <sprite n="ArmoredWarrior/Run/CharRun7" x="370" y="310" w="65" h="95" pX="0.538462" pY="1.05263"/>
    <sprite n="CriminalSilhouette/Die/CharDie" x="435" y="310" w="95" h="50" pX="0.473684" pY="1"/>
    <sprite n="CriminalSilhouette/Idle/CharIdle0" x="530" y="310" w="55" h="95" pX="0.454545" pY="1"/>
    <sprite n="CriminalSilhouette/Idle/CharIdle1" x="585" y="310" w="55" h="95" pX="0.454545" pY="1"/>
    <sprite n="CriminalSilhouette/Idle/CharIdle2" x="640" y="310" w="55" h="95" pX="0.454545" pY="1"/>
    <sprite n="CriminalSilhouette/Idle/CharIdle3" x="695" y="310" w="55" h="90" pX="0.454545" pY="1"/>
    <sprite n="CriminalSilhouette/Idle/CharIdle4" x="750" y="310" w="55" h="90" pX="0.454545" pY="1"/>
    <sprite n="CriminalSilhouette/Jump/CharJump" x="805" y="310" w="60" h="95" pX="0.416667" pY="1"/>
    <sprite n="CriminalSilhouette/Run/CharRun0" x="865" y="310" w="65" h="90" pX="0.384615" pY="1"/>
    <sprite n="CriminalSilhouette/Run/CharRun1" x="930" y="310" w="60" h="95" pX="0.333333" pY="1"/>
    <sprite n="CriminalSilhouette/Run/CharRun2" x="0" y="410" w="60" h="95" pX="0.333333" pY="1"/>
    <sprite n="CriminalSilhouette/Run/CharRun3" x="60" y="410" w="60" h="90" pX="0.333333" pY="1"/>
    <sprite n="CriminalSilhouette/Run/CharRun4" x="120" y="410" w="60" h="95" pX="0.333333" pY="1"/>
    <sprite n="CriminalSilhouette/Run/CharRun5" x="180" y="410" w="60" h="95" pX="0.333333" pY="1"/>
    <sprite n="DevilSwordsman/Die/CharDie" x="240" y="410" w="105" h="60" pX="0.47619" pY="1"/>
    <sprite n="DevilSwordsman/Idle/CharIdle0" x="345" y="410" w="70" h="105" pX="0.5" pY="1"/>
    <sprite n="DevilSwordsman/Idle/CharIdle1" x="415" y="410" w="70" h="100" pX="0.5" pY="1"/>
    <sprite n="DevilSwordsman/Idle/CharIdle2" x="485" y="410" w="70" h="100" pX="0.5" pY="1"/>
    <sprite n="DevilSwordsman/Idle/CharIdle3" x="555" y="410" w="70" h="100" pX="0.5" pY="1"/>
    <sprite n="DevilSwordsman/Idle/CharIdle4" x="625" y="410" w="70" h="105" pX="0.5" pY="1"/>
    <sprite n="DevilSwordsman/Jump/CharJump" x="695" y="410" w="70" h="105" pX="0.5" pY="1"/>
    <sprite n="DevilSwordsman/Run/CharRun0" x="765" y="410" w="85" h="95" pX="0.470588" pY="1"/>
    <sprite n="DevilSwordsman/Run/CharRun1" x="850" y="410" w="80" h="95" pX="0.4375" pY="1"/>
    <sprite n="DevilSwordsman/Run/CharRun2" x="930" y="410" w="70" h="100" pX="0.357143" pY="1"/>
    <sprite n="DevilSwordsman/Run/CharRun3" x="0" y="515" w="70" h="95" pX="0.357143" pY="1.05263"/>
    <sprite n="DevilSwordsman/Run/CharRun4" x="70" y="515" w="75" h="95" pX="0.4" pY="1"/>
    <sprite n="DevilSwordsman/Run/CharRun5" x="145" y="515" w="75" h="95" pX="0.4" pY="1"/>
    <sprite n="DevilSwordsman/Run/CharRun6" x="220" y="515" w="75" h="100" pX="0.4" pY="1"/>
    <sprite n="DevilSwordsman/Run/CharRun7" x="295" y="515" w="80" h="95" pX="0.4375" pY="1.05263"/>
    <sprite n="Fatso/Die/CharDie" x="375" y="515" w="90" h="75" pX="0.5" pY="1"/>
    <sprite n="Fatso/Idle/CharIdle0" x="465" y="515" w="80" h="90" pX="0.5" pY="1"/>
    <sprite n="Fatso/Idle/CharIdle1" x="545" y="515" w="80" h="90" pX="0.5" pY="1"/>
    <sprite n="Fatso/Idle/CharIdle2" x="625" y="515" w="80" h="90" pX="0.5" pY="1"/>
    <sprite n="Fatso/Idle/CharIdle3" x="705" y="515" w="75" h="85" pX="0.533333" pY="1"/>
    <sprite n="Fatso/Idle/CharIdle4" x="780" y="515" w="75" h="85" pX="0.533333" pY="1"/>
    <sprite n="Fatso/Jump/CharJump" x="855" y="515" w="80" h="90" pX="0.5" pY="1"/>
    <sprite n="Fatso/Run/CharRun0" x="935" y="515" w="80" h="90" pX="0.5" pY="1"/>
    <sprite n="Fatso/Run/CharRun1" x="0" y="615" w="80" h="95" pX="0.5" pY="1"/>
    <sprite n="Fatso/Run/CharRun2" x="80" y="615" w="80" h="90" pX="0.5" pY="1"/>
    <sprite n="Fatso/Run/CharRun3" x="160" y="615" w="80" h="85" pX="0.5" pY="1"/>
    <sprite n="Fatso/Run/CharRun4" x="240" y="615" w="80" h="90" pX="0.5" pY="1"/>
    <sprite n="Fatso/Run/CharRun5" x="320" y="615" w="80" h="95" pX="0.5" pY="1"/>
    <sprite n="Fatso/Run/CharRun6" x="400" y="615" w="80" h="90" pX="0.5" pY="1"/>
    <sprite n="Fatso/Run/CharRun7" x="480" y="615" w="80" h="85" pX="0.5" pY="1"/>
    <sprite n="Hand/CharHand_0" x="560" y="615" w="15" h="15" pX="0.5" pY="1"/>
    <sprite n="Hand/CharHand_1" x="575" y="615" w="15" h="15" pX="0.5" pY="1"/>
    <sprite n="Hand/CharHand_2" x="590" y="615" w="15" h="15" pX="0.5" pY="1"/>
    <sprite n="Hand/CharHand_3" x="605" y="615" w="15" h="15" pX="0.5" pY="1"/>
    <sprite n="Hand/CharHand_4" x="620" y="615" w="15" h="15" pX="0.5" pY="1"/>
    <sprite n="Hand/CharHand_5" x="635" y="615" w="20" h="20" pX="0.5" pY="1"/>
    <sprite n="Hand/CharHand_6" x="655" y="615" w="15" h="15" pX="0.5" pY="1"/>
    <sprite n="Hand/CharHand_7" x="670" y="615" w="15" h="15" pX="0.5" pY="1"/>
    <sprite n="HumanLasley/CharDown" x="685" y="615" w="80" h="85" pX="0.4375" pY="1"/>
    <sprite n="HumanLasley/Die/CharDie" x="765" y="615" w="100" h="55" pX="0.5" pY="1"/>
    <sprite n="HumanLasley/Idle/CharIdle0" x="865" y="615" w="70" h="100" pX="0.5" pY="1"/>
    <sprite n="HumanLasley/Idle/CharIdle1" x="935" y="615" w="70" h="100" pX="0.5" pY="1"/>
    <sprite n="HumanLasley/Idle/CharIdle2" x="0" y="715" w="70" h="100" pX="0.5" pY="1"/>
    <sprite n="HumanLasley/Idle/CharIdle3" x="70" y="715" w="75" h="95" pX="0.533333" pY="1"/>
    <sprite n="HumanLasley/Idle/CharIdle4" x="145" y="715" w="70" h="95" pX="0.5" pY="1"/>
    <sprite n="HumanLasley/Jump/CharJump" x="215" y="715" w="70" h="100" pX="0.5" pY="1"/>
    <sprite n="HumanLasley/Run/CharRun0" x="285" y="715" w="85" h="95" pX="0.529412" pY="1"/>
    <sprite n="HumanLasley/Run/CharRun1" x="370" y="715" w="80" h="100" pX="0.5" pY="1"/>
    <sprite n="HumanLasley/Run/CharRun2" x="450" y="715" w="75" h="100" pX="0.466667" pY="1"/>
    <sprite n="HumanLasley/Run/CharRun3" x="525" y="715" w="75" h="95" pX="0.466667" pY="1.05263"/>
    <sprite n="HumanLasley/Run/CharRun4" x="600" y="715" w="80" h="95" pX="0.5" pY="1"/>
    <sprite n="HumanLasley/Run/CharRun5" x="680" y="715" w="80" h="100" pX="0.5" pY="1"/>
    <sprite n="HumanLasley/Run/CharRun6" x="760" y="715" w="75" h="100" pX="0.466667" pY="1"/>
    <sprite n="HumanLasley/Run/CharRun7" x="835" y="715" w="80" h="95" pX="0.5" pY="1.05263"/>
    <sprite n="IkinaBear/Die/CharDie" x="915" y="715" w="100" h="60" pX="0.5" pY="1"/>
    <sprite n="IkinaBear/Idle/CharIdle0" x="0" y="815" w="75" h="100" pX="0.533333" pY="1"/>
    <sprite n="IkinaBear/Idle/CharIdle1" x="75" y="815" w="75" h="105" pX="0.533333" pY="1"/>
    <sprite n="IkinaBear/Idle/CharIdle2" x="150" y="815" w="75" h="105" pX="0.533333" pY="1"/>
    <sprite n="IkinaBear/Idle/CharIdle3" x="225" y="815" w="75" h="100" pX="0.533333" pY="1"/>
    <sprite n="IkinaBear/Idle/CharIdle4" x="300" y="815" w="75" h="100" pX="0.533333" pY="1"/>
    <sprite n="IkinaBear/Jump/CharJump" x="375" y="815" w="75" h="100" pX="0.533333" pY="1"/>
    <sprite n="IkinaBear/Run/CharRun0" x="450" y="815" w="75" h="100" pX="0.466667" pY="1"/>
    <sprite n="IkinaBear/Run/CharRun1" x="525" y="815" w="75" h="100" pX="0.466667" pY="1"/>
    <sprite n="IkinaBear/Run/CharRun2" x="600" y="815" w="75" h="105" pX="0.466667" pY="1"/>
    <sprite n="IkinaBear/Run/CharRun3" x="675" y="815" w="75" h="100" pX="0.466667" pY="1"/>
    <sprite n="IkinaBear/Run/CharRun4" x="750" y="815" w="75" h="100" pX="0.466667" pY="1"/>
    <sprite n="IkinaBear/Run/CharRun5" x="825" y="815" w="75" h="105" pX="0.466667" pY="1"/>
    <sprite n="KingOfPickaxes/Die/CharIDie" x="900" y="815" w="100" h="60" pX="0.5" pY="1"/>
    <sprite n="KingOfPickaxes/Idle/CharIdle0" x="0" y="920" w="70" h="100" pX="0.5" pY="1"/>
    <sprite n="KingOfPickaxes/Idle/CharIdle1" x="70" y="920" w="70" h="105" pX="0.5" pY="1"/>
    <sprite n="KingOfPickaxes/Idle/CharIdle2" x="140" y="920" w="70" h="105" pX="0.5" pY="1"/>
    <sprite n="KingOfPickaxes/Idle/CharIdle3" x="210" y="920" w="70" h="100" pX="0.5" pY="1"/>
    <sprite n="KingOfPickaxes/Idle/CharIdle4" x="280" y="920" w="70" h="95" pX="0.5" pY="1"/>
    <sprite n="KingOfPickaxes/Jump/CharJump" x="350" y="920" w="70" h="100" pX="0.5" pY="1"/>
    <sprite n="KingOfPickaxes/Run/CharRun0" x="420" y="920" w="75" h="100" pX="0.533333" pY="1"/>
    <sprite n="KingOfPickaxes/Run/CharRun1" x="495" y="920" w="70" h="100" pX="0.5" pY="1"/>
    <sprite n="KingOfPickaxes/Run/CharRun2" x="565" y="920" w="70" h="105" pX="0.5" pY="1"/>
    <sprite n="KingOfPickaxes/Run/CharRun3" x="635" y="920" w="70" h="100" pX="0.5" pY="1.05"/>
    <sprite n="KingOfPickaxes/Run/CharRun4" x="705" y="920" w="70" h="100" pX="0.5" pY="1"/>
    <sprite n="KingOfPickaxes/Run/CharRun5" x="775" y="920" w="70" h="100" pX="0.5" pY="1"/>
    <sprite n="KingOfPickaxes/Run/CharRun6" x="845" y="920" w="70" h="105" pX="0.5" pY="1"/>
    <sprite n="KingOfPickaxes/Run/CharRun7" x="915" y="920" w="70" h="100" pX="0.5" pY="1.05"/>
    <sprite n="Lotus/Die/CharDie" x="0" y="1025" w="105" h="50" pX="0.428571" pY="1"/>
    <sprite n="Lotus/Idle/CharIdle0" x="105" y="1025" w="75" h="95" pX="0.533333" pY="1"/>
    <sprite n="Lotus/Idle/CharIdle1" x="180" y="1025" w="75" h="100" pX="0.533333" pY="1"/>
    <sprite n="Lotus/Idle/CharIdle2" x="255" y="1025" w="75" h="100" pX="0.533333" pY="1"/>
    <sprite n="Lotus/Idle/CharIdle3" x="330" y="1025" w="75" h="95" pX="0.533333" pY="1"/>
    <sprite n="Lotus/Idle/CharIdle4" x="405" y="1025" w="75" h="95" pX="0.533333" pY="1"/>
    <sprite n="Lotus/Jump/CharJump" x="480" y="1025" w="75" h="100" pX="0.533333" pY="1"/>
    <sprite n="Lotus/Run/CharRun0" x="555" y="1025" w="75" h="90" pX="0.4" pY="1"/>
    <sprite n="Lotus/Run/CharRun1" x="630" y="1025" w="75" h="90" pX="0.4" pY="1"/>
    <sprite n="Lotus/Run/CharRun2" x="705" y="1025" w="75" h="95" pX="0.4" pY="1"/>
    <sprite n="Lotus/Run/CharRun3" x="780" y="1025" w="75" h="90" pX="0.4" pY="1"/>
    <sprite n="Lotus/Run/CharRun4" x="855" y="1025" w="75" h="90" pX="0.4" pY="1"/>
    <sprite n="Lotus/Run/CharRun5" x="930" y="1025" w="75" h="95" pX="0.4" pY="1"/>
    <sprite n="MasterChef/Die/CharDie" x="0" y="1125" w="115" h="60" pX="0.478261" pY="1"/>
    <sprite n="MasterChef/Idle/CharIdle0" x="115" y="1125" w="75" h="115" pX="0.6" pY="1"/>
    <sprite n="MasterChef/Idle/CharIdle1" x="190" y="1125" w="75" h="115" pX="0.6" pY="1"/>
    <sprite n="MasterChef/Idle/CharIdle2" x="265" y="1125" w="75" h="115" pX="0.6" pY="1"/>
    <sprite n="MasterChef/Idle/CharIdle3" x="340" y="1125" w="75" h="110" pX="0.6" pY="1"/>
    <sprite n="MasterChef/Idle/CharIdle4" x="415" y="1125" w="75" h="110" pX="0.6" pY="1"/>
    <sprite n="MasterChef/Jump/CharJump_" x="490" y="1125" w="75" h="110" pX="0.6" pY="1"/>
    <sprite n="MasterChef/Run/CharRun0" x="565" y="1125" w="75" h="105" pX="0.533333" pY="1"/>
    <sprite n="MasterChef/Run/CharRun1" x="640" y="1125" w="75" h="110" pX="0.533333" pY="1"/>
    <sprite n="MasterChef/Run/CharRun2" x="715" y="1125" w="75" h="110" pX="0.533333" pY="1"/>
    <sprite n="MasterChef/Run/CharRun3" x="790" y="1125" w="75" h="105" pX="0.533333" pY="1.04762"/>
    <sprite n="MasterChef/Run/CharRun4" x="865" y="1125" w="75" h="105" pX="0.533333" pY="1"/>
    <sprite n="MasterChef/Run/CharRun5" x="940" y="1125" w="75" h="110" pX="0.533333" pY="1"/>
    <sprite n="MasterChef/Run/CharRun6" x="0" y="1240" w="75" h="110" pX="0.533333" pY="1"/>
    <sprite n="MasterChef/Run/CharRun7" x="75" y="1240" w="75" h="105" pX="0.533333" pY="1.04762"/>
    <sprite n="RiderH/Die/CharDie" x="150" y="1240" w="95" h="70" pX="0.526316" pY="1"/>
    <sprite n="RiderH/Idle/CharIdle0" x="245" y="1240" w="120" h="95" pX="0.666667" pY="1"/>
    <sprite n="RiderH/Idle/CharIdle1" x="365" y="1240" w="120" h="95" pX="0.666667" pY="1"/>
    <sprite n="RiderH/Idle/CharIdle2" x="485" y="1240" w="120" h="95" pX="0.666667" pY="1"/>
    <sprite n="RiderH/Idle/CharIdle3" x="605" y="1240" w="120" h="90" pX="0.666667" pY="1"/>
    <sprite n="RiderH/Idle/CharIdle4" x="725" y="1240" w="120" h="90" pX="0.666667" pY="1"/>
    <sprite n="RiderH/Run/CharRun0" x="845" y="1240" w="115" h="90" pX="0.652174" pY="1"/>
    <sprite n="RiderH/Run/CharRun1" x="0" y="1350" w="110" h="90" pX="0.636364" pY="1"/>
    <sprite n="RiderH/Run/CharRun2" x="110" y="1350" w="115" h="90" pX="0.652174" pY="1"/>
    <sprite n="RiderH/Run/CharRun3" x="225" y="1350" w="110" h="90" pX="0.636364" pY="1"/>
    <sprite n="RiderH/Run/CharRun4" x="335" y="1350" w="115" h="90" pX="0.652174" pY="1"/>
    <sprite n="RiderH/Run/CharRun5" x="450" y="1350" w="110" h="90" pX="0.636364" pY="1"/>
    <sprite n="SunsetGunman/DIE/CharDie" x="560" y="1350" w="105" h="65" pX="0.47619" pY="1"/>
    <sprite n="SunsetGunman/IDLE/CharIdle0" x="665" y="1350" w="85" h="105" pX="0.470588" pY="1"/>
    <sprite n="SunsetGunman/IDLE/CharIdle1" x="750" y="1350" w="85" h="105" pX="0.470588" pY="1"/>
    <sprite n="SunsetGunman/IDLE/CharIdle2" x="835" y="1350" w="85" h="105" pX="0.470588" pY="1"/>
    <sprite n="SunsetGunman/IDLE/CharIdle3" x="920" y="1350" w="85" h="100" pX="0.470588" pY="1"/>
    <sprite n="SunsetGunman/IDLE/CharIdle4" x="0" y="1455" w="85" h="100" pX="0.470588" pY="1"/>
    <sprite n="SunsetGunman/JUMP/CharJump" x="85" y="1455" w="85" h="105" pX="0.470588" pY="1"/>
    <sprite n="SunsetGunman/RUN/CharRun0" x="170" y="1455" w="85" h="100" pX="0.470588" pY="1"/>
    <sprite n="SunsetGunman/RUN/CharRun1" x="255" y="1455" w="85" h="105" pX="0.470588" pY="1"/>
    <sprite n="SunsetGunman/RUN/CharRun2" x="340" y="1455" w="85" h="105" pX="0.470588" pY="1"/>
    <sprite n="SunsetGunman/RUN/CharRun3" x="425" y="1455" w="85" h="100" pX="0.470588" pY="1.05"/>
    <sprite n="SunsetGunman/RUN/CharRun4" x="510" y="1455" w="85" h="100" pX="0.470588" pY="1"/>
    <sprite n="SunsetGunman/RUN/CharRun5" x="595" y="1455" w="85" h="105" pX="0.470588" pY="1"/>
    <sprite n="SunsetGunman/RUN/CharRun6" x="680" y="1455" w="85" h="105" pX="0.470588" pY="1"/>
    <sprite n="SunsetGunman/RUN/CharRun7" x="765" y="1455" w="85" h="100" pX="0.470588" pY="1.05"/>
</TextureAtlas>
