<?xml version="1.0" encoding="UTF-8"?>
<!-- Created with TexturePacker https://www.codeandweb.com/texturepacker -->
<!-- $TexturePacker:SmartUpdate:9babec7d3228713ee77cf548e1324476:43a09cd1654616b9aef69fed24f4729f:e84c62cf1354c795be20975d62d61420$ -->
<!--Format:
n  => name of the sprite
x  => sprite x pos in texture
y  => sprite y pos in texture
w  => sprite width (may be trimmed)
h  => sprite height (may be trimmed)
pX => x pos of the pivot point (relative to sprite width)
pY => y pos of the pivot point (relative to sprite height)
oX => sprite's x-corner offset (only available if trimmed)
oY => sprite's y-corner offset (only available if trimmed)
oW => sprite's original width (only available if trimmed)
oH => sprite's original height (only available if trimmed)
r => 'y' only set if sprite is rotated
with polygon mode enabled:
vertices   => points in sprite coordinate system (x0,y0,x1,y1,x2,y2, ...)
verticesUV => points in sheet coordinate system (x0,y0,x1,y1,x2,y2, ...)
triangles  => sprite triangulation, 3 vertex indices per triangle
-->
<TextureAtlas imagePath="Weapon_Common.png" width="790" height="790">
    <sprite n="AdvancedPistol" x="245" y="35" w="80" h="40" pX="0.5" pY="0.5"/>
    <sprite n="Assasin'sDagger" x="65" y="0" w="80" h="25" pX="0.5" pY="0.5"/>
    <sprite n="BambooSpear" x="105" y="470" w="20" h="165" pX="0.5" pY="0.5"/>
    <sprite n="BlackRoseSword" x="595" y="315" w="40" h="155" pX="0.5" pY="0.5"/>
    <sprite n="BloodStoneLongSword" x="180" y="205" w="35" h="85" pX="0.5" pY="0.5"/>
    <sprite n="Blunderbuss" x="325" y="35" w="100" h="40" pX="0.5" pY="0.5"/>
    <sprite n="Bouquet" x="50" y="205" w="55" h="80" pX="0.5" pY="0.5"/>
    <sprite n="BreathOfUndine" x="315" y="130" w="35" h="60" pX="0.5" pY="0.5"/>
    <sprite n="ButterflyKnife/ButterflyKnife" x="170" y="0" w="90" h="30" pX="0.5" pY="0.5"/>
    <sprite n="ButterflyKnife/ButterflyKnife00" x="0" y="0" w="50" h="20" pX="0.5" pY="0.5"/>
    <sprite n="ButterflyKnife/ButterflyKnife01" x="25" y="130" w="70" h="55" pX="0.5" pY="0.5"/>
    <sprite n="ButterflyKnife/ButterflyKnife02" x="495" y="130" w="75" h="75" pX="0.5" pY="0.5"/>
    <sprite n="ButterflyKnife/ButterflyKnife03" x="570" y="130" w="85" h="75" pX="0.5" pY="0.5"/>
    <sprite n="ButterflyKnife/ButterflyKnife04" x="260" y="0" w="90" h="30" pX="0.5" pY="0.5"/>
    <sprite n="ButterflyKnife/ButterflyKnife05" x="170" y="0" w="90" h="30" pX="0.5" pY="0.5"/>
    <sprite n="ButterflyKnife/ButterflyKnife06" x="425" y="35" w="85" h="40" pX="0.5" pY="0.5"/>
    <sprite n="ButterflyKnife/ButterflyKnife07" x="105" y="205" w="75" h="80" pX="0.5" pY="0.5"/>
    <sprite n="ButterflyKnife/ButterflyKnife08" x="95" y="130" w="70" h="55" pX="0.5" pY="0.5"/>
    <sprite n="ButterflyKnife/ButterflyKnife09" x="600" y="35" w="50" h="45" pX="0.5" pY="0.5"/>
    <sprite n="CampingHatchet" x="350" y="130" w="40" h="60" pX="0.5" pY="0.5"/>
    <sprite n="CetratusoftheDivine" x="590" y="205" w="65" h="100" pX="0.5" pY="0.5"/>
    <sprite n="Chakram" x="655" y="130" w="75" h="75" pX="0.5" pY="0.5"/>
    <sprite n="Chef'sSalvation" x="670" y="0" w="95" h="35" pX="0.5" pY="0.5"/>
    <sprite n="ChenjaCannon/JoseonCannon" x="445" y="80" w="95" h="50" pX="0.5" pY="0.5"/>
    <sprite n="ChenjaCannon/JoseonCannonBullet" x="0" y="35" w="35" h="35" pX="0.5" pY="0.5"/>
    <sprite n="DangerousShotgun/Bullet/DangerousShotgunBullet" x="35" y="35" w="20" h="35" pX="0.5" pY="0.5"/>
    <sprite n="DangerousShotgun/DangerousShotgun" x="650" y="35" w="95" h="45" pX="0.5" pY="0.5"/>
    <sprite n="DogShortSword/WoofSword" x="500" y="205" w="45" h="95" pX="0.5" pY="0.5"/>
    <sprite n="GaeBulga" x="0" y="80" w="75" h="45" pX="0.5" pY="0.5"/>
    <sprite n="GarandClip" x="50" y="0" w="15" h="20" pX="0.5" pY="0.5"/>
    <sprite n="GoldenStarKetboard" x="540" y="80" w="115" h="50" pX="0.5" pY="0.5"/>
    <sprite n="Grenade/Granade" x="510" y="35" w="30" h="40" pX="0.5" pY="0.5"/>
    <sprite n="HandCrossbow/Crossbow0" x="75" y="80" w="80" h="45" pX="0.5" pY="0.5"/>
    <sprite n="HandCrossbow/Crossbow2" x="165" y="130" w="70" h="55" pX="0.5" pY="0.5"/>
    <sprite n="HeaterShield" x="345" y="205" w="55" h="90" pX="0.5" pY="0.5"/>
    <sprite n="HeavyMeteorFragment/HeavyStone" x="655" y="80" w="55" h="50" pX="0.5" pY="0.5"/>
    <sprite n="HeavyMeteorFragment/HeavyStoneMagma" x="710" y="80" w="55" h="50" pX="0.5" pY="0.5"/>
    <sprite n="HeavyMeteorFragment/HeavyStoneMagmaFragments1" x="350" y="0" w="30" h="30" pX="0.5" pY="0.5"/>
    <sprite n="HorseKillerSword" x="325" y="470" w="35" h="185" pX="0.5" pY="0.5"/>
    <sprite n="KujiKanesada" x="240" y="315" w="40" h="125" pX="0.5" pY="0.5"/>
    <sprite n="M1Garand" x="155" y="80" w="130" h="45" pX="0.5" pY="0.5"/>
    <sprite n="MetalBoomerang/MetalBoomerang" x="635" y="315" w="155" h="155" pX="0.5" pY="0.5"/>
    <sprite n="MetalBoomerang/MetalBoomerangSpin0" x="360" y="470" w="185" h="185" pX="0.5" pY="0.5"/>
    <sprite n="MetalBoomerang/MetalBoomerangSpin1" x="150" y="470" w="175" h="175" pX="0.5" pY="0.5"/>
    <sprite n="MT8Carbin" x="55" y="35" w="95" h="35" pX="0.5" pY="0.5"/>
    <sprite n="Pickaxe" x="545" y="470" w="165" h="215" pX="0.5" pY="0.5"/>
    <sprite n="PistolSword" x="655" y="205" w="40" h="100" pX="0.5" pY="0.5"/>
    <sprite n="PuppyPistol/DogPistol0" x="380" y="0" w="80" h="30" pX="0.5" pY="0.5"/>
    <sprite n="PuppyPistol/DogPistol1" x="460" y="0" w="65" h="30" pX="0.5" pY="0.5"/>
    <sprite n="PuppyPistol/DogPistol2" x="525" y="0" w="70" h="30" pX="0.5" pY="0.5"/>
    <sprite n="PuppyPistol/DogPistol3" x="595" y="0" w="75" h="30" pX="0.5" pY="0.5"/>
    <sprite n="PuppyPistol/DogPistol4" x="380" y="0" w="80" h="30" pX="0.5" pY="0.5"/>
    <sprite n="RiotShield" x="415" y="130" w="45" h="65" pX="0.5" pY="0.5"/>
    <sprite n="Saber/Saber" x="55" y="315" w="45" h="115" pX="0.5" pY="0.5"/>
    <sprite n="Saber/SaberCase" x="545" y="205" w="45" h="95" pX="0.5" pY="0.5"/>
    <sprite n="Salamander'sEye" x="235" y="130" w="35" h="55" pX="0.5" pY="0.5"/>
    <sprite n="Schmit'sBirchBaton" x="125" y="470" w="25" h="165" pX="0.5" pY="0.5"/>
    <sprite n="SecondaryPistol,Ruby" x="540" y="35" w="60" h="40" pX="0.5" pY="0.5"/>
    <sprite n="SerratedSword" x="100" y="315" w="35" h="115" pX="0.5" pY="0.5"/>
    <sprite n="Shotgun" x="150" y="35" w="95" h="35" pX="0.5" pY="0.5"/>
    <sprite n="SilverlimeStick" x="390" y="130" w="25" h="60" pX="0.5" pY="0.5"/>
    <sprite n="SmallBoomerang" x="460" y="130" w="35" h="70" pX="0.5" pY="0.5"/>
    <sprite n="SolarPlasmaRifle/SunLord" x="285" y="80" w="115" h="45" pX="0.5" pY="0.5"/>
    <sprite n="SolarPlasmaRifle/SunLordBullet" x="765" y="80" w="25" h="50" pX="0.5" pY="0.5"/>
    <sprite n="SolarPlasmaRifle/SunLordShoot0" x="145" y="0" w="25" h="25" pX="0.5" pY="0.5"/>
    <sprite n="SolarPlasmaRifle/SunLordShoot1" x="400" y="80" w="45" h="45" pX="0.5" pY="0.5"/>
    <sprite n="SteamShield" x="215" y="205" w="55" h="85" pX="0.5" pY="0.5"/>
    <sprite n="SteelDualSword/SteelDualSword" x="400" y="205" w="35" h="90" pX="0.5" pY="0.5"/>
    <sprite n="SteelDualSword/SteelDualSwordItem" x="435" y="205" w="65" h="90" pX="0.5" pY="0.5"/>
    <sprite n="StoneSword" x="0" y="470" w="105" h="160" pX="0.5" pY="0.5"/>
    <sprite n="TacticalBaton" x="765" y="205" w="25" h="110" pX="0.5" pY="0.5"/>
    <sprite n="TaeKwonDog" x="270" y="205" w="75" h="85" pX="0.5" pY="0.5"/>
    <sprite n="TearMace" x="465" y="315" w="65" h="130" pX="0.5" pY="0.5"/>
    <sprite n="ThrowingKnife" x="0" y="130" w="25" h="50" pX="0.5" pY="0.5"/>
    <sprite n="ThrowingTorch/Torch0" x="135" y="315" w="55" h="115" pX="0.5" pY="0.5"/>
    <sprite n="ThrowingTorch/Torch1" x="190" y="315" w="50" h="115" pX="0.5" pY="0.5"/>
    <sprite n="ThrowingTorch/Torch2" x="280" y="315" w="50" h="125" pX="0.5" pY="0.5"/>
    <sprite n="ThrowingTorch/Torch3" x="330" y="315" w="60" h="125" pX="0.5" pY="0.5"/>
    <sprite n="ThrowingTorch/Torch4" x="530" y="315" w="65" h="130" pX="0.5" pY="0.5"/>
    <sprite n="ThrowingTorch/Torch5" x="390" y="315" w="75" h="125" pX="0.5" pY="0.5"/>
    <sprite n="ThrowingTorch/Torch6" x="695" y="205" w="70" h="105" pX="0.5" pY="0.5"/>
    <sprite n="ThrowingTorch/Torch7" x="0" y="315" w="55" h="110" pX="0.5" pY="0.5"/>
    <sprite n="Thunderbird'sEye" x="270" y="130" w="45" h="55" pX="0.5" pY="0.5"/>
    <sprite n="Tonfa/Tonfa" x="730" y="130" w="30" h="75" pX="0.5" pY="0.5"/>
    <sprite n="Tonfa/TonfaItem" x="0" y="205" w="50" h="75" pX="0.5" pY="0.5"/>
</TextureAtlas>
