<?xml version="1.0" encoding="UTF-8"?>
<!-- Created with TexturePacker https://www.codeandweb.com/texturepacker -->
<!-- $TexturePacker:SmartUpdate:b0089a4bb29ae596974bbc66ae6223b0:786f7703798c28956990d09e3b1a36d0:8083f553db19e6136fc593ce640e2f69$ -->
<!--Format:
n  => name of the sprite
x  => sprite x pos in texture
y  => sprite y pos in texture
w  => sprite width (may be trimmed)
h  => sprite height (may be trimmed)
pX => x pos of the pivot point (relative to sprite width)
pY => y pos of the pivot point (relative to sprite height)
oX => sprite's x-corner offset (only available if trimmed)
oY => sprite's y-corner offset (only available if trimmed)
oW => sprite's original width (only available if trimmed)
oH => sprite's original height (only available if trimmed)
r => 'y' only set if sprite is rotated
with polygon mode enabled:
vertices   => points in sprite coordinate system (x0,y0,x1,y1,x2,y2, ...)
verticesUV => points in sheet coordinate system (x0,y0,x1,y1,x2,y2, ...)
triangles  => sprite triangulation, 3 vertex indices per triangle
-->
<TextureAtlas imagePath="Weapon_Legendary.png" width="2385" height="2385">
    <sprite n="Aldrin'sSecondScythe" x="1010" y="450" w="160" h="190" pX="0.5" pY="0.5"/>
    <sprite n="AngelAndDevil" x="660" y="280" w="65" h="140" pX="0.5" pY="0.5"/>
    <sprite n="BeastMarksSword'Hou'" x="890" y="280" w="45" h="155" pX="0.5" pY="0.5"/>
    <sprite n="BountyHunter" x="210" y="0" w="80" h="45" pX="0.5" pY="0.5"/>
    <sprite n="Ceres/Keres" x="1810" y="280" w="135" h="170" pX="0.5" pY="0.5"/>
    <sprite n="Ceres/KeresBlade" x="480" y="280" w="40" h="125" pX="0.5" pY="0.5"/>
    <sprite n="Ceres/KeresScythe" x="1945" y="280" w="135" h="170" pX="0.5" pY="0.5"/>
    <sprite n="CosmosSword/CosmosSword00" x="985" y="280" w="55" h="165" pX="0.5" pY="0.5"/>
    <sprite n="CosmosSword/CosmosSword01" x="1040" y="280" w="55" h="165" pX="0.5" pY="0.5"/>
    <sprite n="CosmosSword/CosmosSword02" x="1095" y="280" w="55" h="165" pX="0.5" pY="0.5"/>
    <sprite n="CosmosSword/CosmosSword03" x="1150" y="280" w="55" h="165" pX="0.5" pY="0.5"/>
    <sprite n="CosmosSword/CosmosSword04" x="1205" y="280" w="55" h="165" pX="0.5" pY="0.5"/>
    <sprite n="CosmosSword/CosmosSword05" x="1260" y="280" w="55" h="165" pX="0.5" pY="0.5"/>
    <sprite n="CosmosSword/CosmosSword06" x="1315" y="280" w="55" h="165" pX="0.5" pY="0.5"/>
    <sprite n="CosmosSword/CosmosSword07" x="1370" y="280" w="55" h="165" pX="0.5" pY="0.5"/>
    <sprite n="CosmosSword/CosmosSword08" x="1425" y="280" w="55" h="165" pX="0.5" pY="0.5"/>
    <sprite n="CosmosSword/CosmosSword09" x="1480" y="280" w="55" h="165" pX="0.5" pY="0.5"/>
    <sprite n="CosmosSword/CosmosSword10" x="1535" y="280" w="55" h="165" pX="0.5" pY="0.5"/>
    <sprite n="CosmosSword/CosmosSword11" x="1590" y="280" w="55" h="165" pX="0.5" pY="0.5"/>
    <sprite n="CosmosSword/CosmosSwordSkill/CosmosSwordSkill00" x="1645" y="280" w="55" h="165" pX="0.5" pY="0.5"/>
    <sprite n="CosmosSword/CosmosSwordSkill/CosmosSwordSkill01" x="1700" y="280" w="55" h="165" pX="0.5" pY="0.5"/>
    <sprite n="CosmosSword/CosmosSwordSkill/CosmosSwordSkill02" x="1755" y="280" w="55" h="165" pX="0.5" pY="0.5"/>
    <sprite n="CrewGun/CrewGun" x="50" y="165" w="1640" h="110" pX="0.5" pY="0.5"/>
    <sprite n="CrewGun/CrewGun_Bullet_02" x="2175" y="60" w="50" h="100" pX="0.5" pY="0.5"/>
    <sprite n="CrewGun/CrewGun_Bullet_03" x="2080" y="60" w="50" h="95" pX="0.5" pY="0.5"/>
    <sprite n="CrewGun/CrewGun_Bullet_04" x="2305" y="60" w="50" h="105" pX="0.5" pY="0.5"/>
    <sprite n="CrewGun/CrewGun_Bullet_05" x="0" y="165" w="50" h="105" pX="0.5" pY="0.5"/>
    <sprite n="CrewGun/CrewGun_BULLET_HIT_01" x="0" y="280" w="480" h="120" pX="0.5" pY="0.5"/>
    <sprite n="CrewGun/CrewGun_Granade" x="1395" y="60" w="60" h="80" pX="0.5" pY="0.5"/>
    <sprite n="CrewGun/CrewGun_GUNFIRE_01" x="0" y="60" w="770" h="65" pX="0.5" pY="0.5"/>
    <sprite n="DashShield" x="520" y="280" w="140" h="125" pX="0.5" pY="0.5"/>
    <sprite n="DemonHand/DemonHand" x="775" y="0" w="60" h="60" pX="0.5" pY="0.5"/>
    <sprite n="DemonHand/DemonHand0" x="770" y="60" w="60" h="65" pX="0.5" pY="0.5"/>
    <sprite n="DemonHand/DemonHand1" x="960" y="60" w="60" h="70" pX="0.5" pY="0.5"/>
    <sprite n="DemonHand/DemonHand2" x="1020" y="60" w="60" h="70" pX="0.5" pY="0.5"/>
    <sprite n="DemonHand/DemonHand3" x="1080" y="60" w="60" h="70" pX="0.5" pY="0.5"/>
    <sprite n="DemonHand/DemonHand4" x="830" y="60" w="65" h="65" pX="0.5" pY="0.5"/>
    <sprite n="DevilSwordElema/Attack/DevilSword00" x="185" y="695" w="110" h="300" pX="0.5" pY="0.5"/>
    <sprite n="DevilSwordElema/Attack/DevilSword01" x="295" y="695" w="115" h="300" pX="0.5" pY="0.5"/>
    <sprite n="DevilSwordElema/Attack/DevilSword02" x="410" y="695" w="120" h="300" pX="0.5" pY="0.5"/>
    <sprite n="DevilSwordElema/Attack/DevilSword03" x="530" y="695" w="110" h="300" pX="0.5" pY="0.5"/>
    <sprite n="DevilSwordElema/Attack/DevilSword04" x="640" y="695" w="110" h="300" pX="0.5" pY="0.5"/>
    <sprite n="DevilSwordElema/Attack/DevilSword05" x="1975" y="1625" w="355" h="510" pX="0.5" pY="0.5"/>
    <sprite n="DevilSwordElema/Attack/DevilSword06" x="1155" y="1625" w="410" h="360" pX="0.5" pY="0.5"/>
    <sprite n="DevilSwordElema/Attack/DevilSword07" x="1565" y="1625" w="410" h="370" pX="0.5" pY="0.5"/>
    <sprite n="DevilSwordElema/Attack/DevilSword08" x="750" y="695" w="90" h="300" pX="0.5" pY="0.5"/>
    <sprite n="DevilSwordElema/Attack/DevilSword09" x="840" y="695" w="90" h="300" pX="0.5" pY="0.5"/>
    <sprite n="DevilSwordElema/Attack/DevilSword10" x="930" y="695" w="90" h="300" pX="0.5" pY="0.5"/>
    <sprite n="DevilSwordElema/Attack/DevilSword11" x="1020" y="695" w="90" h="300" pX="0.5" pY="0.5"/>
    <sprite n="DevilSwordElema/Attack/DevilSword12" x="1110" y="695" w="90" h="300" pX="0.5" pY="0.5"/>
    <sprite n="DevilSwordElema/Attack/DevilSword13" x="1200" y="695" w="90" h="300" pX="0.5" pY="0.5"/>
    <sprite n="DevilSwordElema/Attack/DevilSword14" x="1290" y="695" w="85" h="300" pX="0.5" pY="0.5"/>
    <sprite n="DevilSwordElema/Attack/DevilSword15" x="1375" y="695" w="90" h="300" pX="0.5" pY="0.5"/>
    <sprite n="DevilSwordElema/Attack/DevilSword16" x="1465" y="695" w="110" h="300" pX="0.5" pY="0.5"/>
    <sprite n="DevilSwordElema/Attack/DevilSword17" x="1170" y="450" w="225" h="200" pX="0.5" pY="0.5"/>
    <sprite n="DevilSwordElema/Attack/DevilSword18" x="1780" y="60" w="300" h="90" pX="0.5" pY="0.5"/>
    <sprite n="DevilSwordElema/Attack/DevilSwordIdle00" x="1575" y="695" w="90" h="300" pX="0.5" pY="0.5"/>
    <sprite n="DevilSwordElema/Attack/DevilSwordIdle01" x="1665" y="695" w="90" h="300" pX="0.5" pY="0.5"/>
    <sprite n="DevilSwordElema/Attack/DevilSwordIdle02" x="1755" y="695" w="90" h="300" pX="0.5" pY="0.5"/>
    <sprite n="DevilSwordElema/Attack/DevilSwordIdle03" x="1845" y="695" w="90" h="300" pX="0.5" pY="0.5"/>
    <sprite n="DevilSwordElema/Attack/DevilSwordIdle04" x="1935" y="695" w="90" h="300" pX="0.5" pY="0.5"/>
    <sprite n="DevilSwordElema/Attack/DevilSwordIdle05" x="2025" y="695" w="90" h="300" pX="0.5" pY="0.5"/>
    <sprite n="DevilSwordElema/Attack/DevilSwordIdle06" x="2115" y="695" w="90" h="300" pX="0.5" pY="0.5"/>
    <sprite n="DevilSwordElema/Attack/DevilSwordIdle07" x="2205" y="695" w="90" h="300" pX="0.5" pY="0.5"/>
    <sprite n="DevilSwordElema/Attack/DevilSwordIdle08" x="2295" y="695" w="90" h="300" pX="0.5" pY="0.5"/>
    <sprite n="DevilSwordElema/DemonSword00" x="0" y="995" w="90" h="300" pX="0.5" pY="0.5"/>
    <sprite n="DevilSwordElema/DemonSword01" x="750" y="695" w="90" h="300" pX="0.5" pY="0.5"/>
    <sprite n="DevilSwordElema/DemonSword02" x="840" y="695" w="90" h="300" pX="0.5" pY="0.5"/>
    <sprite n="DevilSwordElema/DemonSword03" x="930" y="695" w="90" h="300" pX="0.5" pY="0.5"/>
    <sprite n="DevilSwordElema/DemonSword04" x="1020" y="695" w="90" h="300" pX="0.5" pY="0.5"/>
    <sprite n="DevilSwordElema/DemonSword05" x="1110" y="695" w="90" h="300" pX="0.5" pY="0.5"/>
    <sprite n="DevilSwordElema/DemonSword06" x="1200" y="695" w="90" h="300" pX="0.5" pY="0.5"/>
    <sprite n="DevilSwordElema/DemonSword07" x="90" y="995" w="90" h="300" pX="0.5" pY="0.5"/>
    <sprite n="DevilSwordElema/DemonSword08" x="1375" y="695" w="90" h="300" pX="0.5" pY="0.5"/>
    <sprite n="FireDragonKiller" x="825" y="280" w="65" h="150" pX="0.5" pY="0.5"/>
    <sprite n="Gwendolyn" x="1395" y="450" w="45" h="200" pX="0.5" pY="0.5"/>
    <sprite n="Hecate/Hecate" x="620" y="0" w="155" h="55" pX="0.5" pY="0.5"/>
    <sprite n="Hwando/EastSaber" x="725" y="280" w="35" h="140" pX="0.5" pY="0.5"/>
    <sprite n="Lara'sMagicWand" x="895" y="60" w="65" h="65" pX="0.5" pY="0.5"/>
    <sprite n="Mjolnir" x="835" y="0" w="45" h="60" pX="0.5" pY="0.5"/>
    <sprite n="Mouth/MouthForge" x="510" y="450" w="80" h="180" pX="0.5" pY="0.5"/>
    <sprite n="Mouth/MouthForge0" x="510" y="450" w="80" h="180" pX="0.5" pY="0.5"/>
    <sprite n="Mouth/MouthForge1" x="590" y="450" w="165" h="180" pX="0.5" pY="0.5"/>
    <sprite n="Mouth/MouthForge2" x="755" y="450" w="85" h="180" pX="0.5" pY="0.5"/>
    <sprite n="Mouth/MouthForge3" x="840" y="450" w="85" h="180" pX="0.5" pY="0.5"/>
    <sprite n="Mouth/MouthSkill" x="1515" y="60" w="85" h="85" pX="0.5" pY="0.5"/>
    <sprite n="Muramasa" x="935" y="280" w="50" h="160" pX="0.5" pY="0.5"/>
    <sprite n="Nastrond" x="2175" y="450" w="40" h="245" pX="0.5" pY="0.5"/>
    <sprite n="NitroGauntlet/MachineLeftHand0" x="5" y="0" w="50" h="40" pX="0.5" pY="0.5"/>
    <sprite n="NitroGauntlet/MachineLeftHand1" x="290" y="0" w="60" h="45" pX="0.5" pY="0.5"/>
    <sprite n="NitroGauntlet/MachineRightHandAttack0" x="1140" y="60" w="135" h="70" pX="0.5" pY="0.5"/>
    <sprite n="NitroGauntlet/MachineRightHandAttack1" x="880" y="0" w="150" h="60" pX="0.5" pY="0.5"/>
    <sprite n="NitroGauntlet/MachineRightHandAttack2" x="1030" y="0" w="120" h="60" pX="0.5" pY="0.5"/>
    <sprite n="NitroGauntlet/MachineRightHandAttack3" x="1150" y="0" w="125" h="60" pX="0.5" pY="0.5"/>
    <sprite n="NitroGauntlet/MachineRightHandAttack4" x="1030" y="0" w="120" h="60" pX="0.5" pY="0.5"/>
    <sprite n="NitroGauntlet/MachineRightHandAttack7" x="1275" y="0" w="120" h="60" pX="0.5" pY="0.5"/>
    <sprite n="NitroGauntlet/MachineRightHandAttack8" x="1395" y="0" w="95" h="60" pX="0.5" pY="0.5"/>
    <sprite n="NitroGauntlet/MachineRightHandAttack9" x="1490" y="0" w="95" h="60" pX="0.5" pY="0.5"/>
    <sprite n="NitroGauntlet/MachineRightHandIdle" x="1585" y="0" w="85" h="60" pX="0.5" pY="0.5"/>
    <sprite n="NitroGauntlet/NitroGauntlet" x="1600" y="60" w="105" h="85" pX="0.5" pY="0.5"/>
    <sprite n="NitroGauntlet/NitroPunchAim01" x="0" y="695" w="185" h="245" pX="0.5" pY="0.5"/>
    <sprite n="PuppyRocketLauncher/DogMissile" x="55" y="0" w="25" h="40" pX="0.5" pY="0.5"/>
    <sprite n="PuppyRocketLauncher/DogMissileLauncher0" x="350" y="0" w="75" h="50" pX="0.5" pY="0.5"/>
    <sprite n="PuppyRocketLauncher/DogMissileLauncher1" x="1455" y="60" w="60" h="80" pX="0.5" pY="0.5"/>
    <sprite n="PuppyRocketLauncher/DogMissileLauncher2" x="1275" y="60" w="60" h="70" pX="0.5" pY="0.5"/>
    <sprite n="PuppyRocketLauncher/DogMissileLauncher3" x="1335" y="60" w="60" h="70" pX="0.5" pY="0.5"/>
    <sprite n="PuppyRocketLauncher/DogMissileLauncher4" x="1670" y="0" w="60" h="60" pX="0.5" pY="0.5"/>
    <sprite n="PuppyRocketLauncher/DogMissileLauncher5" x="425" y="0" w="60" h="50" pX="0.5" pY="0.5"/>
    <sprite n="PuppyRocketLauncher/DogMissileLauncher6" x="485" y="0" w="65" h="50" pX="0.5" pY="0.5"/>
    <sprite n="PuppyRocketLauncher/DogMissileLauncher7" x="550" y="0" w="70" h="50" pX="0.5" pY="0.5"/>
    <sprite n="RapierOfSuperSpeed" x="2120" y="165" w="30" h="115" pX="0.5" pY="0.5"/>
    <sprite n="Roxanne/DogTrueMasterSword" x="760" y="280" w="65" h="140" pX="0.5" pY="0.5"/>
    <sprite n="SkeletonKing'sSword" x="925" y="450" w="85" h="180" pX="0.5" pY="0.5"/>
    <sprite n="Stromboli" x="1515" y="450" w="130" h="225" pX="0.5" pY="0.5"/>
    <sprite n="TaeKwonDog(OrangeBelt)" x="1705" y="60" w="75" h="85" pX="0.5" pY="0.5"/>
    <sprite n="TonfaofQigong/KikouTonfa" x="2130" y="60" w="45" h="95" pX="0.5" pY="0.5"/>
    <sprite n="TonfaofQigong/KikouTonfaItem" x="2225" y="60" w="80" h="100" pX="0.5" pY="0.5"/>
    <sprite n="WitchSwordLivna/DemonBladeIdle00" x="1935" y="995" w="145" h="315" pX="0.5" pY="0.5"/>
    <sprite n="WitchSwordLivna/DemonBladeIdle01" x="2080" y="995" w="145" h="315" pX="0.5" pY="0.5"/>
    <sprite n="WitchSwordLivna/DemonBladeIdle02" x="2225" y="995" w="145" h="315" pX="0.5" pY="0.5"/>
    <sprite n="WitchSwordLivna/DemonBladeIdle03" x="0" y="1310" w="145" h="315" pX="0.5" pY="0.5"/>
    <sprite n="WitchSwordLivna/DemonBladeIdle04" x="145" y="1310" w="145" h="315" pX="0.5" pY="0.5"/>
    <sprite n="WitchSwordLivna/DemonBladeIdle05" x="290" y="1310" w="145" h="315" pX="0.5" pY="0.5"/>
    <sprite n="WitchSwordLivna/DemonBladeIdle06" x="435" y="1310" w="145" h="315" pX="0.5" pY="0.5"/>
    <sprite n="WitchSwordLivna/DemonBladeIdle07" x="580" y="1310" w="145" h="315" pX="0.5" pY="0.5"/>
    <sprite n="WitchSwordLivna/DemonBladeIdle08" x="725" y="1310" w="145" h="315" pX="0.5" pY="0.5"/>
    <sprite n="WitchSwordLivna/DemonBladeIdle09" x="870" y="1310" w="145" h="315" pX="0.5" pY="0.5"/>
    <sprite n="WitchSwordLivna/DemonBladeIdle10" x="1015" y="1310" w="145" h="315" pX="0.5" pY="0.5"/>
    <sprite n="WitchSwordLivna/DemonBladeIdle11" x="1160" y="1310" w="145" h="315" pX="0.5" pY="0.5"/>
    <sprite n="WitchSwordLivna/DemonBladeIdle12" x="1305" y="1310" w="145" h="315" pX="0.5" pY="0.5"/>
    <sprite n="WitchSwordLivna/DemonBladeIdle13" x="1450" y="1310" w="145" h="315" pX="0.5" pY="0.5"/>
    <sprite n="WitchSwordLivna/DemonBladeIdle14" x="1595" y="1310" w="145" h="315" pX="0.5" pY="0.5"/>
    <sprite n="WitchSwordLivna/DemonBladeSwing00" x="180" y="995" w="590" h="300" pX="0.5" pY="0.5"/>
    <sprite n="WitchSwordLivna/DemonBladeSwing01" x="770" y="995" w="590" h="310" pX="0.5" pY="0.5"/>
    <sprite n="WitchSwordLivna/DemonBladeSwing02" x="1740" y="1310" w="590" h="315" pX="0.5" pY="0.5"/>
    <sprite n="WitchSwordLivna/DemonBladeSwing03" x="565" y="1625" w="590" h="320" pX="0.5" pY="0.5"/>
    <sprite n="WitchSwordLivna/DemonBladeSwing04" x="1360" y="995" w="575" h="310" pX="0.5" pY="0.5"/>
    <sprite n="WitchSwordLivna/DemonBladeSwing05" x="0" y="1625" w="565" h="315" pX="0.5" pY="0.5"/>
    <sprite n="WitchSwordLivna/DemonBladeSwing06" x="1645" y="450" w="530" h="225" pX="0.5" pY="0.5"/>
    <sprite n="WitchSwordLivna/DemonBladeSwing07" x="0" y="450" w="510" h="175" pX="0.5" pY="0.5"/>
    <sprite n="WitchSwordLivna/DemonBladeSwing08" x="1690" y="165" w="430" h="110" pX="0.5" pY="0.5"/>
    <sprite n="WitchSwordLivna/DemonBladeSwing09" x="80" y="0" w="130" h="40" pX="0.5" pY="0.5"/>
    <sprite n="WitchSwordLivna/DemonBladeSwing10" x="0" y="0" w="5" h="5" pX="0.5" pY="0.5"/>
    <sprite n="YoePo'sSpear" x="1440" y="450" w="75" h="220" pX="0.5" pY="0.5"/>
</TextureAtlas>
