<?xml version="1.0" encoding="UTF-8"?>
<!-- Created with TexturePacker https://www.codeandweb.com/texturepacker -->
<!-- $TexturePacker:SmartUpdate:d4517f46bae85aced8b0d091de59b857:ff450fddd2d82c4e2c7895d323f274c0:397cd9a25fbda2447927b2ce527aa6d2$ -->
<!--Format:
n  => name of the sprite
x  => sprite x pos in texture
y  => sprite y pos in texture
w  => sprite width (may be trimmed)
h  => sprite height (may be trimmed)
pX => x pos of the pivot point (relative to sprite width)
pY => y pos of the pivot point (relative to sprite height)
oX => sprite's x-corner offset (only available if trimmed)
oY => sprite's y-corner offset (only available if trimmed)
oW => sprite's original width (only available if trimmed)
oH => sprite's original height (only available if trimmed)
r => 'y' only set if sprite is rotated
with polygon mode enabled:
vertices   => points in sprite coordinate system (x0,y0,x1,y1,x2,y2, ...)
verticesUV => points in sheet coordinate system (x0,y0,x1,y1,x2,y2, ...)
triangles  => sprite triangulation, 3 vertex indices per triangle
-->
<TextureAtlas imagePath="Weapon_Rare.png" width="1335" height="1335">
    <sprite n="AK77" x="360" y="0" w="95" h="35" pX="0.5" pY="0.5"/>
    <sprite n="Alloine" x="1125" y="800" w="25" h="165" pX="0.5" pY="0.5"/>
    <sprite n="Arzuna/Arrow_Laser" x="410" y="280" w="15" h="90" pX="0.5" pY="0.5"/>
    <sprite n="Arzuna/LaserBow0" x="760" y="385" w="80" h="125" pX="0.5" pY="0.5"/>
    <sprite n="Arzuna/LaserBow1" x="840" y="385" w="100" h="125" pX="0.5" pY="0.5"/>
    <sprite n="Arzuna/LaserBow2" x="940" y="385" w="130" h="125" pX="0.5" pY="0.5"/>
    <sprite n="BeheadingSword'Gai'/PowerKatana" x="1200" y="800" w="55" h="170" pX="0.5" pY="0.5"/>
    <sprite n="BeheadingSword'Gai'/PowerKatanaHUD" x="455" y="0" w="130" h="35" pX="0.5" pY="0.5"/>
    <sprite n="Berdish" x="1025" y="800" w="35" h="160" pX="0.5" pY="0.5"/>
    <sprite n="BloodbeadSword'Kurai'/DashKatana" x="1150" y="800" w="50" h="165" pX="0.5" pY="0.5"/>
    <sprite n="BloodbeadSword'Kurai'/DashKatanaHUD" x="585" y="0" w="125" h="35" pX="0.5" pY="0.5"/>
    <sprite n="BombShooter" x="110" y="40" w="90" h="45" pX="0.5" pY="0.5"/>
    <sprite n="Camera/Camera" x="200" y="40" w="60" h="45" pX="0.5" pY="0.5"/>
    <sprite n="Camera/Camera0" x="430" y="385" w="150" h="120" pX="0.5" pY="0.5"/>
    <sprite n="Camera/Camera1" x="85" y="85" w="60" h="50" pX="0.5" pY="0.5"/>
    <sprite n="Camera/Camera2" x="260" y="40" w="60" h="45" pX="0.5" pY="0.5"/>
    <sprite n="Camera/Camera3" x="320" y="40" w="60" h="45" pX="0.5" pY="0.5"/>
    <sprite n="Camera/Camera4" x="200" y="40" w="60" h="45" pX="0.5" pY="0.5"/>
    <sprite n="Camera/Flash" x="145" y="85" w="55" h="50" pX="0.5" pY="0.5"/>
    <sprite n="CoinGun/Coin" x="710" y="0" w="35" h="35" pX="0.5" pY="0.5"/>
    <sprite n="CoinGun/CoinGun0" x="1150" y="135" w="135" h="65" pX="0.5" pY="0.5"/>
    <sprite n="CoinGun/CoinGun1" x="0" y="200" w="135" h="65" pX="0.5" pY="0.5"/>
    <sprite n="DarksteelSword/PureElema" x="1235" y="970" w="70" h="230" pX="0.5" pY="0.5"/>
    <sprite n="DeadlyKiss" x="0" y="135" w="145" h="55" pX="0.5" pY="0.5"/>
    <sprite n="DevilElectricGuitar/Bullet/DevilGuitarBullet0" x="1025" y="280" w="80" h="100" pX="0.5" pY="0.5"/>
    <sprite n="DevilElectricGuitar/Bullet/DevilGuitarBullet1" x="295" y="200" w="55" h="70" pX="0.5" pY="0.5"/>
    <sprite n="DevilElectricGuitar/Bullet/DevilGuitarBullet2" x="1185" y="280" w="80" h="105" pX="0.5" pY="0.5"/>
    <sprite n="DevilElectricGuitar/Bullet/DevilGuitarBullet3" x="170" y="280" w="55" h="85" pX="0.5" pY="0.5"/>
    <sprite n="DevilElectricGuitar/Bullet/DevilGuitarBullet4" x="350" y="200" w="55" h="70" pX="0.5" pY="0.5"/>
    <sprite n="DevilElectricGuitar/Bullet/DevilGuitarBullet5" x="1105" y="280" w="80" h="100" pX="0.5" pY="0.5"/>
    <sprite n="DevilElectricGuitar/DevilElecGuitar" x="1280" y="510" w="50" h="145" pX="0.5" pY="0.5"/>
    <sprite n="DevilElectricGuitar/DevilElecGuitar0" x="1280" y="510" w="50" h="145" pX="0.5" pY="0.5"/>
    <sprite n="DevilElectricGuitar/DevilElecGuitar1" x="630" y="970" w="195" h="205" pX="0.5" pY="0.5"/>
    <sprite n="DevilElectricGuitar/DevilElecGuitar2" x="0" y="970" w="185" h="195" pX="0.5" pY="0.5"/>
    <sprite n="DevilElectricGuitar/DevilElecGuitar3" x="185" y="970" w="205" h="195" pX="0.5" pY="0.5"/>
    <sprite n="DevilElectricGuitar/DevilElecGuitar4" x="390" y="970" w="185" h="195" pX="0.5" pY="0.5"/>
    <sprite n="DimensionSword" x="1060" y="800" w="65" h="160" pX="0.5" pY="0.5"/>
    <sprite n="DragonHammer" x="825" y="970" w="125" h="205" pX="0.5" pY="0.5"/>
    <sprite n="DrumStick" x="15" y="385" w="50" h="110" pX="0.5" pY="0.5"/>
    <sprite n="EarthwardSword/DogMasterSword" x="385" y="510" w="65" h="130" pX="0.5" pY="0.5"/>
    <sprite n="EntrenchingTool/DirtBullet" x="1155" y="200" w="85" h="80" pX="0.5" pY="0.5"/>
    <sprite n="EntrenchingTool/EntrenchingTool" x="0" y="655" w="30" h="145" pX="0.5" pY="0.5"/>
    <sprite n="EntrenchingTool/EntrenchingToolItem" x="30" y="655" w="45" h="145" pX="0.5" pY="0.5"/>
    <sprite n="Executioner" x="870" y="800" w="65" h="150" pX="0.5" pY="0.5"/>
    <sprite n="FlameThrower/Flame00" x="0" y="0" w="10" h="10" pX="0.5" pY="0.5"/>
    <sprite n="FlameThrower/Flame01" x="235" y="0" w="30" h="30" pX="0.5" pY="0.5"/>
    <sprite n="FlameThrower/Flame02" x="265" y="0" w="25" h="30" pX="0.5" pY="0.5"/>
    <sprite n="FlameThrower/Flame03" x="745" y="0" w="40" h="35" pX="0.5" pY="0.5"/>
    <sprite n="FlameThrower/Flame04" x="860" y="0" w="55" h="40" pX="0.5" pY="0.5"/>
    <sprite n="FlameThrower/Flame05" x="380" y="40" w="65" h="45" pX="0.5" pY="0.5"/>
    <sprite n="FlameThrower/Flame06" x="200" y="85" w="70" h="50" pX="0.5" pY="0.5"/>
    <sprite n="FlameThrower/Flame07" x="145" y="135" w="75" h="55" pX="0.5" pY="0.5"/>
    <sprite n="FlameThrower/Flame08" x="270" y="85" w="75" h="50" pX="0.5" pY="0.5"/>
    <sprite n="FlameThrower/Flame09" x="445" y="40" w="75" h="45" pX="0.5" pY="0.5"/>
    <sprite n="FlameThrower/Flame10" x="520" y="40" w="75" h="45" pX="0.5" pY="0.5"/>
    <sprite n="FlameThrower/Flame11" x="915" y="0" w="75" h="40" pX="0.5" pY="0.5"/>
    <sprite n="FlameThrower/Flame12" x="785" y="0" w="75" h="35" pX="0.5" pY="0.5"/>
    <sprite n="FlameThrower/Flame13" x="290" y="0" w="70" h="30" pX="0.5" pY="0.5"/>
    <sprite n="FlameThrower/Flame14" x="10" y="0" w="30" h="10" pX="0.5" pY="0.5"/>
    <sprite n="FlameThrower/FlameThrower" x="220" y="135" w="110" h="55" pX="0.5" pY="0.5"/>
    <sprite n="FlangedMace" x="65" y="385" w="45" h="110" pX="0.5" pY="0.5"/>
    <sprite n="FrenziedTonfa/FuryTonfa" x="515" y="280" w="40" h="95" pX="0.5" pY="0.5"/>
    <sprite n="FrenziedTonfa/FuryTonfaHUD" x="1240" y="200" w="60" h="80" pX="0.5" pY="0.5"/>
    <sprite n="FrenziedTonfa/FuryTonfaItem" x="555" y="280" w="65" h="95" pX="0.5" pY="0.5"/>
    <sprite n="HandTorch/HandTorch0" x="230" y="385" w="55" h="115" pX="0.5" pY="0.5"/>
    <sprite n="HandTorch/HandTorch1" x="285" y="385" w="50" h="115" pX="0.5" pY="0.5"/>
    <sprite n="HandTorch/HandTorch2" x="1070" y="385" w="50" h="125" pX="0.5" pY="0.5"/>
    <sprite n="HandTorch/HandTorch3" x="1120" y="385" w="60" h="125" pX="0.5" pY="0.5"/>
    <sprite n="HandTorch/HandTorch4" x="450" y="510" w="65" h="130" pX="0.5" pY="0.5"/>
    <sprite n="HandTorch/HandTorch5" x="1180" y="385" w="75" h="125" pX="0.5" pY="0.5"/>
    <sprite n="HandTorch/HandTorch6" x="1265" y="280" w="70" h="105" pX="0.5" pY="0.5"/>
    <sprite n="HandTorch/HandTorch7" x="110" y="385" w="55" h="110" pX="0.5" pY="0.5"/>
    <sprite n="JunkshopOwner'sPistol" x="990" y="0" w="80" h="40" pX="0.5" pY="0.5"/>
    <sprite n="Kar98" x="1070" y="0" w="135" h="40" pX="0.5" pY="0.5"/>
    <sprite n="Laplacian/TrinityForce" x="345" y="85" w="90" h="50" pX="0.5" pY="0.5"/>
    <sprite n="Laplacian/TrinityForceFire0" x="85" y="0" w="25" h="25" pX="0.5" pY="0.5"/>
    <sprite n="Laplacian/TrinityForceFire1" x="110" y="0" w="25" h="25" pX="0.5" pY="0.5"/>
    <sprite n="Laplacian/TrinityForceFire2" x="40" y="0" w="15" h="15" pX="0.5" pY="0.5"/>
    <sprite n="Laplacian/TrinityForceIce0" x="135" y="0" w="25" h="25" pX="0.5" pY="0.5"/>
    <sprite n="Laplacian/TrinityForceIce1" x="160" y="0" w="25" h="25" pX="0.5" pY="0.5"/>
    <sprite n="Laplacian/TrinityForceIce2" x="55" y="0" w="15" h="15" pX="0.5" pY="0.5"/>
    <sprite n="Laplacian/TrinityForceIlec0" x="185" y="0" w="25" h="25" pX="0.5" pY="0.5"/>
    <sprite n="Laplacian/TrinityForceIlec1" x="210" y="0" w="25" h="25" pX="0.5" pY="0.5"/>
    <sprite n="Laplacian/TrinityForceIlec2" x="70" y="0" w="15" h="15" pX="0.5" pY="0.5"/>
    <sprite n="LightBringer/LightBringer0" x="1255" y="385" w="55" h="125" pX="0.5" pY="0.5"/>
    <sprite n="LightBringer/LightBringer1" x="0" y="510" w="60" h="125" pX="0.5" pY="0.5"/>
    <sprite n="LightBringer/LightBringer2" x="60" y="510" w="85" h="125" pX="0.5" pY="0.5"/>
    <sprite n="LightBringer/LightBringer3" x="335" y="385" w="95" h="115" pX="0.5" pY="0.5"/>
    <sprite n="LightBringer/LightBringer4" x="145" y="510" w="125" h="125" pX="0.5" pY="0.5"/>
    <sprite n="LightBringer/LightBringer5" x="270" y="510" w="115" h="125" pX="0.5" pY="0.5"/>
    <sprite n="LightSaber" x="0" y="385" w="15" h="105" pX="0.5" pY="0.5"/>
    <sprite n="MagicShield" x="595" y="40" w="45" h="45" pX="0.5" pY="0.5"/>
    <sprite n="Magnum" x="1205" y="0" w="80" h="40" pX="0.5" pY="0.5"/>
    <sprite n="MiniSlimeMaker/MetalSlime/MetalSlime00" x="685" y="135" w="85" h="60" pX="0.5" pY="0.5"/>
    <sprite n="MiniSlimeMaker/MetalSlime/MetalSlime01" x="330" y="135" w="95" h="55" pX="0.5" pY="0.5"/>
    <sprite n="MiniSlimeMaker/MetalSlime/MetalSlime02" x="640" y="40" w="105" h="45" pX="0.5" pY="0.5"/>
    <sprite n="MiniSlimeMaker/MetalSlime/MetalSlime03" x="425" y="135" w="95" h="55" pX="0.5" pY="0.5"/>
    <sprite n="MiniSlimeMaker/MetalSlime/MetalSlime04" x="135" y="200" w="85" h="65" pX="0.5" pY="0.5"/>
    <sprite n="MiniSlimeMaker/MetalSlime/MetalSlime05" x="580" y="385" w="90" h="120" pX="0.5" pY="0.5"/>
    <sprite n="MiniSlimeMaker/MetalSlime/MetalSlime06" x="955" y="510" w="85" h="140" pX="0.5" pY="0.5"/>
    <sprite n="MiniSlimeMaker/MetalSlime/MetalSlime07" x="515" y="510" w="85" h="135" pX="0.5" pY="0.5"/>
    <sprite n="MiniSlimeMaker/MetalSlime/MetalSlime08" x="670" y="385" w="90" h="120" pX="0.5" pY="0.5"/>
    <sprite n="MiniSlimeMaker/MetalSlime/MetalSlime09" x="1040" y="510" w="85" h="140" pX="0.5" pY="0.5"/>
    <sprite n="MiniSlimeMaker/MetalSlime/MetalSlime10" x="600" y="510" w="85" h="135" pX="0.5" pY="0.5"/>
    <sprite n="MiniSlimeMaker/MetalSlime/MetalSlimeFly" x="405" y="200" w="75" h="75" pX="0.5" pY="0.5"/>
    <sprite n="MiniSlimeMaker/MiniSlimeMaker00" x="75" y="655" w="145" h="145" pX="0.5" pY="0.5"/>
    <sprite n="MiniSlimeMaker/MiniSlimeMaker01" x="220" y="655" w="145" h="145" pX="0.5" pY="0.5"/>
    <sprite n="MiniSlimeMaker/MiniSlimeMaker02" x="365" y="655" w="145" h="145" pX="0.5" pY="0.5"/>
    <sprite n="MiniSlimeMaker/MiniSlimeMaker03" x="510" y="655" w="145" h="145" pX="0.5" pY="0.5"/>
    <sprite n="MiniSlimeMaker/MiniSlimeMaker04" x="655" y="655" w="145" h="145" pX="0.5" pY="0.5"/>
    <sprite n="MiniSlimeMaker/MiniSlimeMaker05" x="800" y="655" w="145" h="145" pX="0.5" pY="0.5"/>
    <sprite n="MiniSlimeMaker/MiniSlimeMaker06" x="945" y="655" w="145" h="145" pX="0.5" pY="0.5"/>
    <sprite n="MiniSlimeMaker/MiniSlimeMaker07" x="1090" y="655" w="145" h="145" pX="0.5" pY="0.5"/>
    <sprite n="MiniSlimeMaker/MiniSlimeMaker08" x="0" y="800" w="145" h="145" pX="0.5" pY="0.5"/>
    <sprite n="MiniSlimeMaker/MiniSlimeMaker09" x="145" y="800" w="145" h="145" pX="0.5" pY="0.5"/>
    <sprite n="MiniSlimeMaker/MiniSlimeMaker10" x="290" y="800" w="145" h="145" pX="0.5" pY="0.5"/>
    <sprite n="MiniSlimeMaker/MiniSlimeMaker11" x="435" y="800" w="145" h="145" pX="0.5" pY="0.5"/>
    <sprite n="Mondria/Mondria" x="0" y="40" w="80" h="40" pX="0.5" pY="0.5"/>
    <sprite n="Mondria/MondriaReload00" x="520" y="135" w="85" h="55" pX="0.5" pY="0.5"/>
    <sprite n="Mondria/MondriaReload01" x="620" y="280" w="140" h="95" pX="0.5" pY="0.5"/>
    <sprite n="Mondria/MondriaReload02" x="685" y="510" w="135" h="135" pX="0.5" pY="0.5"/>
    <sprite n="Mondria/MondriaReload03" x="580" y="800" w="145" h="145" pX="0.5" pY="0.5"/>
    <sprite n="Mondria/MondriaReload04" x="820" y="510" w="135" h="135" pX="0.5" pY="0.5"/>
    <sprite n="Mondria/MondriaReload05" x="725" y="800" w="145" h="145" pX="0.5" pY="0.5"/>
    <sprite n="Mondria/MondriaReload06" x="220" y="200" w="75" h="65" pX="0.5" pY="0.5"/>
    <sprite n="Mondria/MondriaReload07" x="0" y="40" w="80" h="40" pX="0.5" pY="0.5"/>
    <sprite n="MT1LightMachineGun" x="435" y="85" w="135" h="50" pX="0.5" pY="0.5"/>
    <sprite n="n134Minigun/GatlingGun0" x="770" y="135" w="130" h="60" pX="0.5" pY="0.5"/>
    <sprite n="n134Minigun/GatlingGun1" x="900" y="135" w="130" h="60" pX="0.5" pY="0.5"/>
    <sprite n="Ormungand" x="605" y="135" w="80" h="55" pX="0.5" pY="0.5"/>
    <sprite n="PuppyMachineGun/DogRifle0" x="745" y="40" w="80" h="45" pX="0.5" pY="0.5"/>
    <sprite n="PuppyMachineGun/DogRifle1" x="825" y="40" w="80" h="45" pX="0.5" pY="0.5"/>
    <sprite n="PuppyMachineGun/DogRifle2" x="905" y="40" w="80" h="45" pX="0.5" pY="0.5"/>
    <sprite n="PuppyMachineGun/DogRifle3" x="985" y="40" w="80" h="45" pX="0.5" pY="0.5"/>
    <sprite n="PuppyMachineGun/DogRifle4" x="1065" y="40" w="80" h="45" pX="0.5" pY="0.5"/>
    <sprite n="RedPickaxe/PickaxeRed" x="1025" y="970" w="165" h="215" pX="0.5" pY="0.5"/>
    <sprite n="RPG" x="570" y="85" w="95" h="50" pX="0.5" pY="0.5"/>
    <sprite n="RumbleAndArtur/Rumble&amp;Artur_Gunform1" x="1125" y="510" w="30" h="140" pX="0.5" pY="0.5"/>
    <sprite n="RumbleAndArtur/Rumble&amp;Artur_Gunform2" x="1155" y="510" w="125" h="140" pX="0.5" pY="0.5"/>
    <sprite n="SavageAxe" x="935" y="800" w="90" h="150" pX="0.5" pY="0.5"/>
    <sprite n="SpearOfMadness" x="1190" y="970" w="45" h="220" pX="0.5" pY="0.5"/>
    <sprite n="SpikeShield" x="225" y="280" w="55" h="85" pX="0.5" pY="0.5"/>
    <sprite n="SteelWarHammer" x="165" y="385" w="65" h="110" pX="0.5" pY="0.5"/>
    <sprite n="SwordofVines" x="950" y="970" w="75" h="210" pX="0.5" pY="0.5"/>
    <sprite n="TaeKwonDog(PurpleBelt)" x="280" y="280" w="75" h="85" pX="0.5" pY="0.5"/>
    <sprite n="Taser/ElectricShocker" x="665" y="85" w="30" h="50" pX="0.5" pY="0.5"/>
    <sprite n="Taser/ElectricShocker0" x="695" y="85" w="30" h="50" pX="0.5" pY="0.5"/>
    <sprite n="Taser/ElectricShocker1" x="725" y="85" w="30" h="50" pX="0.5" pY="0.5"/>
    <sprite n="Taser/ElectricShocker2" x="80" y="40" w="30" h="40" pX="0.5" pY="0.5"/>
    <sprite n="Taser/ElectricShocker3" x="755" y="85" w="30" h="50" pX="0.5" pY="0.5"/>
    <sprite n="Taser/ElectricShocker4" x="80" y="40" w="30" h="40" pX="0.5" pY="0.5"/>
    <sprite n="Taser/ElectricShocker5" x="785" y="85" w="30" h="50" pX="0.5" pY="0.5"/>
    <sprite n="Taser/ElectricShocker6" x="815" y="85" w="30" h="50" pX="0.5" pY="0.5"/>
    <sprite n="Taser/ElectricShocker7" x="80" y="40" w="30" h="40" pX="0.5" pY="0.5"/>
    <sprite n="Taser/ElectricShocker8" x="845" y="85" w="30" h="50" pX="0.5" pY="0.5"/>
    <sprite n="Taser/ElectricShocker9" x="80" y="40" w="30" h="40" pX="0.5" pY="0.5"/>
    <sprite n="Taser/ElectricShockerAttack0" x="875" y="85" w="30" h="50" pX="0.5" pY="0.5"/>
    <sprite n="Taser/ElectricShockerAttack1" x="1145" y="40" w="30" h="45" pX="0.5" pY="0.5"/>
    <sprite n="Taser/ElectricShockerAttack2" x="905" y="85" w="30" h="50" pX="0.5" pY="0.5"/>
    <sprite n="Taser/ElectricShockerAttack3" x="1145" y="40" w="30" h="45" pX="0.5" pY="0.5"/>
    <sprite n="TigerKwonDo" x="0" y="280" w="95" h="80" pX="0.5" pY="0.5"/>
    <sprite n="TonfaOfShock/ShockTonfa0" x="760" y="280" w="45" h="95" pX="0.5" pY="0.5"/>
    <sprite n="TonfaOfShock/ShockTonfa1" x="425" y="280" w="45" h="90" pX="0.5" pY="0.5"/>
    <sprite n="TonfaOfShock/ShockTonfa2" x="470" y="280" w="45" h="90" pX="0.5" pY="0.5"/>
    <sprite n="TonfaOfShock/ShockTonfa3" x="805" y="280" w="45" h="95" pX="0.5" pY="0.5"/>
    <sprite n="TonfaOfShock/ShockTonfaItem" x="850" y="280" w="75" h="95" pX="0.5" pY="0.5"/>
    <sprite n="TowerShield" x="355" y="280" w="55" h="85" pX="0.5" pY="0.5"/>
    <sprite n="TwinSwordsofMadness/DualSwordOfMadnees" x="925" y="280" w="35" h="95" pX="0.5" pY="0.5"/>
    <sprite n="TwinSwordsofMadness/DualSwordOfMadneesItem" x="960" y="280" w="65" h="95" pX="0.5" pY="0.5"/>
    <sprite n="UZI" x="935" y="85" w="65" h="50" pX="0.5" pY="0.5"/>
    <sprite n="UZIPistol/SubUZI" x="1000" y="85" w="65" h="50" pX="0.5" pY="0.5"/>
    <sprite n="WaterGun/Watercourse0" x="1065" y="85" w="40" h="50" pX="0.5" pY="0.5"/>
    <sprite n="WaterGun/Watercourse1" x="1105" y="85" w="40" h="50" pX="0.5" pY="0.5"/>
    <sprite n="WaterGun/Watercourse2" x="1030" y="135" w="40" h="60" pX="0.5" pY="0.5"/>
    <sprite n="WaterGun/Watercourse3" x="1070" y="135" w="40" h="60" pX="0.5" pY="0.5"/>
    <sprite n="WaterGun/Watercourse4" x="1110" y="135" w="40" h="60" pX="0.5" pY="0.5"/>
    <sprite n="WaterGun/WaterGun" x="1175" y="40" w="95" h="45" pX="0.5" pY="0.5"/>
    <sprite n="WillCane/HighNoonCheck00" x="480" y="200" w="65" h="75" pX="0.5" pY="0.5"/>
    <sprite n="WillCane/HighNoonCheck01" x="545" y="200" w="75" h="75" pX="0.5" pY="0.5"/>
    <sprite n="WillCane/HighNoonCheck02" x="620" y="200" w="80" h="75" pX="0.5" pY="0.5"/>
    <sprite n="WillCane/HighNoonCheck03" x="700" y="200" w="75" h="75" pX="0.5" pY="0.5"/>
    <sprite n="WillCane/HighNoonCheck04" x="95" y="280" w="75" h="80" pX="0.5" pY="0.5"/>
    <sprite n="WillCane/HighNoonCheck05" x="775" y="200" w="75" h="75" pX="0.5" pY="0.5"/>
    <sprite n="WillCane/HighNoonCheck06" x="850" y="200" w="80" h="75" pX="0.5" pY="0.5"/>
    <sprite n="WillCane/HighNoonCheck07" x="930" y="200" w="75" h="75" pX="0.5" pY="0.5"/>
    <sprite n="WillCane/HighNoonCheck08" x="1005" y="200" w="75" h="75" pX="0.5" pY="0.5"/>
    <sprite n="WillCane/HighNoonCheck09" x="1080" y="200" w="75" h="75" pX="0.5" pY="0.5"/>
    <sprite n="WillCane/HighNoonRevolver" x="0" y="85" w="85" h="45" pX="0.5" pY="0.5"/>
    <sprite n="WingGun" x="1145" y="85" w="115" h="50" pX="0.5" pY="0.5"/>
    <sprite n="Zweihander" x="575" y="970" w="55" h="200" pX="0.5" pY="0.5"/>
</TextureAtlas>
