<?xml version="1.0" encoding="UTF-8"?>
<!-- Created with TexturePacker https://www.codeandweb.com/texturepacker -->
<!-- $TexturePacker:SmartUpdate:2c38bbc9cfe6991196d39d98911c85f1:c8e0e889a977f96abf61e15ed954691f:679e5cce68ddae91dbddea83427b7f7d$ -->
<!--Format:
n  => name of the sprite
x  => sprite x pos in texture
y  => sprite y pos in texture
w  => sprite width (may be trimmed)
h  => sprite height (may be trimmed)
pX => x pos of the pivot point (relative to sprite width)
pY => y pos of the pivot point (relative to sprite height)
oX => sprite's x-corner offset (only available if trimmed)
oY => sprite's y-corner offset (only available if trimmed)
oW => sprite's original width (only available if trimmed)
oH => sprite's original height (only available if trimmed)
r => 'y' only set if sprite is rotated
with polygon mode enabled:
vertices   => points in sprite coordinate system (x0,y0,x1,y1,x2,y2, ...)
verticesUV => points in sheet coordinate system (x0,y0,x1,y1,x2,y2, ...)
triangles  => sprite triangulation, 3 vertex indices per triangle
-->
<TextureAtlas imagePath="08_FX.png" width="8031" height="7145">
    <sprite n="08_FX/AbyssGuardianCrushFX/AbyssGuardianCrushFX0" x="875" y="5640" w="900" h="900" pX="0.5" pY="1"/>
    <sprite n="08_FX/AbyssGuardianCrushFX/AbyssGuardianCrushFX1" x="1775" y="5640" w="900" h="900" pX="0.5" pY="1"/>
    <sprite n="08_FX/AbyssGuardianCrushFX/AbyssGuardianCrushFX2" x="5485" y="4765" w="875" h="875" pX="0.5" pY="1"/>
    <sprite n="08_FX/AbyssGuardianCrushFX/AbyssGuardianCrushFX3" x="1385" y="4765" w="790" h="800" pX="0.5" pY="1"/>
    <sprite n="08_FX/AbyssGuardianCrushFX/AbyssGuardianCrushFX4" x="6660" y="2240" w="530" h="520" pX="0.5" pY="1"/>
    <sprite n="08_FX/AbyssGuardianCrushFX/AbyssGuardianCrushFX5" x="5360" y="670" w="175" h="175" pX="0.5" pY="1"/>
    <sprite n="08_FX/AbyssGuardianCrushFX/AbyssGuardianCrushFX6" x="5210" y="20" w="35" h="35" pX="0.5" pY="1"/>
    <sprite n="08_FX/ArchbishopKillerFX/ArchbishopKillerFX00" x="1670" y="1560" w="275" h="275" pX="0.5" pY="1"/>
    <sprite n="08_FX/ArchbishopKillerFX/ArchbishopKillerFX01" x="2550" y="1860" w="315" h="315" pX="0.5" pY="1"/>
    <sprite n="08_FX/ArchbishopKillerFX/ArchbishopKillerFX02" x="0" y="1860" w="305" h="305" pX="0.5" pY="1"/>
    <sprite n="08_FX/ArchbishopKillerFX/ArchbishopKillerFX03" x="2865" y="1860" w="315" h="315" pX="0.5" pY="1"/>
    <sprite n="08_FX/ArchbishopKillerFX/ArchbishopKillerFX04" x="3180" y="1860" w="315" h="315" pX="0.5" pY="1"/>
    <sprite n="08_FX/ArchbishopKillerFX/ArchbishopKillerFX05" x="5610" y="1560" w="295" h="295" pX="0.5" pY="1"/>
    <sprite n="08_FX/ArchbishopKillerFX/ArchbishopKillerFX06" x="5905" y="1560" w="295" h="295" pX="0.5" pY="1"/>
    <sprite n="08_FX/ArchbishopKillerFX/ArchbishopKillerFX07" x="305" y="1860" w="305" h="305" pX="0.5" pY="1"/>
    <sprite n="08_FX/ArchbishopKillerFX/ArchbishopKillerFX08" x="580" y="1560" w="265" h="265" pX="0.5" pY="1"/>
    <sprite n="08_FX/ArchbishopKillerFX/ArchbishopKillerFX09" x="4425" y="1060" w="235" h="235" pX="0.5" pY="1"/>
    <sprite n="08_FX/ArchbishopKillerFX/ArchbishopKillerFX10" x="2255" y="1300" w="245" h="245" pX="0.5" pY="1"/>
    <sprite n="08_FX/ArchbishopKillerFX/ArchbishopKillerFX11" x="2500" y="1300" w="245" h="245" pX="0.5" pY="1"/>
    <sprite n="08_FX/ArchbishopKillerFX/ArchbishopKillerFX12" x="2745" y="1300" w="245" h="245" pX="0.5" pY="1"/>
    <sprite n="08_FX/ArchbishopKillerFX/ArchbishopKillerFX13" x="2260" y="370" w="135" h="135" pX="0.5" pY="1"/>
    <sprite n="08_FX/ArchbishopKillerFX/ArchbishopKillerFX14" x="1635" y="20" w="25" h="25" pX="0.5" pY="1"/>
    <sprite n="08_FX/ArrowFX/ArrowFX0" x="6600" y="370" w="95" h="140" pX="0.5" pY="1"/>
    <sprite n="08_FX/ArrowFX/ArrowFX1" x="5795" y="850" w="125" h="200" pX="0.5" pY="1"/>
    <sprite n="08_FX/ArrowFX/ArrowFX2" x="6810" y="1300" w="165" h="260" pX="0.5" pY="1"/>
    <sprite n="08_FX/ArrowFX/ArrowFX3" x="7760" y="1060" w="190" h="240" pX="0.5" pY="1"/>
    <sprite n="08_FX/ArrowFX/ArrowFX4" x="2990" y="1300" w="200" h="245" pX="0.5" pY="1"/>
    <sprite n="08_FX/ArrowFX/ArrowFX5" x="3325" y="510" w="10" h="150" pX="0.5" pY="1"/>
    <sprite n="08_FX/BabyBatBulletFX/BabyBatBulletFX0" x="695" y="65" w="50" h="50" pX="0.5" pY="1"/>
    <sprite n="08_FX/BabyBatBulletFX/BabyBatBulletFX1" x="2320" y="65" w="60" h="60" pX="0.5" pY="1"/>
    <sprite n="08_FX/BabyBatBulletFX/BabyBatBulletFX2" x="5525" y="65" w="70" h="70" pX="0.5" pY="1"/>
    <sprite n="08_FX/BabyBatBulletFX/BabyBatBulletFX3" x="1580" y="140" w="80" h="80" pX="0.5" pY="1"/>
    <sprite n="08_FX/BabyBatBulletFX/BabyBatBulletFX4" x="5000" y="140" w="90" h="90" pX="0.5" pY="1"/>
    <sprite n="08_FX/BabyBatBulletFX/BabyBatBulletFX5" x="5090" y="140" w="90" h="90" pX="0.5" pY="1"/>
    <sprite n="08_FX/BabyBatBulletFX/BabyBatBulletFX6" x="5180" y="140" w="90" h="90" pX="0.5" pY="1"/>
    <sprite n="08_FX/BerserkFX/BerserkFX0" x="560" y="510" w="130" h="145" pX="0.5" pY="1"/>
    <sprite n="08_FX/BerserkFX/BerserkFX1" x="6695" y="370" w="120" h="140" pX="0.5" pY="1"/>
    <sprite n="08_FX/BerserkFX/BerserkFX2" x="6815" y="370" w="110" h="140" pX="0.5" pY="1"/>
    <sprite n="08_FX/BerserkFX/BerserkFX3" x="2395" y="370" w="145" h="135" pX="0.5" pY="1"/>
    <sprite n="08_FX/BerserkFX/BerserkFX4" x="6925" y="370" w="150" h="140" pX="0.5" pY="1"/>
    <sprite n="08_FX/BerserkFX/BerserkFX5" x="690" y="510" w="150" h="145" pX="0.5" pY="1"/>
    <sprite n="08_FX/BerserkFX/BerserkFX6" x="840" y="510" w="150" h="145" pX="0.5" pY="1"/>
    <sprite n="08_FX/BiancaDashFX/BiancaDashFX00" x="7265" y="1860" w="165" h="360" pX="0.5" pY="1"/>
    <sprite n="08_FX/BiancaDashFX/BiancaDashFX01" x="7620" y="1860" w="165" h="380" pX="0.5" pY="1"/>
    <sprite n="08_FX/BiancaDashFX/BiancaDashFX02" x="660" y="2240" w="165" h="390" pX="0.5" pY="1"/>
    <sprite n="08_FX/BiancaDashFX/BiancaDashFX03" x="7785" y="1860" w="150" h="380" pX="0.5" pY="1"/>
    <sprite n="08_FX/BiancaDashFX/BiancaDashFX04" x="0" y="2240" w="105" h="380" pX="0.5" pY="1"/>
    <sprite n="08_FX/BiancaDashFX/BiancaDashFX05" x="7615" y="1860" w="5" h="370" pX="0.5" pY="1"/>
    <sprite n="08_FX/BiancaDashFX/BiancaDashFX06" x="6785" y="1860" w="5" h="355" pX="0.5" pY="1"/>
    <sprite n="08_FX/BiancaDashFX/BiancaDashFX07" x="5920" y="850" w="5" h="200" pX="0.5" pY="1"/>
    <sprite n="08_FX/BigHammerSwingFX/BigHammerSwingFX0" x="6790" y="1860" w="290" h="355" pX="0.5" pY="1"/>
    <sprite n="08_FX/BigHammerSwingFX/BigHammerSwingFX1" x="4660" y="1060" w="280" h="235" pX="0.5" pY="1"/>
    <sprite n="08_FX/BigHammerSwingFX/BigHammerSwingFX2" x="3180" y="140" w="225" h="85" pX="0.5" pY="1"/>
    <sprite n="08_FX/BigHammerSwingFX/BigHammerSwingFX3" x="4991" y="0" w="65" h="15" pX="0.5" pY="1"/>
    <sprite n="08_FX/BlackHoleFX/BlackHallFX00" x="875" y="5640" w="900" h="900" pX="0.5" pY="1"/>
    <sprite n="08_FX/BlackHoleFX/BlackHallFX01" x="1775" y="5640" w="900" h="900" pX="0.5" pY="1"/>
    <sprite n="08_FX/BlackHoleFX/BlackHallFX02" x="6360" y="4765" w="875" h="875" pX="0.5" pY="1"/>
    <sprite n="08_FX/BlackHoleFX/BlackHallFX03" x="3755" y="4765" w="865" h="865" pX="0.5" pY="1"/>
    <sprite n="08_FX/BlackHoleFX/BlackHallFX04" x="2175" y="4765" w="790" h="800" pX="0.5" pY="1"/>
    <sprite n="08_FX/BlackHoleFX/BlackHallFX05" x="3455" y="2790" w="595" h="605" pX="0.5" pY="1"/>
    <sprite n="08_FX/BlackHoleFX/BlackHallFX06" x="5800" y="2240" w="430" h="435" pX="0.5" pY="1"/>
    <sprite n="08_FX/BlackHoleFX/BlackHallFX07" x="5210" y="20" w="35" h="35" pX="0.5" pY="1"/>
    <sprite n="08_FX/BlackHoleFX/BlackHallFX08" x="7215" y="20" w="45" h="45" pX="0.5" pY="1"/>
    <sprite n="08_FX/BlackHoleFX/BlackHallFX09" x="3495" y="1860" w="315" h="315" pX="0.5" pY="1"/>
    <sprite n="08_FX/BlackHoleFX/BlackHallFX10" x="1775" y="5640" w="900" h="900" pX="0.5" pY="1"/>
    <sprite n="08_FX/BlackHoleFX/BlackHallFX11" x="0" y="5640" w="875" h="875" pX="0.5" pY="1"/>
    <sprite n="08_FX/BlackHoleFX/BlackHallFX12" x="4620" y="4765" w="865" h="865" pX="0.5" pY="1"/>
    <sprite n="08_FX/BlackHoleFX/BlackHallFX13" x="2965" y="4765" w="790" h="800" pX="0.5" pY="1"/>
    <sprite n="08_FX/BlackHoleFX/BlackHallFX14" x="4050" y="2790" w="595" h="605" pX="0.5" pY="1"/>
    <sprite n="08_FX/BlackHoleFX/BlackHallFX15" x="6230" y="2240" w="430" h="435" pX="0.5" pY="1"/>
    <sprite n="08_FX/BlackHoleFX/BlackHallFX16" x="5210" y="20" w="35" h="35" pX="0.5" pY="1"/>
    <sprite n="08_FX/BlackHoleFX/BlackHallFX17" x="7215" y="20" w="45" h="45" pX="0.5" pY="1"/>
    <sprite n="08_FX/BlackHoleFX/BlackHallFX18" x="3495" y="1860" w="315" h="315" pX="0.5" pY="1"/>
    <sprite n="08_FX/BlackHoleFX/BlackHallFX19" x="4940" y="1060" w="235" h="235" pX="0.5" pY="1"/>
    <sprite n="08_FX/BlackHoleFX/BlackHallFX20" x="2115" y="670" w="165" h="165" pX="0.5" pY="1"/>
    <sprite n="08_FX/BlackHoleFX/BlackHallFX21" x="3720" y="65" w="65" h="65" pX="0.5" pY="1"/>
    <sprite n="08_FX/BlackHoleFX/BlackHallFX22" x="7260" y="20" w="45" h="45" pX="0.5" pY="1"/>
    <sprite n="08_FX/BlackHoleFX/BlackHallFX23" x="5245" y="20" w="35" h="35" pX="0.5" pY="1"/>
    <sprite n="08_FX/BlackHoleFX/BlackHallFX24" x="1660" y="20" w="25" h="25" pX="0.5" pY="1"/>
    <sprite n="08_FX/BlackHoleFX/BlackHallFX25" x="5056" y="0" w="15" h="15" pX="0.5" pY="1"/>
    <sprite n="08_FX/BlackHoleFX/BlackHallFX26" x="1" y="0" w="5" h="5" pX="0.5" pY="1"/>
    <sprite n="08_FX/BloodLaserFX/BloodLaserFX00" x="1660" y="140" w="45" h="80" pX="0.5" pY="1"/>
    <sprite n="08_FX/BloodLaserFX/BloodLaserFX01" x="1705" y="140" w="85" h="80" pX="0.5" pY="1"/>
    <sprite n="08_FX/BloodLaserFX/BloodLaserFX02" x="1790" y="140" w="85" h="80" pX="0.5" pY="1"/>
    <sprite n="08_FX/BloodLaserFX/BloodLaserFX03" x="1875" y="140" w="75" h="80" pX="0.5" pY="1"/>
    <sprite n="08_FX/BloodLaserFX/BloodLaserFX04" x="1950" y="140" w="75" h="80" pX="0.5" pY="1"/>
    <sprite n="08_FX/BloodLaserFX/BloodLaserFX05" x="2025" y="140" w="75" h="80" pX="0.5" pY="1"/>
    <sprite n="08_FX/BloodLaserFX/BloodLaserFX06" x="2100" y="140" w="75" h="80" pX="0.5" pY="1"/>
    <sprite n="08_FX/BloodLaserFX/BloodLaserFX07" x="2175" y="140" w="65" h="80" pX="0.5" pY="1"/>
    <sprite n="08_FX/BloodLaserFX/BloodLaserFX08" x="2240" y="140" w="55" h="80" pX="0.5" pY="1"/>
    <sprite n="08_FX/BloodLaserFX/BloodLaserFX09" x="2295" y="140" w="35" h="80" pX="0.5" pY="1"/>
    <sprite n="08_FX/BloodLaserFX/BloodLaserFX10" x="2330" y="140" w="25" h="80" pX="0.5" pY="1"/>
    <sprite n="08_FX/BloodLaserFX/BloodLaserFX11" x="2355" y="140" w="15" h="80" pX="0.5" pY="1"/>
    <sprite n="08_FX/BloodLaserFX/BloodLaserFX12" x="2370" y="140" w="5" h="80" pX="0.5" pY="1"/>
    <sprite n="08_FX/BloodLaserFX/BloodLaserFX13" x="1655" y="65" w="5" h="55" pX="0.5" pY="1"/>
    <sprite n="08_FX/BloodLaserHitFX/BloodLaserHitFX00" x="6115" y="20" w="75" h="40" pX="0.5" pY="1"/>
    <sprite n="08_FX/BloodLaserHitFX/BloodLaserHitFX01" x="1660" y="65" w="105" h="55" pX="0.5" pY="1"/>
    <sprite n="08_FX/BloodLaserHitFX/BloodLaserHitFX02" x="2380" y="65" w="95" h="60" pX="0.5" pY="1"/>
    <sprite n="08_FX/BloodLaserHitFX/BloodLaserHitFX03" x="3405" y="140" w="135" h="85" pX="0.5" pY="1"/>
    <sprite n="08_FX/BloodLaserHitFX/BloodLaserHitFX04" x="5595" y="65" w="135" h="70" pX="0.5" pY="1"/>
    <sprite n="08_FX/BloodLaserHitFX/BloodLaserHitFX05" x="3785" y="65" w="135" h="65" pX="0.5" pY="1"/>
    <sprite n="08_FX/BloodLaserHitFX/BloodLaserHitFX06" x="7495" y="65" w="135" h="75" pX="0.5" pY="1"/>
    <sprite n="08_FX/BloodLaserHitFX/BloodLaserHitFX07" x="7305" y="20" w="105" h="45" pX="0.5" pY="1"/>
    <sprite n="08_FX/BloodLaserHitFX/BloodLaserHitFX08" x="6190" y="20" w="75" h="40" pX="0.5" pY="1"/>
    <sprite n="08_FX/BloodLaserHitFX/BloodLaserHitFX09" x="5280" y="20" w="65" h="35" pX="0.5" pY="1"/>
    <sprite n="08_FX/BloodLaserHitFX/BloodLaserHitFX10" x="7881" y="0" w="35" h="20" pX="0.5" pY="1"/>
    <sprite n="08_FX/BloodLaserHitFX/BloodLaserHitFX11" x="5071" y="0" w="25" h="15" pX="0.5" pY="1"/>
    <sprite n="08_FX/BloodLaserHitFX/BloodLaserHitFX12" x="6" y="0" w="15" h="5" pX="0.5" pY="1"/>
    <sprite n="08_FX/BloodLaserHitFX/BloodLaserHitFX13" x="21" y="0" w="5" h="5" pX="0.5" pY="1"/>
    <sprite n="08_FX/BloodLaserShootFX/BloodLaserShootFX00" x="1765" y="65" w="55" h="55" pX="0.5" pY="1"/>
    <sprite n="08_FX/BloodLaserShootFX/BloodLaserShootFX01" x="475" y="240" w="105" h="105" pX="0.5" pY="1"/>
    <sprite n="08_FX/BloodLaserShootFX/BloodLaserShootFX02" x="5900" y="140" w="95" h="95" pX="0.5" pY="1"/>
    <sprite n="08_FX/BloodLaserShootFX/BloodLaserShootFX03" x="3540" y="140" w="85" h="85" pX="0.5" pY="1"/>
    <sprite n="08_FX/BloodLaserShootFX/BloodLaserShootFX04" x="7630" y="65" w="75" h="75" pX="0.5" pY="1"/>
    <sprite n="08_FX/BloodLaserShootFX/BloodLaserShootFX05" x="3540" y="140" w="85" h="85" pX="0.5" pY="1"/>
    <sprite n="08_FX/BloodLaserShootFX/BloodLaserShootFX06" x="5900" y="140" w="95" h="95" pX="0.5" pY="1"/>
    <sprite n="08_FX/BloodLaserShootFX/BloodLaserShootFX07" x="7630" y="65" w="75" h="75" pX="0.5" pY="1"/>
    <sprite n="08_FX/BloodLaserShootFX/BloodLaserShootFX08" x="1765" y="65" w="55" h="55" pX="0.5" pY="1"/>
    <sprite n="08_FX/BloodLaserShootFX/BloodLaserShootFX09" x="7410" y="20" w="45" h="45" pX="0.5" pY="1"/>
    <sprite n="08_FX/BloodLaserShootFX/BloodLaserShootFX10" x="5345" y="20" w="35" h="35" pX="0.5" pY="1"/>
    <sprite n="08_FX/BloodLaserShootFX/BloodLaserShootFX11" x="1685" y="20" w="25" h="25" pX="0.5" pY="1"/>
    <sprite n="08_FX/BloodLaserShootFX/BloodLaserShootFX12" x="5096" y="0" w="15" h="15" pX="0.5" pY="1"/>
    <sprite n="08_FX/BloodLaserShootFX/BloodLaserShootFX13" x="21" y="0" w="5" h="5" pX="0.5" pY="1"/>
    <sprite n="08_FX/BulletFX/BulletFX0010" x="5380" y="20" w="35" h="35" pX="0.5" pY="1"/>
    <sprite n="08_FX/BulletFX/BulletFX0011" x="745" y="65" w="55" h="50" pX="0.5" pY="1"/>
    <sprite n="08_FX/BulletFX/BulletFX0012" x="1820" y="65" w="65" h="55" pX="0.5" pY="1"/>
    <sprite n="08_FX/BulletFX/BulletFX0013" x="6265" y="20" w="65" h="40" pX="0.5" pY="1"/>
    <sprite n="08_FX/BulletFX/BulletFX0014" x="1710" y="20" w="65" h="25" pX="0.5" pY="1"/>
    <sprite n="08_FX/BulletFX/BulletFX0015" x="26" y="0" w="5" h="5" pX="0.5" pY="1"/>
    <sprite n="08_FX/BulletFX/BulletFX0020" x="5415" y="20" w="35" h="35" pX="0.5" pY="1"/>
    <sprite n="08_FX/BulletFX/BulletFX0021" x="7455" y="20" w="45" h="45" pX="0.5" pY="1"/>
    <sprite n="08_FX/BulletFX/BulletFX0022" x="800" y="65" w="55" h="50" pX="0.5" pY="1"/>
    <sprite n="08_FX/BulletFX/BulletFX0023" x="7500" y="20" w="65" h="45" pX="0.5" pY="1"/>
    <sprite n="08_FX/BulletFX/BulletFX0024" x="6330" y="20" w="65" h="40" pX="0.5" pY="1"/>
    <sprite n="08_FX/BulletFX/BulletFX0025" x="5450" y="20" w="65" h="35" pX="0.5" pY="1"/>
    <sprite n="08_FX/BulletFX/BulletFX0100" x="990" y="510" w="145" h="145" pX="0.5" pY="1"/>
    <sprite n="08_FX/BulletFX/BulletFX0101" x="5715" y="510" w="160" h="155" pX="0.5" pY="1"/>
    <sprite n="08_FX/BulletFX/BulletFX0102" x="3120" y="670" w="195" h="170" pX="0.5" pY="1"/>
    <sprite n="08_FX/BulletFX/BulletFX0103" x="7190" y="670" w="205" h="180" pX="0.5" pY="1"/>
    <sprite n="08_FX/BulletFX/BulletFX0104" x="3315" y="670" w="190" h="170" pX="0.5" pY="1"/>
    <sprite n="08_FX/BulletFX/BulletFX0105" x="1135" y="510" w="185" h="145" pX="0.5" pY="1"/>
    <sprite n="08_FX/BulletFX/BulletFX0106" x="5730" y="65" w="150" h="70" pX="0.5" pY="1"/>
    <sprite n="08_FX/BulletFX/BulletFX1100" x="1775" y="20" w="30" h="25" pX="0.5" pY="1"/>
    <sprite n="08_FX/BulletFX/BulletFX1101" x="4370" y="20" w="40" h="30" pX="0.5" pY="1"/>
    <sprite n="08_FX/BulletFX/BulletFX1102" x="5515" y="20" w="40" h="35" pX="0.5" pY="1"/>
    <sprite n="08_FX/BulletFX/BulletFX1103" x="4410" y="20" w="40" h="30" pX="0.5" pY="1"/>
    <sprite n="08_FX/BulletFX/BulletFX1104" x="1805" y="20" w="30" h="25" pX="0.5" pY="1"/>
    <sprite n="08_FX/BulletFX/BulletFX1105" x="31" y="0" w="10" h="5" pX="0.5" pY="1"/>
    <sprite n="08_FX/BurnFX/BurnFX0" x="7916" y="0" w="15" h="20" pX="0.5" pY="1"/>
    <sprite n="08_FX/BurnFX/BurnFX1" x="5555" y="20" w="25" h="35" pX="0.5" pY="1"/>
    <sprite n="08_FX/BurnFX/BurnFX2" x="6395" y="20" w="25" h="40" pX="0.5" pY="1"/>
    <sprite n="08_FX/BurnFX/BurnFX3" x="1835" y="20" w="25" h="25" pX="0.5" pY="1"/>
    <sprite n="08_FX/BurnFX/BurnFX4" x="7931" y="0" w="25" h="20" pX="0.5" pY="1"/>
    <sprite n="08_FX/BurnFX/BurnFX5" x="4661" y="0" w="25" h="10" pX="0.5" pY="1"/>
    <sprite n="08_FX/ButterFlyStabFX/ButterFlyStabFX0" x="2375" y="140" w="25" h="80" pX="0.5" pY="1"/>
    <sprite n="08_FX/ButterFlyStabFX/ButterFlyStabFX1" x="2475" y="65" w="25" h="60" pX="0.5" pY="1"/>
    <sprite n="08_FX/ButterFlyStabFX/ButterFlyStabFX2" x="7565" y="20" w="25" h="45" pX="0.5" pY="1"/>
    <sprite n="08_FX/ButterFlyStabFX/ButterFlyStabFX3" x="6420" y="20" w="25" h="40" pX="0.5" pY="1"/>
    <sprite n="08_FX/ButterFlyStabFX/ButterFlyStabFX4" x="4686" y="0" w="10" h="10" pX="0.5" pY="1"/>
    <sprite n="08_FX/ChainDemonFX/ChainDemonFX0" x="7590" y="20" w="45" h="45" pX="0.5" pY="1"/>
    <sprite n="08_FX/ChainDemonFX/ChainDemonFX1" x="3625" y="140" w="85" h="85" pX="0.5" pY="1"/>
    <sprite n="08_FX/ChainDemonFX/ChainDemonFX2" x="5995" y="140" w="95" h="95" pX="0.5" pY="1"/>
    <sprite n="08_FX/ChainDemonFX/ChainDemonFX3" x="6090" y="140" w="95" h="95" pX="0.5" pY="1"/>
    <sprite n="08_FX/ChainDemonFX/ChainDemonFX4" x="7345" y="140" w="105" h="100" pX="0.5" pY="1"/>
    <sprite n="08_FX/ChainDemonFX/ChainDemonFX5" x="7450" y="140" w="105" h="100" pX="0.5" pY="1"/>
    <sprite n="08_FX/ChainDemonFX/ChainDemonFX6" x="6185" y="140" w="100" h="95" pX="0.5" pY="1"/>
    <sprite n="08_FX/CosmosAurorFX/CosmosAuror00" x="5875" y="510" w="295" h="155" pX="0.5" pY="1"/>
    <sprite n="08_FX/CosmosAurorFX/CosmosAuror01" x="7540" y="510" w="295" h="160" pX="0.5" pY="1"/>
    <sprite n="08_FX/CosmosAurorFX/CosmosAuror02" x="0" y="670" w="295" h="160" pX="0.5" pY="1"/>
    <sprite n="08_FX/CosmosAurorFX/CosmosAuror03" x="295" y="670" w="295" h="160" pX="0.5" pY="1"/>
    <sprite n="08_FX/CosmosAurorFX/CosmosAuror04" x="7075" y="370" w="290" h="140" pX="0.5" pY="1"/>
    <sprite n="08_FX/CosmosImpactFX/CosmosImpact00" x="4555" y="850" w="195" h="195" pX="0.5" pY="1"/>
    <sprite n="08_FX/CosmosImpactFX/CosmosImpact01" x="5175" y="1060" w="235" h="235" pX="0.5" pY="1"/>
    <sprite n="08_FX/CosmosImpactFX/CosmosImpact02" x="3190" y="1300" w="245" h="245" pX="0.5" pY="1"/>
    <sprite n="08_FX/CosmosImpactFX/CosmosImpact03" x="3435" y="1300" w="245" h="245" pX="0.5" pY="1"/>
    <sprite n="08_FX/CosmosImpactFX/CosmosImpact04" x="5410" y="1060" w="235" h="235" pX="0.5" pY="1"/>
    <sprite n="08_FX/CosmosImpactFX/CosmosImpact05" x="5645" y="1060" w="235" h="235" pX="0.5" pY="1"/>
    <sprite n="08_FX/CosmosImpactFX/CosmosImpact06" x="1215" y="1060" w="225" h="225" pX="0.5" pY="1"/>
    <sprite n="08_FX/CosmosImpactFX/CosmosImpact07" x="290" y="1060" w="225" h="215" pX="0.5" pY="1"/>
    <sprite n="08_FX/CosmosImpactFX/CosmosImpact08" x="515" y="1060" w="220" h="215" pX="0.5" pY="1"/>
    <sprite n="08_FX/CosmosImpactFX/CosmosImpact09" x="3920" y="65" w="65" h="65" pX="0.5" pY="1"/>
    <sprite n="08_FX/CosmosImpactFX/CosmosImpact10" x="2400" y="140" w="85" h="80" pX="0.5" pY="1"/>
    <sprite n="08_FX/CosmosImpactFX/CosmosImpact11" x="7705" y="65" w="90" h="75" pX="0.5" pY="1"/>
    <sprite n="08_FX/CosmosImpactFX/CosmosImpact12" x="5880" y="65" w="75" h="70" pX="0.5" pY="1"/>
    <sprite n="08_FX/CosmosImpactFX/CosmosImpact13" x="7795" y="65" w="85" h="75" pX="0.5" pY="1"/>
    <sprite n="08_FX/CosmosImpactFX/CosmosImpact14" x="3920" y="65" w="65" h="65" pX="0.5" pY="1"/>
    <sprite n="08_FX/CosmosImpactFX/CosmosImpact15" x="2400" y="140" w="85" h="80" pX="0.5" pY="1"/>
    <sprite n="08_FX/CosmosImpactFX/CosmosImpact16" x="7705" y="65" w="90" h="75" pX="0.5" pY="1"/>
    <sprite n="08_FX/CosmosImpactFX/CosmosImpact17" x="5880" y="65" w="75" h="70" pX="0.5" pY="1"/>
    <sprite n="08_FX/CosmosImpactFX/CosmosImpact18" x="3985" y="65" w="70" h="65" pX="0.5" pY="1"/>
    <sprite n="08_FX/CosmosImpactFX/CosmosImpact19" x="7635" y="20" w="40" h="45" pX="0.5" pY="1"/>
    <sprite n="08_FX/CosmosImpactFX/CosmosImpact20" x="6445" y="20" w="15" h="40" pX="0.5" pY="1"/>
    <sprite n="08_FX/CosmosSlashFX/CosmosSlashFX0" x="1860" y="20" w="70" h="25" pX="0.5" pY="1"/>
    <sprite n="08_FX/CosmosSlashFX/CosmosSlashFX1" x="1930" y="20" w="175" h="25" pX="0.5" pY="1"/>
    <sprite n="08_FX/CosmosSlashFX/CosmosSlashFX2" x="2105" y="20" w="200" h="25" pX="0.5" pY="1"/>
    <sprite n="08_FX/CosmosSlashFX/CosmosSlashFX3" x="5111" y="0" w="210" h="15" pX="0.5" pY="1"/>
    <sprite n="08_FX/CosmosSlashFX/CosmosSlashFX4" x="5321" y="0" w="220" h="15" pX="0.5" pY="1"/>
    <sprite n="08_FX/CosmosSlashFX/CosmosSlashFX5" x="41" y="0" w="230" h="5" pX="0.5" pY="1"/>
    <sprite n="08_FX/CosmosSlashFX/CosmosSlashFX6" x="271" y="0" w="230" h="5" pX="0.5" pY="1"/>
    <sprite n="08_FX/CosmosSwingFX/CosmosSwingFX00" x="5880" y="1060" w="300" h="235" pX="0.5" pY="1"/>
    <sprite n="08_FX/CosmosSwingFX/CosmosSwingFX01" x="810" y="850" w="290" h="185" pX="0.5" pY="1"/>
    <sprite n="08_FX/CosmosSwingFX/CosmosSwingFX02" x="3505" y="670" w="285" h="170" pX="0.5" pY="1"/>
    <sprite n="08_FX/CosmosSwingFX/CosmosSwingFX03" x="590" y="670" w="280" h="160" pX="0.5" pY="1"/>
    <sprite n="08_FX/CosmosSwingFX/CosmosSwingFX04" x="6605" y="240" w="255" h="130" pX="0.5" pY="1"/>
    <sprite n="08_FX/CosmosSwingFX/CosmosSwingFX05" x="6860" y="240" w="240" h="130" pX="0.5" pY="1"/>
    <sprite n="08_FX/CosmosSwingFX/CosmosSwingFX06" x="2305" y="20" w="85" h="25" pX="0.5" pY="1"/>
    <sprite n="08_FX/CosmosSwingFX/CosmosSwingFX07" x="501" y="0" w="5" h="5" pX="0.5" pY="1"/>
    <sprite n="08_FX/CrecentBulletFX/CrecentBulletFX0" x="7880" y="65" w="75" h="75" pX="0.5" pY="1"/>
    <sprite n="08_FX/CrecentBulletFX/CrecentBulletFX1" x="3710" y="140" w="85" h="85" pX="0.5" pY="1"/>
    <sprite n="08_FX/CrecentBulletFX/CrecentBulletFX2" x="2485" y="140" w="75" h="80" pX="0.5" pY="1"/>
    <sprite n="08_FX/CrecentBulletFX/CrecentBulletFX3" x="7955" y="65" w="70" h="75" pX="0.5" pY="1"/>
    <sprite n="08_FX/CrecentBulletFX/CrecentBulletFX4" x="0" y="140" w="75" h="75" pX="0.5" pY="1"/>
    <sprite n="08_FX/CrecentBulletFX/CrecentBulletFX5" x="4055" y="65" w="75" h="65" pX="0.5" pY="1"/>
    <sprite n="08_FX/CrecentBulletFX/CrecentBulletFX6" x="2500" y="65" w="65" h="60" pX="0.5" pY="1"/>
    <sprite n="08_FX/CrecentBulletFX/CrecentBulletFX7" x="4450" y="20" w="40" h="30" pX="0.5" pY="1"/>
    <sprite n="08_FX/CrystalExplosionFX/CrystalExplosionFX00" x="855" y="65" w="75" h="50" pX="0.5" pY="1"/>
    <sprite n="08_FX/CrystalExplosionFX/CrystalExplosionFX01" x="930" y="65" w="75" h="50" pX="0.5" pY="1"/>
    <sprite n="08_FX/CrystalExplosionFX/CrystalExplosionFX02" x="75" y="140" w="75" h="75" pX="0.5" pY="1"/>
    <sprite n="08_FX/CrystalExplosionFX/CrystalExplosionFX03" x="150" y="140" w="80" h="75" pX="0.5" pY="1"/>
    <sprite n="08_FX/CrystalExplosionFX/CrystalExplosionFX04" x="2560" y="140" w="75" h="80" pX="0.5" pY="1"/>
    <sprite n="08_FX/CrystalExplosionFX/CrystalExplosionFX05" x="2635" y="140" w="75" h="80" pX="0.5" pY="1"/>
    <sprite n="08_FX/CrystalExplosionFX/CrystalExplosionFX06" x="5270" y="140" w="75" h="90" pX="0.5" pY="1"/>
    <sprite n="08_FX/CrystalExplosionFX/CrystalExplosionFX07" x="6285" y="140" w="75" h="95" pX="0.5" pY="1"/>
    <sprite n="08_FX/CrystalExplosionFX/CrystalExplosionFX08" x="6360" y="140" w="75" h="95" pX="0.5" pY="1"/>
    <sprite n="08_FX/CrystalExplosionFX/CrystalExplosionFX09" x="2710" y="140" w="75" h="80" pX="0.5" pY="1"/>
    <sprite n="08_FX/CrystalExplosionFX/CrystalExplosionFX10" x="2785" y="140" w="75" h="80" pX="0.5" pY="1"/>
    <sprite n="08_FX/CrystalExplosionFX/CrystalExplosionFX11" x="2860" y="140" w="75" h="80" pX="0.5" pY="1"/>
    <sprite n="08_FX/CrystalExplosionFX/CrystalExplosionFX12" x="2935" y="140" w="75" h="80" pX="0.5" pY="1"/>
    <sprite n="08_FX/CrystalExplosionFX/CrystalExplosionFX13" x="7395" y="670" w="180" h="180" pX="0.5" pY="1"/>
    <sprite n="08_FX/CrystalExplosionFX/CrystalExplosionFX14" x="7745" y="850" w="210" h="210" pX="0.5" pY="1"/>
    <sprite n="08_FX/CrystalExplosionFX/CrystalExplosionFX15" x="5925" y="850" w="240" h="200" pX="0.5" pY="1"/>
    <sprite n="08_FX/CrystalExplosionFX/CrystalExplosionFX16" x="0" y="1300" w="255" h="240" pX="0.5" pY="1"/>
    <sprite n="08_FX/CrystalExplosionFX/CrystalExplosionFX17" x="4470" y="1300" w="250" h="250" pX="0.5" pY="1"/>
    <sprite n="08_FX/CrystalExplosionFX/CrystalExplosionFX18" x="4720" y="1300" w="250" h="250" pX="0.5" pY="1"/>
    <sprite n="08_FX/CrystalExplosionFX/CrystalExplosionFX19" x="6975" y="1300" w="260" h="260" pX="0.5" pY="1"/>
    <sprite n="08_FX/CrystalExplosionFX/CrystalExplosionFX20" x="7235" y="1300" w="260" h="260" pX="0.5" pY="1"/>
    <sprite n="08_FX/CrystalExplosionFX/CrystalExplosionFX21" x="7495" y="1300" w="260" h="260" pX="0.5" pY="1"/>
    <sprite n="08_FX/CrystalExplosionFX/CrystalExplosionFX22" x="7755" y="1300" w="260" h="260" pX="0.5" pY="1"/>
    <sprite n="08_FX/CrystalExplosionFX/CrystalExplosionFX23" x="255" y="1300" w="220" h="240" pX="0.5" pY="1"/>
    <sprite n="08_FX/CrystalExplosionFX/CrystalExplosionFX24" x="2265" y="850" w="220" h="190" pX="0.5" pY="1"/>
    <sprite n="08_FX/DaggerSlashFX/DaggerSlashFX0" x="2390" y="20" w="45" h="25" pX="0.5" pY="1"/>
    <sprite n="08_FX/DaggerSlashFX/DaggerSlashFX1" x="1885" y="65" w="115" h="55" pX="0.5" pY="1"/>
    <sprite n="08_FX/DaggerSlashFX/DaggerSlashFX2" x="4130" y="65" w="125" h="65" pX="0.5" pY="1"/>
    <sprite n="08_FX/DaggerSlashFX/DaggerSlashFX3" x="230" y="140" w="135" h="75" pX="0.5" pY="1"/>
    <sprite n="08_FX/DaggerSwingFX/DaggerSwingFX00" x="4255" y="65" w="100" h="65" pX="0.5" pY="1"/>
    <sprite n="08_FX/DaggerSwingFX/DaggerSwingFX01" x="5580" y="20" w="90" h="35" pX="0.5" pY="1"/>
    <sprite n="08_FX/DaggerSwingFX/DaggerSwingFX02" x="4696" y="0" w="30" h="10" pX="0.5" pY="1"/>
    <sprite n="08_FX/DeathSwingFX/DeathSwingFX00" x="4970" y="1300" w="350" h="250" pX="0.5" pY="1"/>
    <sprite n="08_FX/DeathSwingFX/DeathSwingFX01" x="2485" y="850" w="350" h="190" pX="0.5" pY="1"/>
    <sprite n="08_FX/DeathSwingFX/DeathSwingFX02" x="1100" y="850" w="350" h="185" pX="0.5" pY="1"/>
    <sprite n="08_FX/DeathSwingFX/DeathSwingFX03" x="2640" y="240" w="350" h="120" pX="0.5" pY="1"/>
    <sprite n="08_FX/DemonBerserkFX/DemonBerserkFX0" x="6165" y="850" w="200" h="200" pX="0.5" pY="1"/>
    <sprite n="08_FX/DemonBerserkFX/DemonBerserkFX1" x="6365" y="850" w="200" h="200" pX="0.5" pY="1"/>
    <sprite n="08_FX/DemonBerserkFX/DemonBerserkFX2" x="4750" y="850" w="200" h="195" pX="0.5" pY="1"/>
    <sprite n="08_FX/DemonBerserkFX/DemonBerserkFX3" x="4950" y="850" w="200" h="195" pX="0.5" pY="1"/>
    <sprite n="08_FX/DemonBerserkFX/DemonBerserkFX4" x="1450" y="850" w="200" h="185" pX="0.5" pY="1"/>
    <sprite n="08_FX/DemonBerserkFX/DemonBerserkFX5" x="2835" y="850" w="200" h="190" pX="0.5" pY="1"/>
    <sprite n="08_FX/DemonBerserkFX/DemonBerserkFX6" x="5150" y="850" w="195" h="195" pX="0.5" pY="1"/>
    <sprite n="08_FX/DemonBladeFragmentShootFX/DemonBladeFragmentShootFX00" x="7956" y="0" w="75" h="20" pX="0.5" pY="1"/>
    <sprite n="08_FX/DemonBladeFragmentShootFX/DemonBladeFragmentShootFX01" x="0" y="20" w="100" h="20" pX="0.5" pY="1"/>
    <sprite n="08_FX/DemonBladeFragmentShootFX/DemonBladeFragmentShootFX02" x="100" y="20" w="110" h="20" pX="0.5" pY="1"/>
    <sprite n="08_FX/DemonBladeFragmentShootFX/DemonBladeFragmentShootFX03" x="210" y="20" w="115" h="20" pX="0.5" pY="1"/>
    <sprite n="08_FX/DemonBladeFragmentShootFX/DemonBladeFragmentShootFX04" x="5541" y="0" w="115" h="15" pX="0.5" pY="1"/>
    <sprite n="08_FX/DemonBladeFragmentShootFX/DemonBladeFragmentShootFX05" x="506" y="0" w="5" h="5" pX="0.5" pY="1"/>
    <sprite n="08_FX/DevilElecGuitarBulletFX/DevilGuitarBulletFX0" x="7555" y="140" w="65" h="100" pX="0.5" pY="1"/>
    <sprite n="08_FX/DevilElecGuitarBulletFX/DevilGuitarBulletFX1" x="7620" y="140" w="70" h="100" pX="0.5" pY="1"/>
    <sprite n="08_FX/DevilElecGuitarBulletFX/DevilGuitarBulletFX2" x="4355" y="65" w="40" h="65" pX="0.5" pY="1"/>
    <sprite n="08_FX/DevilElecGuitarBulletFX/DevilGuitarBulletFX3" x="7690" y="140" w="60" h="100" pX="0.5" pY="1"/>
    <sprite n="08_FX/DevilElecGuitarBulletFX/DevilGuitarBulletFX4" x="4395" y="65" w="40" h="65" pX="0.5" pY="1"/>
    <sprite n="08_FX/DieFX/Die00" x="365" y="140" w="75" h="75" pX="0.5" pY="1"/>
    <sprite n="08_FX/DieFX/Die01" x="3335" y="510" w="150" h="150" pX="0.5" pY="1"/>
    <sprite n="08_FX/DieFX/Die02" x="3485" y="510" w="150" h="150" pX="0.5" pY="1"/>
    <sprite n="08_FX/DieFX/Die03" x="3790" y="670" w="170" h="170" pX="0.5" pY="1"/>
    <sprite n="08_FX/DieFX/Die04" x="7575" y="670" w="180" h="180" pX="0.5" pY="1"/>
    <sprite n="08_FX/DieFX/Die05" x="7755" y="670" w="180" h="180" pX="0.5" pY="1"/>
    <sprite n="08_FX/DieFX/Die06" x="2000" y="65" w="45" h="55" pX="0.5" pY="1"/>
    <sprite n="08_FX/DieFX/Die07" x="6460" y="20" w="25" h="40" pX="0.5" pY="1"/>
    <sprite n="08_FX/DieFX/Die08" x="5670" y="20" w="25" h="35" pX="0.5" pY="1"/>
    <sprite n="08_FX/DieFX/Die09" x="5656" y="0" w="15" h="15" pX="0.5" pY="1"/>
    <sprite n="08_FX/DieFX/Die10" x="511" y="0" w="5" h="5" pX="0.5" pY="1"/>
    <sprite n="08_FX/DubleJumpFX/DubleJumpFX0" x="325" y="20" w="25" h="20" pX="0.5" pY="1"/>
    <sprite n="08_FX/DubleJumpFX/DubleJumpFX1" x="6485" y="20" w="45" h="40" pX="0.5" pY="1"/>
    <sprite n="08_FX/DubleJumpFX/DubleJumpFX2" x="4490" y="20" w="35" h="30" pX="0.5" pY="1"/>
    <sprite n="08_FX/DubleJumpFX/DubleJumpFX3" x="6530" y="20" w="40" h="40" pX="0.5" pY="1"/>
    <sprite n="08_FX/DubleJumpFX/DubleJumpFX4" x="6570" y="20" w="40" h="40" pX="0.5" pY="1"/>
    <sprite n="08_FX/DubleJumpFX/DubleJumpFX5" x="2435" y="20" w="45" h="25" pX="0.5" pY="1"/>
    <sprite n="08_FX/Dust/Dust1" x="1005" y="65" w="50" h="50" pX="0.5" pY="1"/>
    <sprite n="08_FX/Dust/Dust2" x="2045" y="65" w="60" h="55" pX="0.5" pY="1"/>
    <sprite n="08_FX/Dust/Dust3" x="2565" y="65" w="65" h="60" pX="0.5" pY="1"/>
    <sprite n="08_FX/Dust/Dust4" x="4435" y="65" w="65" h="65" pX="0.5" pY="1"/>
    <sprite n="08_FX/Dust/Dust5" x="4500" y="65" w="55" h="65" pX="0.5" pY="1"/>
    <sprite n="08_FX/Dust/Dust6" x="0" y="0" w="1" h="1" pX="0.5" pY="1"/>
    <sprite n="08_FX/EgoSwordFX/EgoSwordFX00" x="6200" y="1560" w="295" h="295" pX="0.5" pY="1"/>
    <sprite n="08_FX/EgoSwordFX/EgoSwordFX01" x="3810" y="1860" w="315" h="315" pX="0.5" pY="1"/>
    <sprite n="08_FX/EgoSwordFX/EgoSwordFX02" x="4125" y="1860" w="325" h="320" pX="0.5" pY="1"/>
    <sprite n="08_FX/EgoSwordFX/EgoSwordFX03" x="4450" y="1860" w="325" h="320" pX="0.5" pY="1"/>
    <sprite n="08_FX/EgoSwordFX/EgoSwordFX04" x="4775" y="1860" w="325" h="320" pX="0.5" pY="1"/>
    <sprite n="08_FX/EgoSwordFX/EgoSwordFX05" x="5100" y="1860" w="325" h="320" pX="0.5" pY="1"/>
    <sprite n="08_FX/EXPowerKatanaSwingPlusFX/EXPowerKatanaSwingPlusFX00" x="2655" y="2790" w="800" h="600" pX="0.5" pY="1"/>
    <sprite n="08_FX/EXPowerKatanaSwingPlusFX/EXPowerKatanaSwingPlusFX01" x="5450" y="2790" w="810" h="625" pX="0.5" pY="1"/>
    <sprite n="08_FX/EXPowerKatanaSwingPlusFX/EXPowerKatanaSwingPlusFX02" x="4645" y="2790" w="805" h="620" pX="0.5" pY="1"/>
    <sprite n="08_FX/EXPowerKatanaSwingPlusFX/EXPowerKatanaSwingPlusFX03" x="4300" y="3420" w="805" h="665" pX="0.5" pY="1"/>
    <sprite n="08_FX/EXPowerKatanaSwingPlusFX/EXPowerKatanaSwingPlusFX04" x="2020" y="3420" w="785" h="660" pX="0.5" pY="1"/>
    <sprite n="08_FX/EXPowerKatanaSwingPlusFX/EXPowerKatanaSwingPlusFX05" x="5915" y="3420" w="810" h="670" pX="0.5" pY="1"/>
    <sprite n="08_FX/EXPowerKatanaSwingPlusFX/EXPowerKatanaSwingPlusFX06" x="5105" y="3420" w="810" h="665" pX="0.5" pY="1"/>
    <sprite n="08_FX/EXPowerKatanaSwingPlusFX/EXPowerKatanaSwingPlusFX07" x="2805" y="3420" w="810" h="660" pX="0.5" pY="1"/>
    <sprite n="08_FX/EXPowerKatanaSwingPlusFX/EXPowerKatanaSwingPlusFX08" x="1215" y="3420" w="805" h="655" pX="0.5" pY="1"/>
    <sprite n="08_FX/EXPowerKatanaSwingPlusFX/EXPowerKatanaSwingPlusFX09" x="6260" y="2790" w="805" h="630" pX="0.5" pY="1"/>
    <sprite n="08_FX/EXPowerKatanaSwingPlusFX/EXPowerKatanaSwingPlusFX10" x="780" y="2790" w="800" h="570" pX="0.5" pY="1"/>
    <sprite n="08_FX/EXPowerKatanaSwingPlusFX/EXPowerKatanaSwingPlusFX11" x="0" y="2790" w="780" h="565" pX="0.5" pY="1"/>
    <sprite n="08_FX/EXPowerKatanaSwingPlusFX/EXPowerKatanaSwingPlusFX12" x="3035" y="850" w="540" h="190" pX="0.5" pY="1"/>
    <sprite n="08_FX/EXPowerKatanaSwingPlusFX/EXPowerKatanaSwingPlusFX13" x="516" y="0" w="5" h="5" pX="0.5" pY="1"/>
    <sprite n="08_FX/FatherBatBulletFX/FatherBatBulletFX0" x="7100" y="240" w="130" h="130" pX="0.5" pY="1"/>
    <sprite n="08_FX/FatherBatBulletFX/FatherBatBulletFX1" x="7365" y="370" w="140" h="140" pX="0.5" pY="1"/>
    <sprite n="08_FX/FatherBatBulletFX/FatherBatBulletFX2" x="7230" y="240" w="130" h="130" pX="0.5" pY="1"/>
    <sprite n="08_FX/FatherBatBulletFX/FatherBatBulletFX3" x="7505" y="370" w="140" h="140" pX="0.5" pY="1"/>
    <sprite n="08_FX/FatherBatBulletFX/FatherBatBulletFX4" x="3635" y="510" w="150" h="150" pX="0.5" pY="1"/>
    <sprite n="08_FX/FatherBatBulletFX/FatherBatBulletFX5" x="870" y="670" w="160" h="160" pX="0.5" pY="1"/>
    <sprite n="08_FX/FatherBatBulletFX/FatherBatBulletFX6" x="3960" y="670" w="170" h="170" pX="0.5" pY="1"/>
    <sprite n="08_FX/FatherBatBulletFX/FatherBatBulletFX7" x="4130" y="670" w="175" h="170" pX="0.5" pY="1"/>
    <sprite n="08_FX/FatherBatBulletFX/FatherBatBulletFX8" x="4305" y="670" w="175" h="170" pX="0.5" pY="1"/>
    <sprite n="08_FX/FatherBatBulletFX/FatherBatBulletFX9" x="4480" y="670" w="180" h="170" pX="0.5" pY="1"/>
    <sprite n="08_FX/FatherBatBulletFX/FatherBatBulletFX10" x="4660" y="670" w="180" h="170" pX="0.5" pY="1"/>
    <sprite n="08_FX/FireBoltFX/FireBoltFX0" x="3785" y="510" w="150" h="150" pX="0.5" pY="1"/>
    <sprite n="08_FX/FireBoltFX/FireBoltFX1" x="0" y="1560" w="280" h="260" pX="0.5" pY="1"/>
    <sprite n="08_FX/FireBoltFX/FireBoltFX2" x="1945" y="1560" w="290" h="275" pX="0.5" pY="1"/>
    <sprite n="08_FX/FireBoltFX/FireBoltFX3" x="3605" y="1560" w="300" h="285" pX="0.5" pY="1"/>
    <sprite n="08_FX/FireBoltFX/FireBoltFX4" x="6495" y="1560" w="300" h="295" pX="0.5" pY="1"/>
    <sprite n="08_FX/FireBoltFX/FireBoltFX5" x="1030" y="670" w="180" h="160" pX="0.5" pY="1"/>
    <sprite n="08_FX/FireBoltFX/FireBoltFX6" x="2280" y="670" w="180" h="165" pX="0.5" pY="1"/>
    <sprite n="08_FX/FireGreatSwingFX/FireGreatSwingFX01" x="475" y="1300" w="300" h="240" pX="0.5" pY="1"/>
    <sprite n="08_FX/FireGreatSwingFX/FireGreatSwingFX02" x="3250" y="1060" w="300" h="230" pX="0.5" pY="1"/>
    <sprite n="08_FX/FireGreatSwingFX/FireGreatSwingFX03" x="3550" y="1060" w="300" h="230" pX="0.5" pY="1"/>
    <sprite n="08_FX/FireGreatSwingFX/FireGreatSwingFX04" x="0" y="1060" w="290" h="210" pX="0.5" pY="1"/>
    <sprite n="08_FX/FireGreatSwingFX/FireGreatSwingFX05" x="3935" y="510" w="280" h="150" pX="0.5" pY="1"/>
    <sprite n="08_FX/FireGreatSwingFX/FireGreatSwingFX06" x="3795" y="140" w="265" h="85" pX="0.5" pY="1"/>
    <sprite n="08_FX/FoundFX/FoundFX0" x="6610" y="20" w="80" h="40" pX="0.5" pY="1"/>
    <sprite n="08_FX/FoundFX/FoundFX1" x="5345" y="140" w="50" h="90" pX="0.5" pY="1"/>
    <sprite n="08_FX/FoundFX/FoundFX2" x="2630" y="65" w="50" h="60" pX="0.5" pY="1"/>
    <sprite n="08_FX/FoundFX/FoundFX3" x="2630" y="65" w="50" h="60" pX="0.5" pY="1"/>
    <sprite n="08_FX/FoundFX/FoundFX4" x="2630" y="65" w="50" h="60" pX="0.5" pY="1"/>
    <sprite n="08_FX/FoundFX/FoundFX5" x="7675" y="20" w="40" h="45" pX="0.5" pY="1"/>
    <sprite n="08_FX/FoundFX/FoundFX6" x="4525" y="20" w="25" h="30" pX="0.5" pY="1"/>
    <sprite n="08_FX/FoundFX/FoundFX7" x="350" y="20" w="15" h="20" pX="0.5" pY="1"/>
    <sprite n="08_FX/GeyserFx/GeyserFx00" x="3230" y="5640" w="270" h="1000" pX="0.5" pY="1"/>
    <sprite n="08_FX/GeyserFx/GeyserFx01" x="2855" y="5640" w="375" h="995" pX="0.5" pY="1"/>
    <sprite n="08_FX/GeyserFx/GeyserFx02" x="2675" y="5640" w="180" h="970" pX="0.5" pY="1"/>
    <sprite n="08_FX/GeyserFx/GeyserFx03" x="1295" y="4765" w="90" h="735" pX="0.5" pY="1"/>
    <sprite n="08_FX/GeyserFx/GeyserFx04" x="3710" y="4090" w="45" h="675" pX="0.5" pY="1"/>
    <sprite n="08_FX/GeyserFx/GeyserFx05" x="3615" y="3420" w="35" h="660" pX="0.5" pY="1"/>
    <sprite n="08_FX/GrayPickaxeSwingFX/GrayPickaxeSwing00" x="5320" y="1300" w="50" h="250" pX="0.5" pY="1"/>
    <sprite n="08_FX/GrayPickaxeSwingFX/GrayPickaxeSwing01" x="7935" y="670" w="45" h="180" pX="0.5" pY="1"/>
    <sprite n="08_FX/GrayPickaxeSwingFX/GrayPickaxeSwing02" x="2055" y="240" w="40" h="115" pX="0.5" pY="1"/>
    <sprite n="08_FX/GrayPickaxeSwingFX/GrayPickaxeSwing03" x="440" y="140" w="30" h="75" pX="0.5" pY="1"/>
    <sprite n="08_FX/GreatSwingFX/GreatSwingFX00" x="5880" y="1060" w="300" h="235" pX="0.5" pY="1"/>
    <sprite n="08_FX/GreatSwingFX/GreatSwingFX01" x="7360" y="240" w="290" h="130" pX="0.5" pY="1"/>
    <sprite n="08_FX/GreatSwingFX/GreatSwingFX02" x="7715" y="20" w="210" h="45" pX="0.5" pY="1"/>
    <sprite n="08_FX/HealSwingFX/HealSwingFX00" x="6180" y="1060" w="360" h="235" pX="0.5" pY="1"/>
    <sprite n="08_FX/HealSwingFX/HealSwingFX01" x="3575" y="850" w="350" h="190" pX="0.5" pY="1"/>
    <sprite n="08_FX/HealSwingFX/HealSwingFX02" x="2460" y="670" w="310" h="165" pX="0.5" pY="1"/>
    <sprite n="08_FX/HealSwingFX/HealSwingFX03" x="6170" y="510" w="300" h="155" pX="0.5" pY="1"/>
    <sprite n="08_FX/HealSwingFX/HealSwingFX04" x="7750" y="140" w="120" h="100" pX="0.5" pY="1"/>
    <sprite n="08_FX/HeavyStoneMagmaFX/HeavyStoneMagmaFX00" x="580" y="240" w="105" h="105" pX="0.5" pY="1"/>
    <sprite n="08_FX/HeavyStoneMagmaFX/HeavyStoneMagmaFX01" x="4490" y="240" w="225" h="125" pX="0.5" pY="1"/>
    <sprite n="08_FX/HeavyStoneMagmaFX/HeavyStoneMagmaFX02" x="1320" y="510" w="240" h="145" pX="0.5" pY="1"/>
    <sprite n="08_FX/HeavyStoneMagmaFX/HeavyStoneMagmaFX03" x="5345" y="850" w="255" h="195" pX="0.5" pY="1"/>
    <sprite n="08_FX/HeavyStoneMagmaFX/HeavyStoneMagmaFX04" x="1440" y="1060" w="260" h="225" pX="0.5" pY="1"/>
    <sprite n="08_FX/HeavyStoneMagmaFX/HeavyStoneMagmaFX05" x="3850" y="1060" w="265" h="230" pX="0.5" pY="1"/>
    <sprite n="08_FX/HeavyStoneMagmaFX/HeavyStoneMagmaFX06" x="775" y="1300" w="270" h="240" pX="0.5" pY="1"/>
    <sprite n="08_FX/HeavyStoneMagmaFX/HeavyStoneMagmaFX07" x="1045" y="1300" w="270" h="240" pX="0.5" pY="1"/>
    <sprite n="08_FX/HeavyStoneMagmaFX/HeavyStoneMagmaFX08" x="3680" y="1300" w="250" h="245" pX="0.5" pY="1"/>
    <sprite n="08_FX/HeavyStoneMagmaFX/HeavyStoneMagmaFX09" x="3930" y="1300" w="250" h="245" pX="0.5" pY="1"/>
    <sprite n="08_FX/HeavyStoneMagmaFX/HeavyStoneMagmaFX10" x="985" y="1060" w="230" h="220" pX="0.5" pY="1"/>
    <sprite n="08_FX/HeavyStoneMagmaFX/HeavyStoneMagmaFX11" x="5535" y="670" w="210" h="175" pX="0.5" pY="1"/>
    <sprite n="08_FX/HeavyStoneMagmaFX/HeavyStoneMagmaFX12" x="4840" y="670" w="180" h="170" pX="0.5" pY="1"/>
    <sprite n="08_FX/HecateShotFX/HecateShotFx0" x="470" y="140" w="75" h="75" pX="0.5" pY="1"/>
    <sprite n="08_FX/HecateShotFX/HecateShotFx1" x="1495" y="240" w="145" h="110" pX="0.5" pY="1"/>
    <sprite n="08_FX/HecateShotFX/HecateShotFx2" x="4215" y="510" w="185" h="150" pX="0.5" pY="1"/>
    <sprite n="08_FX/HecateSmokeFX/HecateSmokeFX0" x="4715" y="240" w="125" h="125" pX="0.5" pY="1"/>
    <sprite n="08_FX/HecateSmokeFX/HecateSmokeFX1" x="1315" y="1300" w="170" h="240" pX="0.5" pY="1"/>
    <sprite n="08_FX/HecateSmokeFX/HecateSmokeFX2" x="5915" y="1300" w="175" h="255" pX="0.5" pY="1"/>
    <sprite n="08_FX/HecateSmokeFX/HecateSmokeFX3" x="280" y="1560" w="180" h="260" pX="0.5" pY="1"/>
    <sprite n="08_FX/HecateSmokeFX/HecateSmokeFX4" x="1185" y="1560" w="180" h="270" pX="0.5" pY="1"/>
    <sprite n="08_FX/HecateSmokeFX/HecateSmokeFX5" x="1365" y="1560" w="180" h="270" pX="0.5" pY="1"/>
    <sprite n="08_FX/HecateSmokeFX/HecateSmokeFX6" x="6090" y="1300" w="180" h="255" pX="0.5" pY="1"/>
    <sprite n="08_FX/HecateSmokeFX/HecateSmokeFX7" x="7650" y="240" w="170" h="130" pX="0.5" pY="1"/>
    <sprite n="08_FX/HecateSmokeFX/HecateSmokeFX8" x="7820" y="240" w="155" h="130" pX="0.5" pY="1"/>
    <sprite n="08_FX/HighNoonFX/HighNoonFX00" x="2235" y="1560" w="115" h="275" pX="0.5" pY="1"/>
    <sprite n="08_FX/HighNoonFX/HighNoonFX01" x="1545" y="1560" w="125" h="270" pX="0.5" pY="1"/>
    <sprite n="08_FX/HighNoonFX/HighNoonFX02" x="5370" y="1300" w="135" h="250" pX="0.5" pY="1"/>
    <sprite n="08_FX/HighNoonFX/HighNoonFX03" x="6540" y="1060" w="115" h="235" pX="0.5" pY="1"/>
    <sprite n="08_FX/HighNoonFX/HighNoonFX04" x="6565" y="850" w="65" h="200" pX="0.5" pY="1"/>
    <sprite n="08_FX/HighNoonFX/HighNoonFX05" x="3925" y="850" w="25" h="190" pX="0.5" pY="1"/>
    <sprite n="08_FX/HighNoonFX/HighNoonFX06" x="1650" y="850" w="25" h="185" pX="0.5" pY="1"/>
    <sprite n="08_FX/HighNoonFX/HighNoonFX07" x="4840" y="240" w="20" h="125" pX="0.5" pY="1"/>
    <sprite n="08_FX/HitFX/HitFX0" x="2540" y="370" w="140" h="135" pX="0.5" pY="1"/>
    <sprite n="08_FX/HitFX/HitFX1" x="1700" y="1060" w="180" h="225" pX="0.5" pY="1"/>
    <sprite n="08_FX/HitFX/HitFX2" x="5505" y="1300" w="170" h="250" pX="0.5" pY="1"/>
    <sprite n="08_FX/HitFX/HitFX3" x="1485" y="1300" w="150" h="240" pX="0.5" pY="1"/>
    <sprite n="08_FX/HitFX/HitFX4" x="7615" y="850" w="130" h="205" pX="0.5" pY="1"/>
    <sprite n="08_FX/HitFX/HitFX5" x="6630" y="850" w="140" h="200" pX="0.5" pY="1"/>
    <sprite n="08_FX/IceCrystalFX/IceCrystalFX00" x="2680" y="65" w="80" h="60" pX="0.5" pY="1"/>
    <sprite n="08_FX/IceCrystalFX/IceCrystalFX01" x="4060" y="140" w="80" h="85" pX="0.5" pY="1"/>
    <sprite n="08_FX/IceCrystalFX/IceCrystalFX02" x="4140" y="140" w="110" h="85" pX="0.5" pY="1"/>
    <sprite n="08_FX/IceCrystalFX/IceCrystalFX03" x="4860" y="240" w="140" h="125" pX="0.5" pY="1"/>
    <sprite n="08_FX/IceCrystalFX/IceCrystalFX04" x="0" y="370" w="145" h="130" pX="0.5" pY="1"/>
    <sprite n="08_FX/IceCrystalFX/IceCrystalFX05" x="2680" y="370" w="150" h="135" pX="0.5" pY="1"/>
    <sprite n="08_FX/IceCrystalFX/IceCrystalFX06" x="145" y="370" w="125" h="130" pX="0.5" pY="1"/>
    <sprite n="08_FX/IceCrystalFX/IceCrystalFX07" x="2095" y="240" w="105" h="115" pX="0.5" pY="1"/>
    <sprite n="08_FX/IceCrystalFX/IceCrystalFX08" x="7870" y="140" w="95" h="100" pX="0.5" pY="1"/>
    <sprite n="08_FX/IceCrystalFX/IceCrystalFX09" x="3010" y="140" w="90" h="80" pX="0.5" pY="1"/>
    <sprite n="08_FX/IceCrystalFX/IceCrystalFX10" x="5955" y="65" w="80" h="70" pX="0.5" pY="1"/>
    <sprite n="08_FX/IceCrystalFX/IceCrystalFX11" x="4555" y="65" w="70" h="65" pX="0.5" pY="1"/>
    <sprite n="08_FX/IceCrystalFX/IceCrystalFX12" x="6035" y="65" w="70" h="70" pX="0.5" pY="1"/>
    <sprite n="08_FX/IceCrystalFX/IceCrystalFX13" x="0" y="850" w="155" h="180" pX="0.5" pY="1"/>
    <sprite n="08_FX/IceCrystalFX/IceCrystalFX14" x="4400" y="510" w="130" h="150" pX="0.5" pY="1"/>
    <sprite n="08_FX/IceCrystalFX/IceCrystalFX15" x="4530" y="510" w="130" h="150" pX="0.5" pY="1"/>
    <sprite n="08_FX/IceCrystalFX/IceCrystalFX16" x="4660" y="510" w="130" h="150" pX="0.5" pY="1"/>
    <sprite n="08_FX/IceCrystalFX/IceCrystalFX17" x="4790" y="510" w="135" h="150" pX="0.5" pY="1"/>
    <sprite n="08_FX/IceCrystalFX/IceCrystalFX18" x="4925" y="510" w="140" h="150" pX="0.5" pY="1"/>
    <sprite n="08_FX/IceCrystalFX/IceCrystalFX19" x="6470" y="510" w="140" h="155" pX="0.5" pY="1"/>
    <sprite n="08_FX/IceCrystalFX/IceCrystalFX20" x="6610" y="510" w="140" h="155" pX="0.5" pY="1"/>
    <sprite n="08_FX/IcicleDestroyFX/IcicleDestroyFX0" x="4115" y="1060" w="160" h="230" pX="0.5" pY="1"/>
    <sprite n="08_FX/IcicleDestroyFX/IcicleDestroyFX1" x="4275" y="1060" w="150" h="230" pX="0.5" pY="1"/>
    <sprite n="08_FX/IcicleDestroyFX/IcicleDestroyFX2" x="6655" y="1060" w="160" h="235" pX="0.5" pY="1"/>
    <sprite n="08_FX/IlectricFX/IlectricFX00" x="2760" y="65" w="105" h="60" pX="0.5" pY="1"/>
    <sprite n="08_FX/IlectricFX/IlectricFX01" x="1055" y="65" w="100" h="50" pX="0.5" pY="1"/>
    <sprite n="08_FX/IlectricFX/IlectricFX02" x="2865" y="65" w="105" h="60" pX="0.5" pY="1"/>
    <sprite n="08_FX/IlectricFX/IlectricFX03" x="1155" y="65" w="95" h="50" pX="0.5" pY="1"/>
    <sprite n="08_FX/IlectricFX/IlectricFX04" x="7925" y="20" w="90" h="45" pX="0.5" pY="1"/>
    <sprite n="08_FX/IlectricFX/IlectricFX05" x="0" y="65" w="90" h="45" pX="0.5" pY="1"/>
    <sprite n="08_FX/IlectricFX/IlectricFX10" x="545" y="140" w="105" h="75" pX="0.5" pY="1"/>
    <sprite n="08_FX/IlectricFX/IlectricFX11" x="6105" y="65" w="95" h="70" pX="0.5" pY="1"/>
    <sprite n="08_FX/IlectricFX/IlectricFX12" x="650" y="140" w="105" h="75" pX="0.5" pY="1"/>
    <sprite n="08_FX/IlectricFX/IlectricFX13" x="6200" y="65" w="95" h="70" pX="0.5" pY="1"/>
    <sprite n="08_FX/IlectricFX/IlectricFX14" x="755" y="140" w="95" h="75" pX="0.5" pY="1"/>
    <sprite n="08_FX/IlectricFX/IlectricFX15" x="6295" y="65" w="90" h="70" pX="0.5" pY="1"/>
    <sprite n="08_FX/JumpFX/JumpFX0" x="4726" y="0" w="45" h="10" pX="0.5" pY="1"/>
    <sprite n="08_FX/JumpFX/JumpFX1" x="2480" y="20" w="30" h="25" pX="0.5" pY="1"/>
    <sprite n="08_FX/JumpFX/JumpFX2" x="4550" y="20" w="25" h="30" pX="0.5" pY="1"/>
    <sprite n="08_FX/JumpFX/JumpFX3" x="4575" y="20" w="25" h="30" pX="0.5" pY="1"/>
    <sprite n="08_FX/JumpFX/JumpFX4" x="4771" y="0" w="5" h="10" pX="0.5" pY="1"/>
    <sprite n="08_FX/KatanaSpeedSwingFX/KatanaSpeedSwingFX00" x="2350" y="1560" w="340" h="275" pX="0.5" pY="1"/>
    <sprite n="08_FX/KatanaSpeedSwingFX/KatanaSpeedSwingFX01" x="6270" y="1300" w="345" h="255" pX="0.5" pY="1"/>
    <sprite n="08_FX/KatanaSpeedSwingFX/KatanaSpeedSwingFX02" x="845" y="1560" w="340" h="265" pX="0.5" pY="1"/>
    <sprite n="08_FX/KatanaSpeedSwingFX/KatanaSpeedSwingFX03" x="2690" y="1560" w="345" h="275" pX="0.5" pY="1"/>
    <sprite n="08_FX/KatanaSpeedSwingFX/KatanaSpeedSwingFX04" x="5675" y="1300" w="170" h="250" pX="0.5" pY="1"/>
    <sprite n="08_FX/KatanaSpeedSwingFX/KatanaSpeedSwingFX05" x="6435" y="140" w="75" h="95" pX="0.5" pY="1"/>
    <sprite n="08_FX/KeresScytheSwingFX/KeresScytheSwingFX0" x="3035" y="1560" w="290" h="275" pX="0.5" pY="1"/>
    <sprite n="08_FX/KeresScytheSwingFX/KeresScytheSwingFX1" x="4180" y="1300" w="290" h="245" pX="0.5" pY="1"/>
    <sprite n="08_FX/KeresScytheSwingFX/KeresScytheSwingFX2" x="5065" y="510" w="285" h="150" pX="0.5" pY="1"/>
    <sprite n="08_FX/KeresScytheSwingFX/KeresScytheSwingFX3" x="7645" y="370" w="280" h="140" pX="0.5" pY="1"/>
    <sprite n="08_FX/KeresScytheSwingFX/KeresScytheSwingFX4" x="270" y="370" w="260" h="130" pX="0.5" pY="1"/>
    <sprite n="08_FX/KeresScytheSwingFX/KeresScytheSwingFX5" x="2990" y="240" w="235" h="120" pX="0.5" pY="1"/>
    <sprite n="08_FX/KeresScytheSwingFX/KeresScytheSwingFX6" x="4776" y="0" w="135" h="10" pX="0.5" pY="1"/>
    <sprite n="08_FX/KeresScytheSwingFX/KeresScytheSwingFX7" x="521" y="0" w="5" h="5" pX="0.5" pY="1"/>
    <sprite n="08_FX/KeresSlashFX/KeresSlashFX0" x="2510" y="20" w="70" h="25" pX="0.5" pY="1"/>
    <sprite n="08_FX/KeresSlashFX/KeresSlashFX1" x="2580" y="20" w="170" h="25" pX="0.5" pY="1"/>
    <sprite n="08_FX/KeresSlashFX/KeresSlashFX2" x="5671" y="0" w="190" h="15" pX="0.5" pY="1"/>
    <sprite n="08_FX/KeresSlashFX/KeresSlashFX3" x="5861" y="0" w="210" h="15" pX="0.5" pY="1"/>
    <sprite n="08_FX/KeresSlashFX/KeresSlashFX4" x="526" y="0" w="200" h="5" pX="0.5" pY="1"/>
    <sprite n="08_FX/KeresSlashFX/KeresSlashFX5" x="726" y="0" w="200" h="5" pX="0.5" pY="1"/>
    <sprite n="08_FX/KickFX/KickFX0" x="0" y="240" w="75" h="100" pX="0.5" pY="1"/>
    <sprite n="08_FX/KickFX/KickFX1" x="6510" y="140" w="65" h="95" pX="0.5" pY="1"/>
    <sprite n="08_FX/KickFX/KickFX2" x="6385" y="65" w="50" h="70" pX="0.5" pY="1"/>
    <sprite n="08_FX/KickFX/KickFX3" x="6690" y="20" w="25" h="40" pX="0.5" pY="1"/>
    <sprite n="08_FX/KickFX/KickFX4" x="6071" y="0" w="10" h="15" pX="0.5" pY="1"/>
    <sprite n="08_FX/LaserChargeFX/LaserChargeFX00" x="926" y="0" w="5" h="5" pX="0.5" pY="1"/>
    <sprite n="08_FX/LaserChargeFX/LaserChargeFX01" x="5695" y="20" w="55" h="35" pX="0.5" pY="1"/>
    <sprite n="08_FX/LaserChargeFX/LaserChargeFX02" x="1250" y="65" w="65" h="50" pX="0.5" pY="1"/>
    <sprite n="08_FX/LaserChargeFX/LaserChargeFX03" x="1315" y="65" w="55" h="50" pX="0.5" pY="1"/>
    <sprite n="08_FX/LaserChargeFX/LaserChargeFX04" x="2970" y="65" w="50" h="60" pX="0.5" pY="1"/>
    <sprite n="08_FX/LaserChargeFX/LaserChargeFX05" x="1370" y="65" w="70" h="50" pX="0.5" pY="1"/>
    <sprite n="08_FX/LaserChargeFX/LaserChargeFX06" x="4625" y="65" w="70" h="65" pX="0.5" pY="1"/>
    <sprite n="08_FX/LaserChargeFX/LaserChargeFX07" x="3020" y="65" w="65" h="60" pX="0.5" pY="1"/>
    <sprite n="08_FX/LaserChargeFX/LaserChargeFX08" x="3085" y="65" w="55" h="60" pX="0.5" pY="1"/>
    <sprite n="08_FX/LaserChargeFX/LaserChargeFX09" x="3140" y="65" w="55" h="60" pX="0.5" pY="1"/>
    <sprite n="08_FX/LaserChargeFX/LaserChargeFX10" x="3195" y="65" w="55" h="60" pX="0.5" pY="1"/>
    <sprite n="08_FX/LaserChargeFX/LaserChargeFX11" x="3250" y="65" w="55" h="60" pX="0.5" pY="1"/>
    <sprite n="08_FX/LaserChargeFX/LaserChargeFX12" x="3305" y="65" w="55" h="60" pX="0.5" pY="1"/>
    <sprite n="08_FX/LaserChargeFX/LaserChargeFX13" x="3360" y="65" w="55" h="60" pX="0.5" pY="1"/>
    <sprite n="08_FX/LaserChargeFX/LaserChargeFX14" x="3415" y="65" w="55" h="60" pX="0.5" pY="1"/>
    <sprite n="08_FX/LaserChargeFX/LaserChargeFX15" x="4695" y="65" w="55" h="65" pX="0.5" pY="1"/>
    <sprite n="08_FX/LaserChargeFX/LaserChargeFX16" x="3470" y="65" w="55" h="60" pX="0.5" pY="1"/>
    <sprite n="08_FX/LaserChargeFX/LaserChargeFX17" x="4250" y="140" w="85" h="85" pX="0.5" pY="1"/>
    <sprite n="08_FX/LaserChargeFX/LaserChargeFX18" x="4750" y="65" w="65" h="65" pX="0.5" pY="1"/>
    <sprite n="08_FX/LaserChargeFX/LaserChargeFX19" x="90" y="65" w="45" h="45" pX="0.5" pY="1"/>
    <sprite n="08_FX/LaserChargeFX/LaserChargeFX20" x="6081" y="0" w="15" h="15" pX="0.5" pY="1"/>
    <sprite n="08_FX/LavaAreaFX/LavaAreaFX00" x="2030" y="2240" w="425" h="405" pX="0.5" pY="1"/>
    <sprite n="08_FX/LavaAreaFX/LavaAreaFX01" x="2455" y="2240" w="430" h="405" pX="0.5" pY="1"/>
    <sprite n="08_FX/LavaAreaFX/LavaAreaFX02" x="2885" y="2240" w="430" h="410" pX="0.5" pY="1"/>
    <sprite n="08_FX/LavaAreaFX/LavaAreaFX03" x="3730" y="2240" w="430" h="425" pX="0.5" pY="1"/>
    <sprite n="08_FX/LavaAreaFX/LavaAreaFX04" x="4570" y="2240" w="410" h="430" pX="0.5" pY="1"/>
    <sprite n="08_FX/LavaAreaFX/LavaAreaFX05" x="4980" y="2240" w="410" h="430" pX="0.5" pY="1"/>
    <sprite n="08_FX/LavaAreaFX/LavaAreaFX06" x="5390" y="2240" w="410" h="430" pX="0.5" pY="1"/>
    <sprite n="08_FX/LavaAreaFX/LavaAreaFX07" x="4160" y="2240" w="410" h="425" pX="0.5" pY="1"/>
    <sprite n="08_FX/LavaAreaFX/LavaAreaFX08" x="3315" y="2240" w="415" h="420" pX="0.5" pY="1"/>
    <sprite n="08_FX/LavaAreaFX/LavaAreaFX09" x="1185" y="2240" w="420" h="400" pX="0.5" pY="1"/>
    <sprite n="08_FX/LavaAreaFX/LavaAreaFX10" x="1605" y="2240" w="425" h="400" pX="0.5" pY="1"/>
    <sprite n="08_FX/LightningFX/LightningFX00" x="1095" y="3420" w="120" h="640" pX="0.5" pY="1"/>
    <sprite n="08_FX/LightningFX/LightningFX01" x="7065" y="2790" w="350" h="630" pX="0.5" pY="1"/>
    <sprite n="08_FX/LightningFX/LightningFX02" x="7415" y="2790" w="405" h="630" pX="0.5" pY="1"/>
    <sprite n="08_FX/LightningFX/LightningFX04" x="1580" y="2790" w="415" h="595" pX="0.5" pY="1"/>
    <sprite n="08_FX/LightningFX/LightningFX05" x="1995" y="2790" w="425" h="595" pX="0.5" pY="1"/>
    <sprite n="08_FX/LightningFX/LightningFX07" x="2420" y="2790" w="235" h="595" pX="0.5" pY="1"/>
    <sprite n="08_FX/LightningFX/LightningFX09" x="1880" y="1060" w="220" h="225" pX="0.5" pY="1"/>
    <sprite n="08_FX/MadnessStabFX/MadnessStabFX0" x="6770" y="850" w="95" h="200" pX="0.5" pY="1"/>
    <sprite n="08_FX/MadnessStabFX/MadnessStabFX1" x="6865" y="850" w="85" h="200" pX="0.5" pY="1"/>
    <sprite n="08_FX/MadnessStabFX/MadnessStabFX2" x="155" y="850" w="85" h="180" pX="0.5" pY="1"/>
    <sprite n="08_FX/MadnessStabFX/MadnessStabFX3" x="5350" y="510" w="65" h="150" pX="0.5" pY="1"/>
    <sprite n="08_FX/MadnessStabFX/MadnessStabFX4" x="3225" y="240" w="55" h="120" pX="0.5" pY="1"/>
    <sprite n="08_FX/MadnessStabFX/MadnessStabFX5" x="1440" y="65" w="35" h="50" pX="0.5" pY="1"/>
    <sprite n="08_FX/MadnessStabFX/MadnessStabFX6" x="2750" y="20" w="5" h="25" pX="0.5" pY="1"/>
    <sprite n="08_FX/MadnessStabFX/MadnessStabFX7" x="931" y="0" w="5" h="5" pX="0.5" pY="1"/>
    <sprite n="08_FX/MagicCircleFx/MagicCircleFx00" x="4815" y="65" w="65" h="65" pX="0.5" pY="1"/>
    <sprite n="08_FX/MagicCircleFx/MagicCircleFx01" x="6750" y="510" w="155" h="155" pX="0.5" pY="1"/>
    <sprite n="08_FX/MagicCircleFx/MagicCircleFx02" x="1560" y="510" w="145" h="145" pX="0.5" pY="1"/>
    <sprite n="08_FX/MagicCircleFx/MagicCircleFx03" x="2830" y="370" w="135" h="135" pX="0.5" pY="1"/>
    <sprite n="08_FX/MagicCircleFx/MagicCircleFx04" x="2965" y="370" w="135" h="135" pX="0.5" pY="1"/>
    <sprite n="08_FX/MagicCircleFx/MagicCircleFx05" x="3100" y="370" w="135" h="135" pX="0.5" pY="1"/>
    <sprite n="08_FX/MagicCircleFx/MagicCircleFx06" x="3235" y="370" w="135" h="135" pX="0.5" pY="1"/>
    <sprite n="08_FX/MagicCircleFx/MagicCircleFx07" x="3370" y="370" w="135" h="135" pX="0.5" pY="1"/>
    <sprite n="08_FX/MagicCircleFx/MagicCircleFx08" x="3505" y="370" w="135" h="135" pX="0.5" pY="1"/>
    <sprite n="08_FX/MagicCircleFx/MagicCircleFx09" x="3640" y="370" w="135" h="135" pX="0.5" pY="1"/>
    <sprite n="08_FX/MagicCircleFx/MagicCircleFx10" x="3775" y="370" w="130" h="135" pX="0.5" pY="1"/>
    <sprite n="08_FX/MagicCircleFx/MagicCircleFx11" x="2200" y="240" w="90" h="115" pX="0.5" pY="1"/>
    <sprite n="08_FX/MagicCircleFx/MagicCircleFx12" x="2755" y="20" w="55" h="25" pX="0.5" pY="1"/>
    <sprite n="08_FX/MagicCircleFx/MagicCircleFx13" x="936" y="0" w="20" h="5" pX="0.5" pY="1"/>
    <sprite n="08_FX/MagicCircleFx/MagicCircleFx14" x="956" y="0" w="5" h="5" pX="0.5" pY="1"/>
    <sprite n="08_FX/MagicFireCircleFx/MagicFireCircleFx00" x="961" y="0" w="5" h="5" pX="0.5" pY="1"/>
    <sprite n="08_FX/MagicFireCircleFx/MagicFireCircleFx01" x="6096" y="0" w="25" h="15" pX="0.5" pY="1"/>
    <sprite n="08_FX/MagicFireCircleFx/MagicFireCircleFx02" x="4600" y="20" w="60" h="30" pX="0.5" pY="1"/>
    <sprite n="08_FX/MagicFireCircleFx/MagicFireCircleFx03" x="3280" y="240" w="95" h="120" pX="0.5" pY="1"/>
    <sprite n="08_FX/MagicFireCircleFx/MagicFireCircleFx04" x="3905" y="370" w="135" h="135" pX="0.5" pY="1"/>
    <sprite n="08_FX/MagicFireCircleFx/MagicFireCircleFx05" x="4040" y="370" w="135" h="135" pX="0.5" pY="1"/>
    <sprite n="08_FX/MagicFireCircleFx/MagicFireCircleFx06" x="0" y="510" w="135" h="140" pX="0.5" pY="1"/>
    <sprite n="08_FX/MagicFireCircleFx/MagicFireCircleFx07" x="4175" y="370" w="135" h="135" pX="0.5" pY="1"/>
    <sprite n="08_FX/MagicFireCircleFx/MagicFireCircleFx08" x="4310" y="370" w="135" h="135" pX="0.5" pY="1"/>
    <sprite n="08_FX/MagicFireCircleFx/MagicFireCircleFx09" x="4445" y="370" w="135" h="135" pX="0.5" pY="1"/>
    <sprite n="08_FX/MagicFireCircleFx/MagicFireCircleFx10" x="4580" y="370" w="135" h="135" pX="0.5" pY="1"/>
    <sprite n="08_FX/MagicFireCircleFx/MagicFireCircleFx11" x="4715" y="370" w="135" h="135" pX="0.5" pY="1"/>
    <sprite n="08_FX/MagicFireCircleFx/MagicFireCircleFx12" x="4850" y="370" w="135" h="135" pX="0.5" pY="1"/>
    <sprite n="08_FX/MagicFireCircleFx/MagicFireCircleFx13" x="1705" y="510" w="145" h="145" pX="0.5" pY="1"/>
    <sprite n="08_FX/MagicFireCircleFx/MagicFireCircleFx14" x="1850" y="510" w="145" h="145" pX="0.5" pY="1"/>
    <sprite n="08_FX/MagicFireCircleFx/MagicFireCircleFx15" x="4985" y="370" w="135" h="135" pX="0.5" pY="1"/>
    <sprite n="08_FX/MagicFireCircleFx/MagicFireCircleFx16" x="5120" y="370" w="135" h="135" pX="0.5" pY="1"/>
    <sprite n="08_FX/MagicFireCircleFx/MagicFireCircleFx17" x="4850" y="370" w="135" h="135" pX="0.5" pY="1"/>
    <sprite n="08_FX/MolotovCocktailFX/MolotovCocktailFX0" x="2810" y="20" w="35" h="25" pX="0.5" pY="1"/>
    <sprite n="08_FX/MolotovCocktailFX/MolotovCocktailFX1" x="2105" y="65" w="55" h="55" pX="0.5" pY="1"/>
    <sprite n="08_FX/MolotovCocktailFX/MolotovCocktailFX2" x="6435" y="65" w="70" h="70" pX="0.5" pY="1"/>
    <sprite n="08_FX/MolotovCocktailFX/MolotovCocktailFX3" x="3100" y="140" w="80" h="80" pX="0.5" pY="1"/>
    <sprite n="08_FX/MolotovCocktailFX/MolotovCocktailFX4" x="6505" y="65" w="85" h="70" pX="0.5" pY="1"/>
    <sprite n="08_FX/MolotovCocktailFX/MolotovCocktailFX5" x="4880" y="65" w="90" h="65" pX="0.5" pY="1"/>
    <sprite n="08_FX/MolotovCocktailFX/MolotovCocktailFX6" x="4970" y="65" w="80" h="65" pX="0.5" pY="1"/>
    <sprite n="08_FX/MolotovCocktailFX/MolotovCocktailFX7" x="135" y="65" w="80" h="45" pX="0.5" pY="1"/>
    <sprite n="08_FX/MolotovCocktailFX/MolotovCocktailFX8" x="4660" y="20" w="60" h="30" pX="0.5" pY="1"/>
    <sprite n="08_FX/MolotovCocktailFX/MolotovCocktailFX9" x="6121" y="0" w="40" h="15" pX="0.5" pY="1"/>
    <sprite n="08_FX/MondriaBackFX/MondriaBackFX0" x="685" y="240" w="15" h="105" pX="0.5" pY="1"/>
    <sprite n="08_FX/MondriaBackFX/MondriaBackFX1" x="6575" y="140" w="15" h="95" pX="0.5" pY="1"/>
    <sprite n="08_FX/MondriaBackFX/MondriaBackFX2" x="4335" y="140" w="5" h="85" pX="0.5" pY="1"/>
    <sprite n="08_FX/MondriaBackFX/MondriaBackFX3" x="850" y="140" w="5" h="75" pX="0.5" pY="1"/>
    <sprite n="08_FX/MondriaBackFX/MondriaBackFX4" x="6161" y="0" w="5" h="15" pX="0.5" pY="1"/>
    <sprite n="08_FX/MouthSlashFX/MouthSlash00" x="3545" y="5640" w="25" h="1445" pX="0.5" pY="1"/>
    <sprite n="08_FX/MouthSlashFX/MouthSlash01" x="3570" y="5640" w="265" h="1460" pX="0.5" pY="1"/>
    <sprite n="08_FX/MouthSlashFX/MouthSlash02" x="3835" y="5640" w="270" h="1460" pX="0.5" pY="1"/>
    <sprite n="08_FX/MouthSlashFX/MouthSlash03" x="4675" y="5640" w="280" h="1465" pX="0.5" pY="1"/>
    <sprite n="08_FX/MouthSlashFX/MouthSlash04" x="6285" y="5640" w="280" h="1485" pX="0.5" pY="1"/>
    <sprite n="08_FX/MouthSlashFX/MouthSlash05" x="6565" y="5640" w="235" h="1485" pX="0.5" pY="1"/>
    <sprite n="08_FX/MouthSlashFX/MouthSlash06" x="7245" y="5640" w="175" h="1505" pX="0.5" pY="1"/>
    <sprite n="08_FX/MouthSlashFX/MouthSlash07" x="7070" y="5640" w="175" h="1495" pX="0.5" pY="1"/>
    <sprite n="08_FX/MouthSlashFX/MouthSlash08" x="5515" y="5640" w="175" h="1475" pX="0.5" pY="1"/>
    <sprite n="08_FX/MouthSlashFX/MouthSlash09" x="4105" y="5640" w="35" h="1460" pX="0.5" pY="1"/>
    <sprite n="08_FX/MouthSlashFX/MouthSlash10" x="3520" y="5640" w="15" h="1435" pX="0.5" pY="1"/>
    <sprite n="08_FX/MouthSlashFX/MouthSlash11" x="3535" y="5640" w="5" h="1440" pX="0.5" pY="1"/>
    <sprite n="08_FX/MouthSlashFX/MouthSlash12" x="3500" y="5640" w="5" h="1420" pX="0.5" pY="1"/>
    <sprite n="08_FX/MouthSlashFX/MouthSlash13" x="3505" y="5640" w="5" h="1420" pX="0.5" pY="1"/>
    <sprite n="08_FX/MouthSlashFX/MouthSlash14" x="1285" y="4765" w="5" h="685" pX="0.5" pY="1"/>
    <sprite n="08_FX/MouthSwingFX/MouthSwingFX0" x="5425" y="1860" w="400" h="320" pX="0.5" pY="1"/>
    <sprite n="08_FX/MouthSwingFX/MouthSwingFX1" x="610" y="1860" w="395" h="305" pX="0.5" pY="1"/>
    <sprite n="08_FX/MouthSwingFX/MouthSwingFX2" x="1005" y="1860" w="390" h="305" pX="0.5" pY="1"/>
    <sprite n="08_FX/MouthSwingFX/MouthSwingFX3" x="1395" y="1860" w="390" h="305" pX="0.5" pY="1"/>
    <sprite n="08_FX/MouthSwingFX/MouthSwingFX4" x="1785" y="1860" w="360" h="305" pX="0.5" pY="1"/>
    <sprite n="08_FX/MouthSwingFX/MouthSwingFX5" x="6795" y="1560" w="255" h="295" pX="0.5" pY="1"/>
    <sprite n="08_FX/MouthSwingFX/MouthSwingFX6" x="6905" y="510" w="170" h="155" pX="0.5" pY="1"/>
    <sprite n="08_FX/NiddleSlashFX/NiddleSlashFX0" x="215" y="65" w="45" h="45" pX="0.5" pY="1"/>
    <sprite n="08_FX/NiddleSlashFX/NiddleSlashFX1" x="2290" y="240" w="115" h="115" pX="0.5" pY="1"/>
    <sprite n="08_FX/NiddleSlashFX/NiddleSlashFX2" x="5255" y="370" w="135" h="135" pX="0.5" pY="1"/>
    <sprite n="08_FX/NiddleSlashFX/NiddleSlashFX3" x="1995" y="510" w="145" h="145" pX="0.5" pY="1"/>
    <sprite n="08_FX/NiddleSlashFX/NiddleSlashFX4" x="7075" y="510" w="155" h="155" pX="0.5" pY="1"/>
    <sprite n="08_FX/PaintSwing/PaintSwing0" x="530" y="370" w="200" h="130" pX="0.5" pY="1"/>
    <sprite n="08_FX/PaintSwing/PaintSwing1" x="6590" y="140" w="190" h="95" pX="0.5" pY="1"/>
    <sprite n="08_FX/PaintSwing/PaintSwing2" x="260" y="65" w="150" h="45" pX="0.5" pY="1"/>
    <sprite n="08_FX/PaintSwing/PaintSwing3" x="4911" y="0" w="60" h="10" pX="0.5" pY="1"/>
    <sprite n="08_FX/PickaxeDashFX/PickaxeDashFX00" x="7430" y="1860" w="185" h="360" pX="0.5" pY="1"/>
    <sprite n="08_FX/PickaxeDashFX/PickaxeDashFX01" x="105" y="2240" w="185" h="380" pX="0.5" pY="1"/>
    <sprite n="08_FX/PickaxeDashFX/PickaxeDashFX02" x="825" y="2240" w="175" h="390" pX="0.5" pY="1"/>
    <sprite n="08_FX/PickaxeDashFX/PickaxeDashFX03" x="290" y="2240" w="185" h="380" pX="0.5" pY="1"/>
    <sprite n="08_FX/PickaxeDashFX/PickaxeDashFX04" x="475" y="2240" w="185" h="385" pX="0.5" pY="1"/>
    <sprite n="08_FX/PickaxeDashFX/PickaxeDashFX05" x="1000" y="2240" w="185" h="390" pX="0.5" pY="1"/>
    <sprite n="08_FX/PickaxeDashFX/PickaxeDashFX06" x="7080" y="1860" w="185" h="355" pX="0.5" pY="1"/>
    <sprite n="08_FX/PickaxeDashFX/PickaxeDashFX07" x="7050" y="1560" w="95" h="295" pX="0.5" pY="1"/>
    <sprite n="08_FX/PoisonFX/PoisonFX0" x="6715" y="20" w="45" h="40" pX="0.5" pY="1"/>
    <sprite n="08_FX/PoisonFX/PoisonFX1" x="6760" y="20" w="50" h="40" pX="0.5" pY="1"/>
    <sprite n="08_FX/PoisonFX/PoisonFX2" x="6810" y="20" w="40" h="40" pX="0.5" pY="1"/>
    <sprite n="08_FX/PoisonFX/PoisonFX3" x="410" y="65" w="35" h="45" pX="0.5" pY="1"/>
    <sprite n="08_FX/PowerKatanaSwingFX/PowerKatanaSwingFX0" x="7145" y="1560" w="400" h="300" pX="0.5" pY="1"/>
    <sprite n="08_FX/PowerKatanaSwingFX/PowerKatanaSwingFX1" x="2145" y="1860" w="405" h="310" pX="0.5" pY="1"/>
    <sprite n="08_FX/PowerKatanaSwingFX/PowerKatanaSwingFX2" x="7545" y="1560" w="400" h="300" pX="0.5" pY="1"/>
    <sprite n="08_FX/PowerKatanaSwingFX/PowerKatanaSwingFX3" x="6950" y="850" w="380" h="200" pX="0.5" pY="1"/>
    <sprite n="08_FX/PowerKatanaSwingFX/PowerKatanaSwingFX4" x="2140" y="510" w="350" h="145" pX="0.5" pY="1"/>
    <sprite n="08_FX/PowerKatanaSwingFX/PowerKatanaSwingFX5" x="5000" y="240" w="350" h="125" pX="0.5" pY="1"/>
    <sprite n="08_FX/PowerKatanaSwingFX/PowerKatanaSwingFX6" x="3375" y="240" w="345" h="120" pX="0.5" pY="1"/>
    <sprite n="08_FX/PowerKatanaSwingFX/PowerKatanaSwingFX7" x="6590" y="65" w="225" h="70" pX="0.5" pY="1"/>
    <sprite n="08_FX/PowerKatanaSwingFX/PowerKatanaSwingFX8" x="521" y="0" w="5" h="5" pX="0.5" pY="1"/>
    <sprite n="08_FX/QuarterStaffBulletFX/QuarterStaffBulletFX0" x="1675" y="850" w="185" h="185" pX="0.5" pY="1"/>
    <sprite n="08_FX/QuarterStaffBulletFX/QuarterStaffBulletFX1" x="5745" y="670" w="175" h="175" pX="0.5" pY="1"/>
    <sprite n="08_FX/QuarterStaffBulletFX/QuarterStaffBulletFX2" x="7230" y="510" w="155" h="155" pX="0.5" pY="1"/>
    <sprite n="08_FX/QuarterStaffBulletFX/QuarterStaffBulletFX3" x="2490" y="510" w="145" h="145" pX="0.5" pY="1"/>
    <sprite n="08_FX/QuarterStaffBulletFX/QuarterStaffBulletFX4" x="5390" y="370" w="135" h="135" pX="0.5" pY="1"/>
    <sprite n="08_FX/QuarterStaffFX/QuarterStaffBullet0" x="5920" y="670" w="175" h="175" pX="0.5" pY="1"/>
    <sprite n="08_FX/QuarterStaffFX/QuarterStaffBullet1" x="2770" y="670" w="175" h="165" pX="0.5" pY="1"/>
    <sprite n="08_FX/QuarterStaffFX/QuarterStaffBullet2" x="2635" y="510" w="175" h="145" pX="0.5" pY="1"/>
    <sprite n="08_FX/QuarterStaffFX/QuarterStaffBullet3" x="2945" y="670" w="175" h="165" pX="0.5" pY="1"/>
    <sprite n="08_FX/QuarterStaffFX/QuarterStaffBullet4" x="6095" y="670" w="175" h="175" pX="0.5" pY="1"/>
    <sprite n="08_FX/QuarterStaffFX/QuarterStaffBullet5" x="6270" y="670" w="165" h="175" pX="0.5" pY="1"/>
    <sprite n="08_FX/QuarterStaffFX/QuarterStaffBullet6" x="6435" y="670" w="145" h="175" pX="0.5" pY="1"/>
    <sprite n="08_FX/QuarterStaffFX/QuarterStaffBullet7" x="6580" y="670" w="165" h="175" pX="0.5" pY="1"/>
    <sprite n="08_FX/RedMagicCircleFx/RedMagicCircleFx00" x="5050" y="65" w="65" h="65" pX="0.5" pY="1"/>
    <sprite n="08_FX/RedMagicCircleFx/RedMagicCircleFx01" x="7385" y="510" w="155" h="155" pX="0.5" pY="1"/>
    <sprite n="08_FX/RedMagicCircleFx/RedMagicCircleFx02" x="2810" y="510" w="145" h="145" pX="0.5" pY="1"/>
    <sprite n="08_FX/RedMagicCircleFx/RedMagicCircleFx03" x="5525" y="370" w="135" h="135" pX="0.5" pY="1"/>
    <sprite n="08_FX/RedMagicCircleFx/RedMagicCircleFx04" x="5660" y="370" w="135" h="135" pX="0.5" pY="1"/>
    <sprite n="08_FX/RedMagicCircleFx/RedMagicCircleFx05" x="5795" y="370" w="135" h="135" pX="0.5" pY="1"/>
    <sprite n="08_FX/RedMagicCircleFx/RedMagicCircleFx06" x="5930" y="370" w="135" h="135" pX="0.5" pY="1"/>
    <sprite n="08_FX/RedMagicCircleFx/RedMagicCircleFx07" x="6065" y="370" w="135" h="135" pX="0.5" pY="1"/>
    <sprite n="08_FX/RedMagicCircleFx/RedMagicCircleFx08" x="6200" y="370" w="135" h="135" pX="0.5" pY="1"/>
    <sprite n="08_FX/RedMagicCircleFx/RedMagicCircleFx09" x="6335" y="370" w="135" h="135" pX="0.5" pY="1"/>
    <sprite n="08_FX/RedMagicCircleFx/RedMagicCircleFx10" x="6470" y="370" w="130" h="135" pX="0.5" pY="1"/>
    <sprite n="08_FX/RedMagicCircleFx/RedMagicCircleFx11" x="2405" y="240" w="90" h="115" pX="0.5" pY="1"/>
    <sprite n="08_FX/RedMagicCircleFx/RedMagicCircleFx12" x="2845" y="20" w="55" h="25" pX="0.5" pY="1"/>
    <sprite n="08_FX/RedMagicCircleFx/RedMagicCircleFx13" x="966" y="0" w="20" h="5" pX="0.5" pY="1"/>
    <sprite n="08_FX/RedMagicCircleFx/RedMagicCircleFx14" x="931" y="0" w="5" h="5" pX="0.5" pY="1"/>
    <sprite n="08_FX/RedPickaxeSwing/RedPickaxeSwing00" x="5320" y="1300" w="50" h="250" pX="0.5" pY="1"/>
    <sprite n="08_FX/RedPickaxeSwing/RedPickaxeSwing01" x="460" y="1560" w="55" h="260" pX="0.5" pY="1"/>
    <sprite n="08_FX/RedPickaxeSwing/RedPickaxeSwing02" x="515" y="1560" w="65" h="260" pX="0.5" pY="1"/>
    <sprite n="08_FX/RedPickaxeSwing/RedPickaxeSwing03" x="5845" y="1300" w="70" h="250" pX="0.5" pY="1"/>
    <sprite n="08_FX/RedPickaxeSwing/RedPickaxeSwing04" x="6815" y="1060" w="80" h="235" pX="0.5" pY="1"/>
    <sprite n="08_FX/RedPickaxeSwing/RedPickaxeSwing05" x="1635" y="1300" w="85" h="240" pX="0.5" pY="1"/>
    <sprite n="08_FX/RedPickaxeSwing/RedPickaxeSwing06" x="1720" y="1300" w="95" h="240" pX="0.5" pY="1"/>
    <sprite n="08_FX/RedPickaxeSwing/RedPickaxeSwing07" x="6895" y="1060" w="100" h="235" pX="0.5" pY="1"/>
    <sprite n="08_FX/RedPickaxeSwing/RedPickaxeSwing08" x="6995" y="1060" w="110" h="235" pX="0.5" pY="1"/>
    <sprite n="08_FX/RedPickaxeSwing/RedPickaxeSwing09" x="7330" y="850" w="110" h="200" pX="0.5" pY="1"/>
    <sprite n="08_FX/RedPickaxeSwing/RedPickaxeSwing10" x="6745" y="670" w="90" h="175" pX="0.5" pY="1"/>
    <sprite n="08_FX/RedPickaxeSwing/RedPickaxeSwing11" x="4340" y="140" w="50" h="85" pX="0.5" pY="1"/>
    <sprite n="08_FX/ReloadFX/ReloadFX0" x="2900" y="20" w="95" h="25" pX="0.5" pY="1"/>
    <sprite n="08_FX/ReloadFX/ReloadFX1" x="5750" y="20" w="115" h="35" pX="0.5" pY="1"/>
    <sprite n="08_FX/ReloadFX/ReloadFX2" x="445" y="65" w="135" h="45" pX="0.5" pY="1"/>
    <sprite n="08_FX/ReloadFX/ReloadFX3" x="986" y="0" w="135" h="5" pX="0.5" pY="1"/>
    <sprite n="08_FX/RoyalGuardShieldFX/RoyalGuardShieldFX0" x="700" y="240" w="75" h="105" pX="0.5" pY="1"/>
    <sprite n="08_FX/RoyalGuardShieldFX/RoyalGuardShieldFX1" x="775" y="240" w="75" h="105" pX="0.5" pY="1"/>
    <sprite n="08_FX/RoyalGuardShieldFX/RoyalGuardShieldFX2" x="6780" y="140" w="65" h="95" pX="0.5" pY="1"/>
    <sprite n="08_FX/RoyalGuardShieldFX/RoyalGuardShieldFX3" x="4390" y="140" w="55" h="85" pX="0.5" pY="1"/>
    <sprite n="08_FX/RoyalGuardShieldFX/RoyalGuardShieldFX4" x="4445" y="140" w="55" h="85" pX="0.5" pY="1"/>
    <sprite n="08_FX/RoyalGuardShieldFX/RoyalGuardShieldFX5" x="4500" y="140" w="55" h="85" pX="0.5" pY="1"/>
    <sprite n="08_FX/SaberSwingNewFX/SaberSwingFX00" x="4540" y="1560" w="335" h="290" pX="0.5" pY="1"/>
    <sprite n="08_FX/SaberSwingNewFX/SaberSwingNewFX00" x="4875" y="1560" w="335" h="290" pX="0.5" pY="1"/>
    <sprite n="08_FX/SaberSwingNewFX/SaberSwingNewFX01" x="3905" y="1560" w="325" h="285" pX="0.5" pY="1"/>
    <sprite n="08_FX/SaberSwingNewFX/SaberSwingNewFX02" x="4230" y="1560" w="310" h="285" pX="0.5" pY="1"/>
    <sprite n="08_FX/SaberSwingNewFX/SaberSwingNewFX03" x="3325" y="1560" w="280" h="280" pX="0.5" pY="1"/>
    <sprite n="08_FX/SaberSwingNewFX/SaberSwingNewFX04" x="6615" y="1300" w="195" h="255" pX="0.5" pY="1"/>
    <sprite n="08_FX/SaberSwingNewFX/SaberSwingNewFX05" x="7440" y="850" w="175" h="200" pX="0.5" pY="1"/>
    <sprite n="08_FX/SecondStabFX/SecondStabFX0" x="6845" y="140" w="25" h="95" pX="0.5" pY="1"/>
    <sprite n="08_FX/SecondStabFX/SecondStabFX1" x="4555" y="140" w="20" h="85" pX="0.5" pY="1"/>
    <sprite n="08_FX/SecondStabFX/SecondStabFX2" x="6815" y="65" w="15" h="70" pX="0.5" pY="1"/>
    <sprite n="08_FX/SecondStabFX/SecondStabFX3" x="580" y="65" w="10" h="45" pX="0.5" pY="1"/>
    <sprite n="08_FX/ShotFx/ShotFx000" x="2160" y="65" w="55" h="55" pX="0.5" pY="1"/>
    <sprite n="08_FX/ShotFx/ShotFx001" x="5115" y="65" w="65" h="65" pX="0.5" pY="1"/>
    <sprite n="08_FX/ShotFx/ShotFx002" x="6830" y="65" w="75" h="70" pX="0.5" pY="1"/>
    <sprite n="08_FX/ShoutFX/ShoutFX00" x="7190" y="2240" w="535" h="550" pX="0.5" pY="1"/>
    <sprite n="08_FX/ShoutFX/ShoutFX00_0" x="0" y="3420" w="1095" h="635" pX="0.5" pY="1"/>
    <sprite n="08_FX/ShoutFX/ShoutFX01" x="3650" y="3420" w="650" h="660" pX="0.5" pY="1"/>
    <sprite n="08_FX/ShoutFX/ShoutFX01_0" x="6725" y="3420" w="1200" h="670" pX="0.5" pY="1"/>
    <sprite n="08_FX/ShoutFX/ShoutFX02" x="3755" y="4090" w="670" h="675" pX="0.5" pY="1"/>
    <sprite n="08_FX/ShoutFX/ShoutFX02_0" x="4425" y="4090" w="1265" h="675" pX="0.5" pY="1"/>
    <sprite n="08_FX/ShoutFX/ShoutFX03" x="5690" y="4090" w="1280" h="675" pX="0.5" pY="1"/>
    <sprite n="08_FX/ShoutFX/ShoutFX04" x="0" y="4765" w="1285" h="675" pX="0.5" pY="1"/>
    <sprite n="08_FX/ShoutFX/ShoutFX05" x="0" y="4090" w="1290" h="670" pX="0.5" pY="1"/>
    <sprite n="08_FX/ShoutFX/ShoutFX06" x="1290" y="4090" w="1285" h="670" pX="0.5" pY="1"/>
    <sprite n="08_FX/ShoutFX/ShoutFX07" x="2575" y="4090" w="1135" h="670" pX="0.5" pY="1"/>
    <sprite n="08_FX/ShoutFX/ShoutFX08" x="1121" y="0" w="100" h="5" pX="0.5" pY="1"/>
    <sprite n="08_FX/ShurikenFX/ShurikenFX0" x="855" y="140" w="75" h="75" pX="0.5" pY="1"/>
    <sprite n="08_FX/ShurikenFX/ShurikenFX1" x="1640" y="240" w="80" h="110" pX="0.5" pY="1"/>
    <sprite n="08_FX/ShurikenFX/ShurikenFX2" x="3720" y="240" w="90" h="120" pX="0.5" pY="1"/>
    <sprite n="08_FX/ShurikenFX/ShurikenFX3" x="2955" y="510" w="105" h="145" pX="0.5" pY="1"/>
    <sprite n="08_FX/ShurikenFX/ShurikenFX4" x="135" y="510" w="85" h="140" pX="0.5" pY="1"/>
    <sprite n="08_FX/ShurikenFX/ShurikenFX5" x="3060" y="510" w="95" h="145" pX="0.5" pY="1"/>
    <sprite n="08_FX/SkelBossWeaponFX/SkellBossWeaponLaserBody0" x="1210" y="670" w="145" h="160" pX="0.5" pY="1"/>
    <sprite n="08_FX/SkelBossWeaponFX/SkellBossWeaponLaserBody1" x="1355" y="670" w="140" h="160" pX="0.5" pY="1"/>
    <sprite n="08_FX/SkelBossWeaponFX/SkellBossWeaponLaserBody2" x="1495" y="670" w="140" h="160" pX="0.5" pY="1"/>
    <sprite n="08_FX/SkelBossWeaponFX/SkellBossWeaponLaserBody3" x="1635" y="670" w="110" h="160" pX="0.5" pY="1"/>
    <sprite n="08_FX/SkelBossWeaponFX/SkellBossWeaponLaserBody4" x="1745" y="670" w="55" h="160" pX="0.5" pY="1"/>
    <sprite n="08_FX/SkelBossWeaponFX/SkellBossWeaponLaserBody5" x="1800" y="670" w="60" h="160" pX="0.5" pY="1"/>
    <sprite n="08_FX/SkelBossWeaponFX/SkellBossWeaponLaserHead0" x="5350" y="240" w="135" h="125" pX="0.5" pY="1"/>
    <sprite n="08_FX/SkelBossWeaponFX/SkellBossWeaponLaserHead1" x="5485" y="240" w="125" h="125" pX="0.5" pY="1"/>
    <sprite n="08_FX/SkelBossWeaponFX/SkellBossWeaponLaserHead2" x="5610" y="240" w="125" h="125" pX="0.5" pY="1"/>
    <sprite n="08_FX/SkelBossWeaponFX/SkellBossWeaponLaserHead3" x="5735" y="240" w="100" h="125" pX="0.5" pY="1"/>
    <sprite n="08_FX/SkelBossWeaponFX/SkellBossWeaponLaserHead4" x="5835" y="240" w="45" h="125" pX="0.5" pY="1"/>
    <sprite n="08_FX/SkelBossWeaponFX/SkellBossWeaponLaserHead5" x="2495" y="240" w="50" h="115" pX="0.5" pY="1"/>
    <sprite n="08_FX/SkelBossWeaponFX/SkellBossWeaponLaserHead6" x="75" y="240" w="60" h="100" pX="0.5" pY="1"/>
    <sprite n="08_FX/SlashFX/SlashFX0" x="2995" y="20" w="70" h="25" pX="0.5" pY="1"/>
    <sprite n="08_FX/SlashFX/SlashFX1" x="2580" y="20" w="170" h="25" pX="0.5" pY="1"/>
    <sprite n="08_FX/SlashFX/SlashFX2" x="6166" y="0" w="190" h="15" pX="0.5" pY="1"/>
    <sprite n="08_FX/SlashFX/SlashFX3" x="1221" y="0" w="210" h="5" pX="0.5" pY="1"/>
    <sprite n="08_FX/SmallHitFX/SmallHitFX0" x="6850" y="20" w="45" h="40" pX="0.5" pY="1"/>
    <sprite n="08_FX/SmallHitFX/SmallHitFX1" x="850" y="240" w="75" h="105" pX="0.5" pY="1"/>
    <sprite n="08_FX/SmallHitFX/SmallHitFX2" x="2545" y="240" w="95" h="115" pX="0.5" pY="1"/>
    <sprite n="08_FX/SmallHitFX/SmallHitFX3" x="3810" y="240" w="100" h="120" pX="0.5" pY="1"/>
    <sprite n="08_FX/SmallHitFX/SmallHitFX4" x="3910" y="240" w="55" h="120" pX="0.5" pY="1"/>
    <sprite n="08_FX/SmallHitFX/SmallHitFX5" x="2215" y="65" w="25" h="55" pX="0.5" pY="1"/>
    <sprite n="08_FX/SpearShootFXBack/SpearShootFXBack00" x="6870" y="140" w="95" h="95" pX="0.5" pY="1"/>
    <sprite n="08_FX/SpearShootFXBack/SpearShootFXBack01" x="6356" y="0" w="185" h="15" pX="0.5" pY="1"/>
    <sprite n="08_FX/SpearShootFXBack/SpearShootFXBack02" x="365" y="20" w="135" h="20" pX="0.5" pY="1"/>
    <sprite n="08_FX/SpearShootFXBack/SpearShootFXBack03" x="500" y="20" w="150" h="20" pX="0.5" pY="1"/>
    <sprite n="08_FX/SpearShootFXBack/SpearShootFXBack04" x="650" y="20" w="150" h="20" pX="0.5" pY="1"/>
    <sprite n="08_FX/SpearShootFXBack/SpearShootFXBack05" x="800" y="20" w="145" h="20" pX="0.5" pY="1"/>
    <sprite n="08_FX/SpearShootFXBack/SpearShootFXBack06" x="3065" y="20" w="155" h="25" pX="0.5" pY="1"/>
    <sprite n="08_FX/SpearShootFXBack/SpearShootFXBack07" x="4720" y="20" w="140" h="30" pX="0.5" pY="1"/>
    <sprite n="08_FX/SpearShootFXBack/SpearShootFXBack08" x="945" y="20" w="60" h="20" pX="0.5" pY="1"/>
    <sprite n="08_FX/SpearShootFXFront/SpearShootFXFront00" x="6870" y="140" w="95" h="95" pX="0.5" pY="1"/>
    <sprite n="08_FX/SpearShootFXFront/SpearShootFXFront01" x="5880" y="240" w="175" h="125" pX="0.5" pY="1"/>
    <sprite n="08_FX/SpearShootFXFront/SpearShootFXFront02" x="6055" y="240" w="165" h="125" pX="0.5" pY="1"/>
    <sprite n="08_FX/SpearShootFXFront/SpearShootFXFront03" x="3965" y="240" w="165" h="120" pX="0.5" pY="1"/>
    <sprite n="08_FX/SpearShootFXFront/SpearShootFXFront04" x="4130" y="240" w="150" h="120" pX="0.5" pY="1"/>
    <sprite n="08_FX/SpearShootFXFront/SpearShootFXFront05" x="1005" y="20" w="150" h="20" pX="0.5" pY="1"/>
    <sprite n="08_FX/SpearShootFXFront/SpearShootFXFront06" x="1155" y="20" w="155" h="20" pX="0.5" pY="1"/>
    <sprite n="08_FX/SpearShootFXFront/SpearShootFXFront07" x="4860" y="20" w="150" h="30" pX="0.5" pY="1"/>
    <sprite n="08_FX/SpearShootFXFront/SpearShootFXFront08" x="1310" y="20" w="100" h="20" pX="0.5" pY="1"/>
    <sprite n="08_FX/SpikeBallFX/SpikeBallFX0" x="5415" y="510" w="150" h="150" pX="0.5" pY="1"/>
    <sprite n="08_FX/SpikeBallFX/SpikeBallFX1" x="240" y="850" w="180" h="180" pX="0.5" pY="1"/>
    <sprite n="08_FX/SpikeBallFX/SpikeBallFX2" x="3950" y="850" w="190" h="190" pX="0.5" pY="1"/>
    <sprite n="08_FX/SpikeBallFX/SpikeBallFX3" x="1860" y="850" w="200" h="185" pX="0.5" pY="1"/>
    <sprite n="08_FX/SpikeBallFX/SpikeBallFX4" x="4140" y="850" w="210" h="190" pX="0.5" pY="1"/>
    <sprite n="08_FX/SpikeBallFX/SpikeBallFX5" x="4350" y="850" w="205" h="190" pX="0.5" pY="1"/>
    <sprite n="08_FX/SpikeBallFX/SpikeBallFX6" x="2060" y="850" w="205" h="185" pX="0.5" pY="1"/>
    <sprite n="08_FX/SpreadShotFX/SpreadShotFX00" x="4575" y="140" w="85" h="85" pX="0.5" pY="1"/>
    <sprite n="08_FX/SpreadShotFX/SpreadShotFX01" x="925" y="240" w="95" h="105" pX="0.5" pY="1"/>
    <sprite n="08_FX/SpreadShotFX/SpreadShotFX02" x="1720" y="240" w="105" h="110" pX="0.5" pY="1"/>
    <sprite n="08_FX/SpreadShotFX/SpreadShotFX03" x="1825" y="240" w="105" h="110" pX="0.5" pY="1"/>
    <sprite n="08_FX/SpreadShotFX/SpreadShotFX04" x="4280" y="240" w="105" h="120" pX="0.5" pY="1"/>
    <sprite n="08_FX/SpreadShotFX/SpreadShotFX05" x="4385" y="240" w="105" h="120" pX="0.5" pY="1"/>
    <sprite n="08_FX/StabFX/StabFX0" x="1860" y="670" w="95" h="160" pX="0.5" pY="1"/>
    <sprite n="08_FX/StabFX/StabFX1" x="6220" y="240" w="85" h="125" pX="0.5" pY="1"/>
    <sprite n="08_FX/StabFX/StabFX2" x="135" y="240" w="75" h="100" pX="0.5" pY="1"/>
    <sprite n="08_FX/StabFX/StabFX3" x="930" y="140" w="55" h="75" pX="0.5" pY="1"/>
    <sprite n="08_FX/StarBulletFX/StarBulletFX1" x="5020" y="670" w="170" h="170" pX="0.5" pY="1"/>
    <sprite n="08_FX/StarBulletFX/StarBulletFX2" x="6305" y="240" w="130" h="125" pX="0.5" pY="1"/>
    <sprite n="08_FX/StarBulletFX/StarBulletFX3" x="220" y="510" w="140" h="140" pX="0.5" pY="1"/>
    <sprite n="08_FX/StarBulletFX/StarBulletFX4" x="5565" y="510" w="150" h="150" pX="0.5" pY="1"/>
    <sprite n="08_FX/StarBulletFX/StarBulletFX5" x="1955" y="670" w="160" h="160" pX="0.5" pY="1"/>
    <sprite n="08_FX/StarBulletFX/StarBulletFX6" x="5190" y="670" w="170" h="170" pX="0.5" pY="1"/>
    <sprite n="08_FX/StarBulletFX/StarBulletFX7" x="6835" y="670" w="180" h="175" pX="0.5" pY="1"/>
    <sprite n="08_FX/StingerFX/StingerFX00" x="1431" y="0" w="5" h="5" pX="0.5" pY="1"/>
    <sprite n="08_FX/StingerFX/StingerFX01" x="1436" y="0" w="15" h="5" pX="0.5" pY="1"/>
    <sprite n="08_FX/StingerFX/StingerFX02" x="6895" y="20" w="25" h="40" pX="0.5" pY="1"/>
    <sprite n="08_FX/StingerFX/StingerFX03" x="6920" y="20" w="35" h="40" pX="0.5" pY="1"/>
    <sprite n="08_FX/StingerFX/StingerFX04" x="210" y="240" w="55" h="100" pX="0.5" pY="1"/>
    <sprite n="08_FX/StingerFX/StingerFX05" x="6435" y="240" w="45" h="125" pX="0.5" pY="1"/>
    <sprite n="08_FX/StingerFX/StingerFX06" x="730" y="370" w="255" h="130" pX="0.5" pY="1"/>
    <sprite n="08_FX/StingerFX/StingerFX07" x="4140" y="5640" w="265" h="1460" pX="0.5" pY="1"/>
    <sprite n="08_FX/StingerFX/StingerFX08" x="4405" y="5640" w="270" h="1460" pX="0.5" pY="1"/>
    <sprite n="08_FX/StingerFX/StingerFX09" x="4955" y="5640" w="280" h="1465" pX="0.5" pY="1"/>
    <sprite n="08_FX/StingerFX/StingerFX10" x="5235" y="5640" w="280" h="1470" pX="0.5" pY="1"/>
    <sprite n="08_FX/StingerFX/StingerFX11" x="6800" y="5640" w="270" h="1485" pX="0.5" pY="1"/>
    <sprite n="08_FX/StingerFX/StingerFX12" x="5690" y="5640" w="275" h="1475" pX="0.5" pY="1"/>
    <sprite n="08_FX/StingerFX/StingerFX13" x="5965" y="5640" w="215" h="1475" pX="0.5" pY="1"/>
    <sprite n="08_FX/StingerFX/StingerFX14" x="6180" y="5640" w="55" h="1475" pX="0.5" pY="1"/>
    <sprite n="08_FX/StingerFX/StingerFX15" x="6235" y="5640" w="35" h="1475" pX="0.5" pY="1"/>
    <sprite n="08_FX/StingerFX/StingerFX16" x="6270" y="5640" w="15" h="1480" pX="0.5" pY="1"/>
    <sprite n="08_FX/StingerFX/StingerFX17" x="3540" y="5640" w="5" h="1440" pX="0.5" pY="1"/>
    <sprite n="08_FX/StingerFX/StingerFX18" x="3510" y="5640" w="5" h="1420" pX="0.5" pY="1"/>
    <sprite n="08_FX/StingerFX/StingerFX19" x="3515" y="5640" w="5" h="1420" pX="0.5" pY="1"/>
    <sprite n="08_FX/StingerFX/StingerFX20" x="1290" y="4765" w="5" h="685" pX="0.5" pY="1"/>
    <sprite n="08_FX/StunFX/StunFX0" x="5010" y="20" w="60" h="30" pX="0.5" pY="1"/>
    <sprite n="08_FX/StunFX/StunFX1" x="5865" y="20" w="30" h="35" pX="0.5" pY="1"/>
    <sprite n="08_FX/StunFX/StunFX2" x="3220" y="20" w="55" h="25" pX="0.5" pY="1"/>
    <sprite n="08_FX/StunFX/StunFX3" x="5070" y="20" w="60" h="30" pX="0.5" pY="1"/>
    <sprite n="08_FX/StunFX/StunFX4" x="5895" y="20" w="25" h="35" pX="0.5" pY="1"/>
    <sprite n="08_FX/StunFX/StunFX5" x="3275" y="20" w="65" h="25" pX="0.5" pY="1"/>
    <sprite n="08_FX/suddenstrikeFX/suddenstrikeFX0" x="6541" y="0" w="125" h="15" pX="0.5" pY="1"/>
    <sprite n="08_FX/suddenstrikeFX/suddenstrikeFX1" x="6666" y="0" w="355" h="15" pX="0.5" pY="1"/>
    <sprite n="08_FX/suddenstrikeFX/suddenstrikeFX2" x="3340" y="20" w="835" h="25" pX="0.5" pY="1"/>
    <sprite n="08_FX/suddenstrikeFX/suddenstrikeFX3" x="7021" y="0" w="815" h="15" pX="0.5" pY="1"/>
    <sprite n="08_FX/suddenstrikeFX/suddenstrikeFX4" x="1451" y="0" w="805" h="5" pX="0.5" pY="1"/>
    <sprite n="08_FX/suddenstrikeFX/suddenstrikeFX5" x="2256" y="0" w="805" h="5" pX="0.5" pY="1"/>
    <sprite n="08_FX/suddenstrikeFX/suddenstrikeFX6" x="3061" y="0" w="685" h="5" pX="0.5" pY="1"/>
    <sprite n="08_FX/suddenstrikeFX/suddenstrikeFX7" x="3746" y="0" w="680" h="5" pX="0.5" pY="1"/>
    <sprite n="08_FX/suddenstrikeFX/suddenstrikeFX8" x="4426" y="0" w="230" h="5" pX="0.5" pY="1"/>
    <sprite n="08_FX/SukllDemonMultiShotFX/SukllDemonMultiShotFX00" x="6480" y="240" w="125" h="125" pX="0.5" pY="1"/>
    <sprite n="08_FX/SukllDemonMultiShotFX/SukllDemonMultiShotFX01" x="7015" y="670" w="175" h="175" pX="0.5" pY="1"/>
    <sprite n="08_FX/SukllDemonMultiShotFX/SukllDemonMultiShotFX02" x="735" y="1060" w="215" h="215" pX="0.5" pY="1"/>
    <sprite n="08_FX/SukllDemonMultiShotFX/SukllDemonMultiShotFX03" x="2100" y="1060" w="230" h="225" pX="0.5" pY="1"/>
    <sprite n="08_FX/SukllDemonMultiShotFX/SukllDemonMultiShotFX04" x="2330" y="1060" w="230" h="225" pX="0.5" pY="1"/>
    <sprite n="08_FX/SukllDemonMultiShotFX/SukllDemonMultiShotFX05" x="2560" y="1060" w="230" h="225" pX="0.5" pY="1"/>
    <sprite n="08_FX/SukllDemonMultiShotFX/SukllDemonMultiShotFX06" x="2790" y="1060" w="230" h="225" pX="0.5" pY="1"/>
    <sprite n="08_FX/SukllDemonMultiShotFX/SukllDemonMultiShotFX07" x="3020" y="1060" w="230" h="225" pX="0.5" pY="1"/>
    <sprite n="08_FX/SukllDemonMultiShotFX/SukllDemonMultiShotFX08" x="4660" y="140" w="85" h="85" pX="0.5" pY="1"/>
    <sprite n="08_FX/SukllDemonMultiShotFX/SukllDemonMultiShotFX09" x="4745" y="140" w="85" h="85" pX="0.5" pY="1"/>
    <sprite n="08_FX/SukllDemonMultiShotFX/SukllDemonMultiShotFX10" x="4830" y="140" w="85" h="85" pX="0.5" pY="1"/>
    <sprite n="08_FX/SummonBallFX/SummonBallFX00" x="6965" y="140" w="95" h="95" pX="0.5" pY="1"/>
    <sprite n="08_FX/SummonBallFX/SummonBallFX01" x="985" y="140" w="75" h="75" pX="0.5" pY="1"/>
    <sprite n="08_FX/SummonBallFX/SummonBallFX02" x="1060" y="140" w="75" h="75" pX="0.5" pY="1"/>
    <sprite n="08_FX/SummonBallFX/SummonBallFX03" x="4915" y="140" w="85" h="85" pX="0.5" pY="1"/>
    <sprite n="08_FX/SummonBallFX/SummonBallFX04" x="7060" y="140" w="95" h="95" pX="0.5" pY="1"/>
    <sprite n="08_FX/SummonBallFX/SummonBallFX05" x="7155" y="140" w="95" h="95" pX="0.5" pY="1"/>
    <sprite n="08_FX/SummonBallFX/SummonBallFX06" x="7250" y="140" w="95" h="95" pX="0.5" pY="1"/>
    <sprite n="08_FX/SunLordBulletFX/SunLordBulletFX00" x="5920" y="20" w="35" h="35" pX="0.5" pY="1"/>
    <sprite n="08_FX/SunLordBulletFX/SunLordBulletFX01" x="1475" y="65" w="45" h="50" pX="0.5" pY="1"/>
    <sprite n="08_FX/SunLordBulletFX/SunLordBulletFX02" x="3525" y="65" w="55" h="60" pX="0.5" pY="1"/>
    <sprite n="08_FX/SunLordBulletFX/SunLordBulletFX03" x="3580" y="65" w="55" h="60" pX="0.5" pY="1"/>
    <sprite n="08_FX/SunLordBulletFX/SunLordBulletFX04" x="6955" y="20" w="40" h="40" pX="0.5" pY="1"/>
    <sprite n="08_FX/SunLordBulletFX/SunLordBulletFX05" x="1410" y="20" w="45" h="20" pX="0.5" pY="1"/>
    <sprite n="08_FX/SunLordBulletFX/SunLordBulletFX06" x="7836" y="0" w="45" h="15" pX="0.5" pY="1"/>
    <sprite n="08_FX/SunLordBulletFX/SunLordBulletFX07" x="4971" y="0" w="10" h="10" pX="0.5" pY="1"/>
    <sprite n="08_FX/SunLordBulletFX/SunLordBulletFX08" x="4981" y="0" w="10" h="10" pX="0.5" pY="1"/>
    <sprite n="08_FX/SwingFX/SwingFX00" x="360" y="510" w="200" h="140" pX="0.5" pY="1"/>
    <sprite n="08_FX/SwingFX/SwingFX01" x="6905" y="65" w="170" h="70" pX="0.5" pY="1.5"/>
    <sprite n="08_FX/SwingFX/SwingFX02" x="4175" y="20" w="120" h="25" pX="0.5" pY="3.3"/>
    <sprite n="08_FX/TaskShotFX/TaskShotFx0" x="2160" y="65" w="55" h="55" pX="0.5" pY="1"/>
    <sprite n="08_FX/TaskShotFX/TaskShotFx1" x="5180" y="65" w="65" h="65" pX="0.5" pY="1"/>
    <sprite n="08_FX/TaskShotFX/TaskShotFx2" x="7075" y="65" w="75" h="70" pX="0.5" pY="1"/>
    <sprite n="08_FX/ThirdStabFX/ThirdStabFX00" x="1020" y="240" w="105" h="105" pX="0.5" pY="1"/>
    <sprite n="08_FX/ThirdStabFX/ThirdStabFX01" x="1135" y="140" w="75" h="75" pX="0.5" pY="1"/>
    <sprite n="08_FX/ThirdStabFX/ThirdStabFX02" x="590" y="65" w="45" h="45" pX="0.5" pY="1"/>
    <sprite n="08_FX/ThirdStabFX/ThirdStabFX03" x="1455" y="20" w="20" h="20" pX="0.5" pY="1"/>
    <sprite n="08_FX/ThirdStabFX/ThirdStabFX04" x="931" y="0" w="5" h="5" pX="0.5" pY="1"/>
    <sprite n="08_FX/ThornBallPlanet/ThornBallPlanet00" x="5245" y="65" w="65" h="65" pX="0.5" pY="1"/>
    <sprite n="08_FX/ThornBallPlanet/ThornBallPlanet01" x="5310" y="65" w="75" h="65" pX="0.5" pY="1"/>
    <sprite n="08_FX/ThornBallPlanet/ThornBallPlanet02" x="5385" y="65" w="75" h="65" pX="0.5" pY="1"/>
    <sprite n="08_FX/ThornBallPlanet/ThornBallPlanet03" x="5460" y="65" w="65" h="65" pX="0.5" pY="1"/>
    <sprite n="08_FX/ThornBallPlanet/ThornBallPlanet04" x="1210" y="140" w="65" h="75" pX="0.5" pY="1"/>
    <sprite n="08_FX/ThornBallPlanet/ThornBallPlanet05" x="1275" y="140" w="65" h="75" pX="0.5" pY="1"/>
    <sprite n="08_FX/ThorSwingFX/ThorSwingFX00" x="985" y="370" w="180" h="130" pX="0.5" pY="1"/>
    <sprite n="08_FX/ThorSwingFX/ThorSwingFX01" x="1165" y="370" w="185" h="130" pX="0.5" pY="1"/>
    <sprite n="08_FX/ThorSwingFX/ThorSwingFX02" x="3155" y="510" w="170" h="145" pX="0.5" pY="1"/>
    <sprite n="08_FX/ThorSwingFX/ThorSwingFX03" x="1350" y="370" w="175" h="130" pX="0.5" pY="1"/>
    <sprite n="08_FX/ThorSwingFX/ThorSwingFX04" x="4295" y="20" w="75" h="25" pX="0.5" pY="1"/>
    <sprite n="08_FX/ThorSwingFX/ThorSwingFX05" x="1525" y="370" w="185" h="130" pX="0.5" pY="1"/>
    <sprite n="08_FX/ThorSwingFX/ThorSwingFX06" x="1710" y="370" w="190" h="130" pX="0.5" pY="1"/>
    <sprite n="08_FX/ThorSwingFX/ThorSwingFX07" x="6995" y="20" w="70" h="40" pX="0.5" pY="1"/>
    <sprite n="08_FX/ThorSwingFX/ThorSwingFX08" x="1900" y="370" w="180" h="130" pX="0.5" pY="1"/>
    <sprite n="08_FX/ThorSwingFX/ThorSwingFX09" x="4656" y="0" w="5" h="5" pX="0.5" pY="1"/>
    <sprite n="08_FX/ThorSwingFX/ThorSwingFX10" x="2080" y="370" w="180" h="130" pX="0.5" pY="1"/>
    <sprite n="08_FX/TonfaShockFX/TonfaShock0" x="5825" y="1860" w="320" h="320" pX="0.5" pY="1"/>
    <sprite n="08_FX/TonfaShockFX/TonfaShock1" x="6145" y="1860" w="320" h="320" pX="0.5" pY="1"/>
    <sprite n="08_FX/TonfaShockFX/TonfaShock2" x="6465" y="1860" w="320" h="320" pX="0.5" pY="1"/>
    <sprite n="08_FX/TonfaSwingFX/TonfaSwing00" x="950" y="1060" w="35" h="215" pX="0.5" pY="1"/>
    <sprite n="08_FX/TonfaSwingFX/TonfaSwing01" x="265" y="240" w="35" h="100" pX="0.5" pY="1"/>
    <sprite n="08_FX/TonfaSwingFX/TonfaSwing02" x="7065" y="20" w="25" h="40" pX="0.5" pY="1"/>
    <sprite n="08_FX/VoidKatanaSwingV2FX/VoidKatanaSwingV2FX0" x="1125" y="240" w="185" h="105" pX="0.5" pY="1"/>
    <sprite n="08_FX/VoidKatanaSwingV2FX/VoidKatanaSwingV2FX1" x="300" y="240" w="175" h="100" pX="0.5" pY="1"/>
    <sprite n="08_FX/VoidKatanaSwingV2FX/VoidKatanaSwingV2FX2" x="1310" y="240" w="185" h="105" pX="0.5" pY="1"/>
    <sprite n="08_FX/VoidKatanaSwingV2FX/VoidKatanaSwingV2FX3" x="5395" y="140" w="175" h="90" pX="0.5" pY="1"/>
    <sprite n="08_FX/VoidKatanaSwingV2FX/VoidKatanaSwingV2FX4" x="7150" y="65" w="135" h="70" pX="0.5" pY="1"/>
    <sprite n="08_FX/WatercourseFX/WatercourseFX0" x="5955" y="20" w="80" h="35" pX="0.5" pY="1"/>
    <sprite n="08_FX/WatercourseFX/WatercourseFX1" x="1520" y="65" w="60" h="50" pX="0.5" pY="1"/>
    <sprite n="08_FX/WatercourseFX/WatercourseFX2" x="1580" y="65" w="75" h="50" pX="0.5" pY="1"/>
    <sprite n="08_FX/WatercourseFX/WatercourseFX3" x="635" y="65" w="60" h="45" pX="0.5" pY="1"/>
    <sprite n="08_FX/WaveShock/WaveShock00" x="1930" y="240" w="125" h="110" pX="0.5" pY="1"/>
    <sprite n="08_FX/WaveShock/WaveShock01" x="5600" y="850" w="195" h="195" pX="0.5" pY="1"/>
    <sprite n="08_FX/WaveShock/WaveShock02" x="1815" y="1300" w="220" h="240" pX="0.5" pY="1"/>
    <sprite n="08_FX/WaveShock/WaveShock03" x="7105" y="1060" w="220" h="235" pX="0.5" pY="1"/>
    <sprite n="08_FX/WaveShock/WaveShock04" x="2035" y="1300" w="220" h="240" pX="0.5" pY="1"/>
    <sprite n="08_FX/WaveShock/WaveShock05" x="7325" y="1060" w="220" h="235" pX="0.5" pY="1"/>
    <sprite n="08_FX/WaveShock/WaveShock06" x="7545" y="1060" w="215" h="235" pX="0.5" pY="1"/>
    <sprite n="08_FX/WeakeningFX/WeakeningFX00" x="3635" y="65" w="85" h="60" pX="0.5" pY="1"/>
    <sprite n="08_FX/WeakeningFX/WeakeningFX01" x="2240" y="65" w="80" h="55" pX="0.5" pY="1"/>
    <sprite n="08_FX/WeakeningFX/WeakeningFX02" x="5130" y="20" w="80" h="30" pX="0.5" pY="1"/>
    <sprite n="08_FX/WeakeningFX/WeakeningFX03" x="6035" y="20" w="80" h="35" pX="0.5" pY="1"/>
    <sprite n="08_FX/WeakeningFX/WeakeningFX04" x="7090" y="20" w="70" h="40" pX="0.5" pY="1"/>
    <sprite n="08_FX/WeakeningFX/WeakeningFX05" x="7160" y="20" w="55" h="40" pX="0.5" pY="1"/>
    <sprite n="08_FX/WeakeningFX/WeakeningFX06" x="7285" y="65" w="60" h="70" pX="0.5" pY="1"/>
    <sprite n="08_FX/WeakeningFX/WeakeningFX07" x="7345" y="65" w="65" h="70" pX="0.5" pY="1"/>
    <sprite n="08_FX/WeakeningFX/WeakeningFX08" x="1340" y="140" w="75" h="75" pX="0.5" pY="1"/>
    <sprite n="08_FX/WeakeningFX/WeakeningFX09" x="1415" y="140" w="80" h="75" pX="0.5" pY="1"/>
    <sprite n="08_FX/WeakeningFX/WeakeningFX10" x="1495" y="140" w="85" h="75" pX="0.5" pY="1"/>
    <sprite n="08_FX/WeakeningFX/WeakeningFX11" x="7410" y="65" w="85" h="70" pX="0.5" pY="1"/>
    <sprite n="08_FX/ZweihanderSwingFX/ZweihanderSwingFX0" x="5210" y="1560" w="400" h="290" pX="0.5" pY="1"/>
    <sprite n="08_FX/ZweihanderSwingFX/ZweihanderSwingFX1" x="420" y="850" w="390" h="180" pX="0.5" pY="1"/>
    <sprite n="08_FX/ZweihanderSwingFX/ZweihanderSwingFX2" x="5570" y="140" w="330" h="90" pX="0.5" pY="1"/>
    <sprite n="08_FX/ZweihanderSwingFX/ZweihanderSwingFX3" x="1475" y="20" w="160" h="20" pX="0.5" pY="1"/>
</TextureAtlas>
