<?xml version="1.0" encoding="UTF-8"?>
<!-- Created with TexturePacker https://www.codeandweb.com/texturepacker -->
<!-- $TexturePacker:SmartUpdate:006f2ccbf0d566302ca0cfa8142e2890:ff450fddd2d82c4e2c7895d323f274c0:397cd9a25fbda2447927b2ce527aa6d2$ -->
<!--Format:
n  => name of the sprite
x  => sprite x pos in texture
y  => sprite y pos in texture
w  => sprite width (may be trimmed)
h  => sprite height (may be trimmed)
pX => x pos of the pivot point (relative to sprite width)
pY => y pos of the pivot point (relative to sprite height)
oX => sprite's x-corner offset (only available if trimmed)
oY => sprite's y-corner offset (only available if trimmed)
oW => sprite's original width (only available if trimmed)
oH => sprite's original height (only available if trimmed)
r => 'y' only set if sprite is rotated
with polygon mode enabled:
vertices   => points in sprite coordinate system (x0,y0,x1,y1,x2,y2, ...)
verticesUV => points in sheet coordinate system (x0,y0,x1,y1,x2,y2, ...)
triangles  => sprite triangulation, 3 vertex indices per triangle
-->
<TextureAtlas imagePath="Weapon_Rare.png" width="1068" height="1068">
    <sprite n="AK77" x="288" y="0" w="76" h="28" pX="0.5" pY="0.5"/>
    <sprite n="Alloine" x="900" y="640" w="20" h="132" pX="0.5" pY="0.5"/>
    <sprite n="Arzuna/Arrow_Laser" x="328" y="224" w="12" h="72" pX="0.5" pY="0.5"/>
    <sprite n="Arzuna/LaserBow0" x="608" y="308" w="64" h="100" pX="0.5" pY="0.5"/>
    <sprite n="Arzuna/LaserBow1" x="672" y="308" w="80" h="100" pX="0.5" pY="0.5"/>
    <sprite n="Arzuna/LaserBow2" x="752" y="308" w="104" h="100" pX="0.5" pY="0.5"/>
    <sprite n="BeheadingSword'Gai'/PowerKatana" x="960" y="640" w="44" h="136" pX="0.5" pY="0.5"/>
    <sprite n="BeheadingSword'Gai'/PowerKatanaHUD" x="364" y="0" w="104" h="28" pX="0.5" pY="0.5"/>
    <sprite n="Berdish" x="820" y="640" w="28" h="128" pX="0.5" pY="0.5"/>
    <sprite n="BloodbeadSword'Kurai'/DashKatana" x="920" y="640" w="40" h="132" pX="0.5" pY="0.5"/>
    <sprite n="BloodbeadSword'Kurai'/DashKatanaHUD" x="468" y="0" w="100" h="28" pX="0.5" pY="0.5"/>
    <sprite n="BombShooter" x="88" y="32" w="72" h="36" pX="0.5" pY="0.5"/>
    <sprite n="Camera/Camera" x="160" y="32" w="48" h="36" pX="0.5" pY="0.5"/>
    <sprite n="Camera/Camera0" x="344" y="308" w="120" h="96" pX="0.5" pY="0.5"/>
    <sprite n="Camera/Camera1" x="68" y="68" w="48" h="40" pX="0.5" pY="0.5"/>
    <sprite n="Camera/Camera2" x="208" y="32" w="48" h="36" pX="0.5" pY="0.5"/>
    <sprite n="Camera/Camera3" x="256" y="32" w="48" h="36" pX="0.5" pY="0.5"/>
    <sprite n="Camera/Camera4" x="160" y="32" w="48" h="36" pX="0.5" pY="0.5"/>
    <sprite n="Camera/Flash" x="116" y="68" w="44" h="40" pX="0.5" pY="0.5"/>
    <sprite n="CoinGun/Coin" x="568" y="0" w="28" h="28" pX="0.5" pY="0.5"/>
    <sprite n="CoinGun/CoinGun0" x="920" y="108" w="108" h="52" pX="0.5" pY="0.5"/>
    <sprite n="CoinGun/CoinGun1" x="0" y="160" w="108" h="52" pX="0.5" pY="0.5"/>
    <sprite n="DarksteelSword/PureElema" x="988" y="776" w="56" h="184" pX="0.5" pY="0.5"/>
    <sprite n="DeadlyKiss" x="0" y="108" w="116" h="44" pX="0.5" pY="0.5"/>
    <sprite n="DevilElectricGuitar/Bullet/DevilGuitarBullet0" x="820" y="224" w="64" h="80" pX="0.5" pY="0.5"/>
    <sprite n="DevilElectricGuitar/Bullet/DevilGuitarBullet1" x="236" y="160" w="44" h="56" pX="0.5" pY="0.5"/>
    <sprite n="DevilElectricGuitar/Bullet/DevilGuitarBullet2" x="948" y="224" w="64" h="84" pX="0.5" pY="0.5"/>
    <sprite n="DevilElectricGuitar/Bullet/DevilGuitarBullet3" x="136" y="224" w="44" h="68" pX="0.5" pY="0.5"/>
    <sprite n="DevilElectricGuitar/Bullet/DevilGuitarBullet4" x="280" y="160" w="44" h="56" pX="0.5" pY="0.5"/>
    <sprite n="DevilElectricGuitar/Bullet/DevilGuitarBullet5" x="884" y="224" w="64" h="80" pX="0.5" pY="0.5"/>
    <sprite n="DevilElectricGuitar/DevilElecGuitar" x="1024" y="408" w="40" h="116" pX="0.5" pY="0.5"/>
    <sprite n="DevilElectricGuitar/DevilElecGuitar0" x="1024" y="408" w="40" h="116" pX="0.5" pY="0.5"/>
    <sprite n="DevilElectricGuitar/DevilElecGuitar1" x="504" y="776" w="156" h="164" pX="0.5" pY="0.5"/>
    <sprite n="DevilElectricGuitar/DevilElecGuitar2" x="0" y="776" w="148" h="156" pX="0.5" pY="0.5"/>
    <sprite n="DevilElectricGuitar/DevilElecGuitar3" x="148" y="776" w="164" h="156" pX="0.5" pY="0.5"/>
    <sprite n="DevilElectricGuitar/DevilElecGuitar4" x="312" y="776" w="148" h="156" pX="0.5" pY="0.5"/>
    <sprite n="DimensionSword" x="848" y="640" w="52" h="128" pX="0.5" pY="0.5"/>
    <sprite n="DragonHammer" x="660" y="776" w="100" h="164" pX="0.5" pY="0.5"/>
    <sprite n="DrumStick" x="12" y="308" w="40" h="88" pX="0.5" pY="0.5"/>
    <sprite n="EarthwardSword/DogMasterSword" x="308" y="408" w="52" h="104" pX="0.5" pY="0.5"/>
    <sprite n="EntrenchingTool/DirtBullet" x="924" y="160" w="68" h="64" pX="0.5" pY="0.5"/>
    <sprite n="EntrenchingTool/EntrenchingTool" x="0" y="524" w="24" h="116" pX="0.5" pY="0.5"/>
    <sprite n="EntrenchingTool/EntrenchingToolItem" x="24" y="524" w="36" h="116" pX="0.5" pY="0.5"/>
    <sprite n="Executioner" x="696" y="640" w="52" h="120" pX="0.5" pY="0.5"/>
    <sprite n="FlameThrower/Flame00" x="0" y="0" w="8" h="8" pX="0.5" pY="0.5"/>
    <sprite n="FlameThrower/Flame01" x="188" y="0" w="24" h="24" pX="0.5" pY="0.5"/>
    <sprite n="FlameThrower/Flame02" x="212" y="0" w="20" h="24" pX="0.5" pY="0.5"/>
    <sprite n="FlameThrower/Flame03" x="596" y="0" w="32" h="28" pX="0.5" pY="0.5"/>
    <sprite n="FlameThrower/Flame04" x="688" y="0" w="44" h="32" pX="0.5" pY="0.5"/>
    <sprite n="FlameThrower/Flame05" x="304" y="32" w="52" h="36" pX="0.5" pY="0.5"/>
    <sprite n="FlameThrower/Flame06" x="160" y="68" w="56" h="40" pX="0.5" pY="0.5"/>
    <sprite n="FlameThrower/Flame07" x="116" y="108" w="60" h="44" pX="0.5" pY="0.5"/>
    <sprite n="FlameThrower/Flame08" x="216" y="68" w="60" h="40" pX="0.5" pY="0.5"/>
    <sprite n="FlameThrower/Flame09" x="356" y="32" w="60" h="36" pX="0.5" pY="0.5"/>
    <sprite n="FlameThrower/Flame10" x="416" y="32" w="60" h="36" pX="0.5" pY="0.5"/>
    <sprite n="FlameThrower/Flame11" x="732" y="0" w="60" h="32" pX="0.5" pY="0.5"/>
    <sprite n="FlameThrower/Flame12" x="628" y="0" w="60" h="28" pX="0.5" pY="0.5"/>
    <sprite n="FlameThrower/Flame13" x="232" y="0" w="56" h="24" pX="0.5" pY="0.5"/>
    <sprite n="FlameThrower/Flame14" x="8" y="0" w="24" h="8" pX="0.5" pY="0.5"/>
    <sprite n="FlameThrower/FlameThrower" x="176" y="108" w="88" h="44" pX="0.5" pY="0.5"/>
    <sprite n="FlangedMace" x="52" y="308" w="36" h="88" pX="0.5" pY="0.5"/>
    <sprite n="FrenziedTonfa/FuryTonfa" x="412" y="224" w="32" h="76" pX="0.5" pY="0.5"/>
    <sprite n="FrenziedTonfa/FuryTonfaHUD" x="992" y="160" w="48" h="64" pX="0.5" pY="0.5"/>
    <sprite n="FrenziedTonfa/FuryTonfaItem" x="444" y="224" w="52" h="76" pX="0.5" pY="0.5"/>
    <sprite n="HandTorch/HandTorch0" x="184" y="308" w="44" h="92" pX="0.5" pY="0.5"/>
    <sprite n="HandTorch/HandTorch1" x="228" y="308" w="40" h="92" pX="0.5" pY="0.5"/>
    <sprite n="HandTorch/HandTorch2" x="856" y="308" w="40" h="100" pX="0.5" pY="0.5"/>
    <sprite n="HandTorch/HandTorch3" x="896" y="308" w="48" h="100" pX="0.5" pY="0.5"/>
    <sprite n="HandTorch/HandTorch4" x="360" y="408" w="52" h="104" pX="0.5" pY="0.5"/>
    <sprite n="HandTorch/HandTorch5" x="944" y="308" w="60" h="100" pX="0.5" pY="0.5"/>
    <sprite n="HandTorch/HandTorch6" x="1012" y="224" w="56" h="84" pX="0.5" pY="0.5"/>
    <sprite n="HandTorch/HandTorch7" x="88" y="308" w="44" h="88" pX="0.5" pY="0.5"/>
    <sprite n="JunkshopOwner'sPistol" x="792" y="0" w="64" h="32" pX="0.5" pY="0.5"/>
    <sprite n="Kar98" x="856" y="0" w="108" h="32" pX="0.5" pY="0.5"/>
    <sprite n="Laplacian/TrinityForce" x="276" y="68" w="72" h="40" pX="0.5" pY="0.5"/>
    <sprite n="Laplacian/TrinityForceFire0" x="68" y="0" w="20" h="20" pX="0.5" pY="0.5"/>
    <sprite n="Laplacian/TrinityForceFire1" x="88" y="0" w="20" h="20" pX="0.5" pY="0.5"/>
    <sprite n="Laplacian/TrinityForceFire2" x="32" y="0" w="12" h="12" pX="0.5" pY="0.5"/>
    <sprite n="Laplacian/TrinityForceIce0" x="108" y="0" w="20" h="20" pX="0.5" pY="0.5"/>
    <sprite n="Laplacian/TrinityForceIce1" x="128" y="0" w="20" h="20" pX="0.5" pY="0.5"/>
    <sprite n="Laplacian/TrinityForceIce2" x="44" y="0" w="12" h="12" pX="0.5" pY="0.5"/>
    <sprite n="Laplacian/TrinityForceIlec0" x="148" y="0" w="20" h="20" pX="0.5" pY="0.5"/>
    <sprite n="Laplacian/TrinityForceIlec1" x="168" y="0" w="20" h="20" pX="0.5" pY="0.5"/>
    <sprite n="Laplacian/TrinityForceIlec2" x="56" y="0" w="12" h="12" pX="0.5" pY="0.5"/>
    <sprite n="LightBringer/LightBringer0" x="1004" y="308" w="44" h="100" pX="0.5" pY="0.5"/>
    <sprite n="LightBringer/LightBringer1" x="0" y="408" w="48" h="100" pX="0.5" pY="0.5"/>
    <sprite n="LightBringer/LightBringer2" x="48" y="408" w="68" h="100" pX="0.5" pY="0.5"/>
    <sprite n="LightBringer/LightBringer3" x="268" y="308" w="76" h="92" pX="0.5" pY="0.5"/>
    <sprite n="LightBringer/LightBringer4" x="116" y="408" w="100" h="100" pX="0.5" pY="0.5"/>
    <sprite n="LightBringer/LightBringer5" x="216" y="408" w="92" h="100" pX="0.5" pY="0.5"/>
    <sprite n="LightSaber" x="0" y="308" w="12" h="84" pX="0.5" pY="0.5"/>
    <sprite n="MagicShield" x="476" y="32" w="36" h="36" pX="0.5" pY="0.5"/>
    <sprite n="Magnum" x="964" y="0" w="64" h="32" pX="0.5" pY="0.5"/>
    <sprite n="MiniSlimeMaker/MetalSlime/MetalSlime00" x="548" y="108" w="68" h="48" pX="0.5" pY="0.5"/>
    <sprite n="MiniSlimeMaker/MetalSlime/MetalSlime01" x="264" y="108" w="76" h="44" pX="0.5" pY="0.5"/>
    <sprite n="MiniSlimeMaker/MetalSlime/MetalSlime02" x="512" y="32" w="84" h="36" pX="0.5" pY="0.5"/>
    <sprite n="MiniSlimeMaker/MetalSlime/MetalSlime03" x="340" y="108" w="76" h="44" pX="0.5" pY="0.5"/>
    <sprite n="MiniSlimeMaker/MetalSlime/MetalSlime04" x="108" y="160" w="68" h="52" pX="0.5" pY="0.5"/>
    <sprite n="MiniSlimeMaker/MetalSlime/MetalSlime05" x="464" y="308" w="72" h="96" pX="0.5" pY="0.5"/>
    <sprite n="MiniSlimeMaker/MetalSlime/MetalSlime06" x="764" y="408" w="68" h="112" pX="0.5" pY="0.5"/>
    <sprite n="MiniSlimeMaker/MetalSlime/MetalSlime07" x="412" y="408" w="68" h="108" pX="0.5" pY="0.5"/>
    <sprite n="MiniSlimeMaker/MetalSlime/MetalSlime08" x="536" y="308" w="72" h="96" pX="0.5" pY="0.5"/>
    <sprite n="MiniSlimeMaker/MetalSlime/MetalSlime09" x="832" y="408" w="68" h="112" pX="0.5" pY="0.5"/>
    <sprite n="MiniSlimeMaker/MetalSlime/MetalSlime10" x="480" y="408" w="68" h="108" pX="0.5" pY="0.5"/>
    <sprite n="MiniSlimeMaker/MetalSlime/MetalSlimeFly" x="324" y="160" w="60" h="60" pX="0.5" pY="0.5"/>
    <sprite n="MiniSlimeMaker/MiniSlimeMaker00" x="60" y="524" w="116" h="116" pX="0.5" pY="0.5"/>
    <sprite n="MiniSlimeMaker/MiniSlimeMaker01" x="176" y="524" w="116" h="116" pX="0.5" pY="0.5"/>
    <sprite n="MiniSlimeMaker/MiniSlimeMaker02" x="292" y="524" w="116" h="116" pX="0.5" pY="0.5"/>
    <sprite n="MiniSlimeMaker/MiniSlimeMaker03" x="408" y="524" w="116" h="116" pX="0.5" pY="0.5"/>
    <sprite n="MiniSlimeMaker/MiniSlimeMaker04" x="524" y="524" w="116" h="116" pX="0.5" pY="0.5"/>
    <sprite n="MiniSlimeMaker/MiniSlimeMaker05" x="640" y="524" w="116" h="116" pX="0.5" pY="0.5"/>
    <sprite n="MiniSlimeMaker/MiniSlimeMaker06" x="756" y="524" w="116" h="116" pX="0.5" pY="0.5"/>
    <sprite n="MiniSlimeMaker/MiniSlimeMaker07" x="872" y="524" w="116" h="116" pX="0.5" pY="0.5"/>
    <sprite n="MiniSlimeMaker/MiniSlimeMaker08" x="0" y="640" w="116" h="116" pX="0.5" pY="0.5"/>
    <sprite n="MiniSlimeMaker/MiniSlimeMaker09" x="116" y="640" w="116" h="116" pX="0.5" pY="0.5"/>
    <sprite n="MiniSlimeMaker/MiniSlimeMaker10" x="232" y="640" w="116" h="116" pX="0.5" pY="0.5"/>
    <sprite n="MiniSlimeMaker/MiniSlimeMaker11" x="348" y="640" w="116" h="116" pX="0.5" pY="0.5"/>
    <sprite n="Mondria/Mondria" x="0" y="32" w="64" h="32" pX="0.5" pY="0.5"/>
    <sprite n="Mondria/MondriaReload00" x="416" y="108" w="68" h="44" pX="0.5" pY="0.5"/>
    <sprite n="Mondria/MondriaReload01" x="496" y="224" w="112" h="76" pX="0.5" pY="0.5"/>
    <sprite n="Mondria/MondriaReload02" x="548" y="408" w="108" h="108" pX="0.5" pY="0.5"/>
    <sprite n="Mondria/MondriaReload03" x="464" y="640" w="116" h="116" pX="0.5" pY="0.5"/>
    <sprite n="Mondria/MondriaReload04" x="656" y="408" w="108" h="108" pX="0.5" pY="0.5"/>
    <sprite n="Mondria/MondriaReload05" x="580" y="640" w="116" h="116" pX="0.5" pY="0.5"/>
    <sprite n="Mondria/MondriaReload06" x="176" y="160" w="60" h="52" pX="0.5" pY="0.5"/>
    <sprite n="Mondria/MondriaReload07" x="0" y="32" w="64" h="32" pX="0.5" pY="0.5"/>
    <sprite n="MT1LightMachineGun" x="348" y="68" w="108" h="40" pX="0.5" pY="0.5"/>
    <sprite n="n134Minigun/GatlingGun0" x="616" y="108" w="104" h="48" pX="0.5" pY="0.5"/>
    <sprite n="n134Minigun/GatlingGun1" x="720" y="108" w="104" h="48" pX="0.5" pY="0.5"/>
    <sprite n="Ormungand" x="484" y="108" w="64" h="44" pX="0.5" pY="0.5"/>
    <sprite n="PuppyMachineGun/DogRifle0" x="596" y="32" w="64" h="36" pX="0.5" pY="0.5"/>
    <sprite n="PuppyMachineGun/DogRifle1" x="660" y="32" w="64" h="36" pX="0.5" pY="0.5"/>
    <sprite n="PuppyMachineGun/DogRifle2" x="724" y="32" w="64" h="36" pX="0.5" pY="0.5"/>
    <sprite n="PuppyMachineGun/DogRifle3" x="788" y="32" w="64" h="36" pX="0.5" pY="0.5"/>
    <sprite n="PuppyMachineGun/DogRifle4" x="852" y="32" w="64" h="36" pX="0.5" pY="0.5"/>
    <sprite n="RedPickaxe/PickaxeRed" x="820" y="776" w="132" h="172" pX="0.5" pY="0.5"/>
    <sprite n="RPG" x="456" y="68" w="76" h="40" pX="0.5" pY="0.5"/>
    <sprite n="RumbleAndArtur/Rumble&amp;Artur_Gunform1" x="900" y="408" w="24" h="112" pX="0.5" pY="0.5"/>
    <sprite n="RumbleAndArtur/Rumble&amp;Artur_Gunform2" x="924" y="408" w="100" h="112" pX="0.5" pY="0.5"/>
    <sprite n="SavageAxe" x="748" y="640" w="72" h="120" pX="0.5" pY="0.5"/>
    <sprite n="SpearOfMadness" x="952" y="776" w="36" h="176" pX="0.5" pY="0.5"/>
    <sprite n="SpikeShield" x="180" y="224" w="44" h="68" pX="0.5" pY="0.5"/>
    <sprite n="SteelWarHammer" x="132" y="308" w="52" h="88" pX="0.5" pY="0.5"/>
    <sprite n="SwordofVines" x="760" y="776" w="60" h="168" pX="0.5" pY="0.5"/>
    <sprite n="TaeKwonDog(PurpleBelt)" x="224" y="224" w="60" h="68" pX="0.5" pY="0.5"/>
    <sprite n="Taser/ElectricShocker" x="532" y="68" w="24" h="40" pX="0.5" pY="0.5"/>
    <sprite n="Taser/ElectricShocker0" x="556" y="68" w="24" h="40" pX="0.5" pY="0.5"/>
    <sprite n="Taser/ElectricShocker1" x="580" y="68" w="24" h="40" pX="0.5" pY="0.5"/>
    <sprite n="Taser/ElectricShocker2" x="64" y="32" w="24" h="32" pX="0.5" pY="0.5"/>
    <sprite n="Taser/ElectricShocker3" x="604" y="68" w="24" h="40" pX="0.5" pY="0.5"/>
    <sprite n="Taser/ElectricShocker4" x="64" y="32" w="24" h="32" pX="0.5" pY="0.5"/>
    <sprite n="Taser/ElectricShocker5" x="628" y="68" w="24" h="40" pX="0.5" pY="0.5"/>
    <sprite n="Taser/ElectricShocker6" x="652" y="68" w="24" h="40" pX="0.5" pY="0.5"/>
    <sprite n="Taser/ElectricShocker7" x="64" y="32" w="24" h="32" pX="0.5" pY="0.5"/>
    <sprite n="Taser/ElectricShocker8" x="676" y="68" w="24" h="40" pX="0.5" pY="0.5"/>
    <sprite n="Taser/ElectricShocker9" x="64" y="32" w="24" h="32" pX="0.5" pY="0.5"/>
    <sprite n="Taser/ElectricShockerAttack0" x="700" y="68" w="24" h="40" pX="0.5" pY="0.5"/>
    <sprite n="Taser/ElectricShockerAttack1" x="916" y="32" w="24" h="36" pX="0.5" pY="0.5"/>
    <sprite n="Taser/ElectricShockerAttack2" x="724" y="68" w="24" h="40" pX="0.5" pY="0.5"/>
    <sprite n="Taser/ElectricShockerAttack3" x="916" y="32" w="24" h="36" pX="0.5" pY="0.5"/>
    <sprite n="TigerKwonDo" x="0" y="224" w="76" h="64" pX="0.5" pY="0.5"/>
    <sprite n="TonfaOfShock/ShockTonfa0" x="608" y="224" w="36" h="76" pX="0.5" pY="0.5"/>
    <sprite n="TonfaOfShock/ShockTonfa1" x="340" y="224" w="36" h="72" pX="0.5" pY="0.5"/>
    <sprite n="TonfaOfShock/ShockTonfa2" x="376" y="224" w="36" h="72" pX="0.5" pY="0.5"/>
    <sprite n="TonfaOfShock/ShockTonfa3" x="644" y="224" w="36" h="76" pX="0.5" pY="0.5"/>
    <sprite n="TonfaOfShock/ShockTonfaItem" x="680" y="224" w="60" h="76" pX="0.5" pY="0.5"/>
    <sprite n="TowerShield" x="284" y="224" w="44" h="68" pX="0.5" pY="0.5"/>
    <sprite n="TwinSwordsofMadness/DualSwordOfMadnees" x="740" y="224" w="28" h="76" pX="0.5" pY="0.5"/>
    <sprite n="TwinSwordsofMadness/DualSwordOfMadneesItem" x="768" y="224" w="52" h="76" pX="0.5" pY="0.5"/>
    <sprite n="UZI" x="748" y="68" w="52" h="40" pX="0.5" pY="0.5"/>
    <sprite n="UZIPistol/SubUZI" x="800" y="68" w="52" h="40" pX="0.5" pY="0.5"/>
    <sprite n="WaterGun/Watercourse0" x="852" y="68" w="32" h="40" pX="0.5" pY="0.5"/>
    <sprite n="WaterGun/Watercourse1" x="884" y="68" w="32" h="40" pX="0.5" pY="0.5"/>
    <sprite n="WaterGun/Watercourse2" x="824" y="108" w="32" h="48" pX="0.5" pY="0.5"/>
    <sprite n="WaterGun/Watercourse3" x="856" y="108" w="32" h="48" pX="0.5" pY="0.5"/>
    <sprite n="WaterGun/Watercourse4" x="888" y="108" w="32" h="48" pX="0.5" pY="0.5"/>
    <sprite n="WaterGun/WaterGun" x="940" y="32" w="76" h="36" pX="0.5" pY="0.5"/>
    <sprite n="WillCane/HighNoonCheck00" x="384" y="160" w="52" h="60" pX="0.5" pY="0.5"/>
    <sprite n="WillCane/HighNoonCheck01" x="436" y="160" w="60" h="60" pX="0.5" pY="0.5"/>
    <sprite n="WillCane/HighNoonCheck02" x="496" y="160" w="64" h="60" pX="0.5" pY="0.5"/>
    <sprite n="WillCane/HighNoonCheck03" x="560" y="160" w="60" h="60" pX="0.5" pY="0.5"/>
    <sprite n="WillCane/HighNoonCheck04" x="76" y="224" w="60" h="64" pX="0.5" pY="0.5"/>
    <sprite n="WillCane/HighNoonCheck05" x="620" y="160" w="60" h="60" pX="0.5" pY="0.5"/>
    <sprite n="WillCane/HighNoonCheck06" x="680" y="160" w="64" h="60" pX="0.5" pY="0.5"/>
    <sprite n="WillCane/HighNoonCheck07" x="744" y="160" w="60" h="60" pX="0.5" pY="0.5"/>
    <sprite n="WillCane/HighNoonCheck08" x="804" y="160" w="60" h="60" pX="0.5" pY="0.5"/>
    <sprite n="WillCane/HighNoonCheck09" x="864" y="160" w="60" h="60" pX="0.5" pY="0.5"/>
    <sprite n="WillCane/HighNoonRevolver" x="0" y="68" w="68" h="36" pX="0.5" pY="0.5"/>
    <sprite n="WingGun" x="916" y="68" w="92" h="40" pX="0.5" pY="0.5"/>
    <sprite n="Zweihander" x="460" y="776" w="44" h="160" pX="0.5" pY="0.5"/>
</TextureAtlas>
