<?xml version="1.0" encoding="UTF-8"?>
<!-- Created with TexturePacker https://www.codeandweb.com/texturepacker -->
<!-- $TexturePacker:SmartUpdate:8efbd86ad24c835f52cf4b9af75294b5:777fd235cb72788e9e72d17f110ade27:8083f553db19e6136fc593ce640e2f69$ -->
<!--Format:
n  => name of the sprite
x  => sprite x pos in texture
y  => sprite y pos in texture
w  => sprite width (may be trimmed)
h  => sprite height (may be trimmed)
pX => x pos of the pivot point (relative to sprite width)
pY => y pos of the pivot point (relative to sprite height)
oX => sprite's x-corner offset (only available if trimmed)
oY => sprite's y-corner offset (only available if trimmed)
oW => sprite's original width (only available if trimmed)
oH => sprite's original height (only available if trimmed)
r => 'y' only set if sprite is rotated
with polygon mode enabled:
vertices   => points in sprite coordinate system (x0,y0,x1,y1,x2,y2, ...)
verticesUV => points in sheet coordinate system (x0,y0,x1,y1,x2,y2, ...)
triangles  => sprite triangulation, 3 vertex indices per triangle
-->
<TextureAtlas imagePath="Weapon_Legendary.png" width="1520" height="1520">
    <sprite n="Aldrin'sSecondScythe" x="1332" y="344" w="128" h="152" pX="0.5" pY="0.5"/>
    <sprite n="AngelAndDevil" x="896" y="212" w="52" h="112" pX="0.5" pY="0.5"/>
    <sprite n="BeastMarksSword'Hou'" x="1080" y="212" w="36" h="124" pX="0.5" pY="0.5"/>
    <sprite n="BountyHunter" x="168" y="0" w="64" h="36" pX="0.5" pY="0.5"/>
    <sprite n="Ceres/Keres" x="308" y="344" w="108" h="136" pX="0.5" pY="0.5"/>
    <sprite n="Ceres/KeresBlade" x="752" y="212" w="32" h="100" pX="0.5" pY="0.5"/>
    <sprite n="Ceres/KeresScythe" x="416" y="344" w="108" h="136" pX="0.5" pY="0.5"/>
    <sprite n="CosmosSword/CosmosSword00" x="1156" y="212" w="44" h="132" pX="0.5" pY="0.5"/>
    <sprite n="CosmosSword/CosmosSword01" x="1200" y="212" w="44" h="132" pX="0.5" pY="0.5"/>
    <sprite n="CosmosSword/CosmosSword02" x="1244" y="212" w="44" h="132" pX="0.5" pY="0.5"/>
    <sprite n="CosmosSword/CosmosSword03" x="1288" y="212" w="44" h="132" pX="0.5" pY="0.5"/>
    <sprite n="CosmosSword/CosmosSword04" x="1332" y="212" w="44" h="132" pX="0.5" pY="0.5"/>
    <sprite n="CosmosSword/CosmosSword05" x="1376" y="212" w="44" h="132" pX="0.5" pY="0.5"/>
    <sprite n="CosmosSword/CosmosSword06" x="1420" y="212" w="44" h="132" pX="0.5" pY="0.5"/>
    <sprite n="CosmosSword/CosmosSword07" x="1464" y="212" w="44" h="132" pX="0.5" pY="0.5"/>
    <sprite n="CosmosSword/CosmosSword08" x="0" y="344" w="44" h="132" pX="0.5" pY="0.5"/>
    <sprite n="CosmosSword/CosmosSword09" x="44" y="344" w="44" h="132" pX="0.5" pY="0.5"/>
    <sprite n="CosmosSword/CosmosSword10" x="88" y="344" w="44" h="132" pX="0.5" pY="0.5"/>
    <sprite n="CosmosSword/CosmosSword11" x="132" y="344" w="44" h="132" pX="0.5" pY="0.5"/>
    <sprite n="CosmosSword/CosmosSwordSkill/CosmosSwordSkill00" x="176" y="344" w="44" h="132" pX="0.5" pY="0.5"/>
    <sprite n="CosmosSword/CosmosSwordSkill/CosmosSwordSkill01" x="220" y="344" w="44" h="132" pX="0.5" pY="0.5"/>
    <sprite n="CosmosSword/CosmosSwordSkill/CosmosSwordSkill02" x="264" y="344" w="44" h="132" pX="0.5" pY="0.5"/>
    <sprite n="CrewGun/CrewGun" x="184" y="124" w="1312" h="88" pX="0.5" pY="0.5"/>
    <sprite n="CrewGun/CrewGun_Bullet_02" x="0" y="124" w="40" h="80" pX="0.5" pY="0.5"/>
    <sprite n="CrewGun/CrewGun_Bullet_03" x="1424" y="48" w="40" h="76" pX="0.5" pY="0.5"/>
    <sprite n="CrewGun/CrewGun_Bullet_04" x="104" y="124" w="40" h="84" pX="0.5" pY="0.5"/>
    <sprite n="CrewGun/CrewGun_Bullet_05" x="144" y="124" w="40" h="84" pX="0.5" pY="0.5"/>
    <sprite n="CrewGun/CrewGun_BULLET_HIT_01" x="368" y="212" w="384" h="96" pX="0.5" pY="0.5"/>
    <sprite n="CrewGun/CrewGun_Granade" x="1116" y="48" w="48" h="64" pX="0.5" pY="0.5"/>
    <sprite n="CrewGun/CrewGun_GUNFIRE_01" x="0" y="48" w="616" h="52" pX="0.5" pY="0.5"/>
    <sprite n="DashShield" x="784" y="212" w="112" h="100" pX="0.5" pY="0.5"/>
    <sprite n="DemonHand/DemonHand" x="620" y="0" w="48" h="48" pX="0.5" pY="0.5"/>
    <sprite n="DemonHand/DemonHand0" x="616" y="48" w="48" h="52" pX="0.5" pY="0.5"/>
    <sprite n="DemonHand/DemonHand1" x="768" y="48" w="48" h="56" pX="0.5" pY="0.5"/>
    <sprite n="DemonHand/DemonHand2" x="816" y="48" w="48" h="56" pX="0.5" pY="0.5"/>
    <sprite n="DemonHand/DemonHand3" x="864" y="48" w="48" h="56" pX="0.5" pY="0.5"/>
    <sprite n="DemonHand/DemonHand4" x="664" y="48" w="52" h="52" pX="0.5" pY="0.5"/>
    <sprite n="DevilSwordElema/DemonSword00" x="768" y="504" w="72" h="240" pX="0.5" pY="0.5"/>
    <sprite n="DevilSwordElema/DemonSword01" x="840" y="504" w="72" h="240" pX="0.5" pY="0.5"/>
    <sprite n="DevilSwordElema/DemonSword02" x="912" y="504" w="72" h="240" pX="0.5" pY="0.5"/>
    <sprite n="DevilSwordElema/DemonSword03" x="984" y="504" w="72" h="240" pX="0.5" pY="0.5"/>
    <sprite n="DevilSwordElema/DemonSword04" x="1056" y="504" w="72" h="240" pX="0.5" pY="0.5"/>
    <sprite n="DevilSwordElema/DemonSword05" x="1128" y="504" w="72" h="240" pX="0.5" pY="0.5"/>
    <sprite n="DevilSwordElema/DemonSword06" x="1200" y="504" w="72" h="240" pX="0.5" pY="0.5"/>
    <sprite n="DevilSwordElema/DemonSword07" x="1272" y="504" w="72" h="240" pX="0.5" pY="0.5"/>
    <sprite n="DevilSwordElema/DemonSword08" x="1344" y="504" w="72" h="240" pX="0.5" pY="0.5"/>
    <sprite n="FireDragonKiller" x="1028" y="212" w="52" h="120" pX="0.5" pY="0.5"/>
    <sprite n="Gwendolyn" x="1460" y="344" w="36" h="160" pX="0.5" pY="0.5"/>
    <sprite n="Hecate/Hecate" x="496" y="0" w="124" h="44" pX="0.5" pY="0.5"/>
    <sprite n="Hwando/EastSaber" x="948" y="212" w="28" h="112" pX="0.5" pY="0.5"/>
    <sprite n="Lara'sMagicWand" x="716" y="48" w="52" h="52" pX="0.5" pY="0.5"/>
    <sprite n="Mjolnir" x="668" y="0" w="36" h="48" pX="0.5" pY="0.5"/>
    <sprite n="Mouth/MouthForge" x="932" y="344" w="64" h="144" pX="0.5" pY="0.5"/>
    <sprite n="Mouth/MouthForge0" x="932" y="344" w="64" h="144" pX="0.5" pY="0.5"/>
    <sprite n="Mouth/MouthForge1" x="996" y="344" w="132" h="144" pX="0.5" pY="0.5"/>
    <sprite n="Mouth/MouthForge2" x="1128" y="344" w="68" h="144" pX="0.5" pY="0.5"/>
    <sprite n="Mouth/MouthForge3" x="1196" y="344" w="68" h="144" pX="0.5" pY="0.5"/>
    <sprite n="Mouth/MouthSkill" x="1212" y="48" w="68" h="68" pX="0.5" pY="0.5"/>
    <sprite n="Muramasa" x="1116" y="212" w="40" h="128" pX="0.5" pY="0.5"/>
    <sprite n="Nastrond" x="588" y="504" w="32" h="196" pX="0.5" pY="0.5"/>
    <sprite n="NitroGauntlet/MachineLeftHand0" x="4" y="0" w="40" h="32" pX="0.5" pY="0.5"/>
    <sprite n="NitroGauntlet/MachineLeftHand1" x="232" y="0" w="48" h="36" pX="0.5" pY="0.5"/>
    <sprite n="NitroGauntlet/MachineRightHandAttack0" x="912" y="48" w="108" h="56" pX="0.5" pY="0.5"/>
    <sprite n="NitroGauntlet/MachineRightHandAttack1" x="704" y="0" w="120" h="48" pX="0.5" pY="0.5"/>
    <sprite n="NitroGauntlet/MachineRightHandAttack2" x="824" y="0" w="96" h="48" pX="0.5" pY="0.5"/>
    <sprite n="NitroGauntlet/MachineRightHandAttack3" x="920" y="0" w="100" h="48" pX="0.5" pY="0.5"/>
    <sprite n="NitroGauntlet/MachineRightHandAttack4" x="824" y="0" w="96" h="48" pX="0.5" pY="0.5"/>
    <sprite n="NitroGauntlet/MachineRightHandAttack7" x="1020" y="0" w="96" h="48" pX="0.5" pY="0.5"/>
    <sprite n="NitroGauntlet/MachineRightHandAttack8" x="1116" y="0" w="76" h="48" pX="0.5" pY="0.5"/>
    <sprite n="NitroGauntlet/MachineRightHandAttack9" x="1192" y="0" w="76" h="48" pX="0.5" pY="0.5"/>
    <sprite n="NitroGauntlet/MachineRightHandIdle" x="1268" y="0" w="68" h="48" pX="0.5" pY="0.5"/>
    <sprite n="NitroGauntlet/NitroGauntlet" x="1280" y="48" w="84" h="68" pX="0.5" pY="0.5"/>
    <sprite n="NitroGauntlet/NitroPunchAim01" x="620" y="504" w="148" h="196" pX="0.5" pY="0.5"/>
    <sprite n="PuppyRocketLauncher/DogMissile" x="44" y="0" w="20" h="32" pX="0.5" pY="0.5"/>
    <sprite n="PuppyRocketLauncher/DogMissileLauncher0" x="280" y="0" w="60" h="40" pX="0.5" pY="0.5"/>
    <sprite n="PuppyRocketLauncher/DogMissileLauncher1" x="1164" y="48" w="48" h="64" pX="0.5" pY="0.5"/>
    <sprite n="PuppyRocketLauncher/DogMissileLauncher2" x="1020" y="48" w="48" h="56" pX="0.5" pY="0.5"/>
    <sprite n="PuppyRocketLauncher/DogMissileLauncher3" x="1068" y="48" w="48" h="56" pX="0.5" pY="0.5"/>
    <sprite n="PuppyRocketLauncher/DogMissileLauncher4" x="1336" y="0" w="48" h="48" pX="0.5" pY="0.5"/>
    <sprite n="PuppyRocketLauncher/DogMissileLauncher5" x="340" y="0" w="48" h="40" pX="0.5" pY="0.5"/>
    <sprite n="PuppyRocketLauncher/DogMissileLauncher6" x="388" y="0" w="52" h="40" pX="0.5" pY="0.5"/>
    <sprite n="PuppyRocketLauncher/DogMissileLauncher7" x="440" y="0" w="56" h="40" pX="0.5" pY="0.5"/>
    <sprite n="RapierOfSuperSpeed" x="344" y="212" w="24" h="92" pX="0.5" pY="0.5"/>
    <sprite n="Roxanne/DogTrueMasterSword" x="976" y="212" w="52" h="112" pX="0.5" pY="0.5"/>
    <sprite n="SkeletonKing'sSword" x="1264" y="344" w="68" h="144" pX="0.5" pY="0.5"/>
    <sprite n="Stromboli" x="60" y="504" w="104" h="180" pX="0.5" pY="0.5"/>
    <sprite n="TaeKwonDog(OrangeBelt)" x="1364" y="48" w="60" h="68" pX="0.5" pY="0.5"/>
    <sprite n="TonfaofQigong/KikouTonfa" x="1464" y="48" w="36" h="76" pX="0.5" pY="0.5"/>
    <sprite n="TonfaofQigong/KikouTonfaItem" x="40" y="124" w="64" h="80" pX="0.5" pY="0.5"/>
    <sprite n="WitchSwordLivna/DemonBladeIdle00" x="1404" y="744" w="116" h="252" pX="0.5" pY="0.5"/>
    <sprite n="WitchSwordLivna/DemonBladeIdle01" x="0" y="996" w="116" h="252" pX="0.5" pY="0.5"/>
    <sprite n="WitchSwordLivna/DemonBladeIdle02" x="116" y="996" w="116" h="252" pX="0.5" pY="0.5"/>
    <sprite n="WitchSwordLivna/DemonBladeIdle03" x="232" y="996" w="116" h="252" pX="0.5" pY="0.5"/>
    <sprite n="WitchSwordLivna/DemonBladeIdle04" x="348" y="996" w="116" h="252" pX="0.5" pY="0.5"/>
    <sprite n="WitchSwordLivna/DemonBladeIdle05" x="464" y="996" w="116" h="252" pX="0.5" pY="0.5"/>
    <sprite n="WitchSwordLivna/DemonBladeIdle06" x="580" y="996" w="116" h="252" pX="0.5" pY="0.5"/>
    <sprite n="WitchSwordLivna/DemonBladeIdle07" x="696" y="996" w="116" h="252" pX="0.5" pY="0.5"/>
    <sprite n="WitchSwordLivna/DemonBladeIdle08" x="812" y="996" w="116" h="252" pX="0.5" pY="0.5"/>
    <sprite n="WitchSwordLivna/DemonBladeIdle09" x="928" y="996" w="116" h="252" pX="0.5" pY="0.5"/>
    <sprite n="WitchSwordLivna/DemonBladeIdle10" x="1044" y="996" w="116" h="252" pX="0.5" pY="0.5"/>
    <sprite n="WitchSwordLivna/DemonBladeIdle11" x="1160" y="996" w="116" h="252" pX="0.5" pY="0.5"/>
    <sprite n="WitchSwordLivna/DemonBladeIdle12" x="1276" y="996" w="116" h="252" pX="0.5" pY="0.5"/>
    <sprite n="WitchSwordLivna/DemonBladeIdle13" x="1392" y="996" w="116" h="252" pX="0.5" pY="0.5"/>
    <sprite n="WitchSwordLivna/DemonBladeIdle14" x="0" y="1248" w="116" h="252" pX="0.5" pY="0.5"/>
    <sprite n="WitchSwordLivna/DemonBladeSwing00" x="0" y="744" w="472" h="240" pX="0.5" pY="0.5"/>
    <sprite n="WitchSwordLivna/DemonBladeSwing01" x="472" y="744" w="472" h="248" pX="0.5" pY="0.5"/>
    <sprite n="WitchSwordLivna/DemonBladeSwing02" x="116" y="1248" w="472" h="252" pX="0.5" pY="0.5"/>
    <sprite n="WitchSwordLivna/DemonBladeSwing03" x="1040" y="1248" w="472" h="256" pX="0.5" pY="0.5"/>
    <sprite n="WitchSwordLivna/DemonBladeSwing04" x="944" y="744" w="460" h="248" pX="0.5" pY="0.5"/>
    <sprite n="WitchSwordLivna/DemonBladeSwing05" x="588" y="1248" w="452" h="252" pX="0.5" pY="0.5"/>
    <sprite n="WitchSwordLivna/DemonBladeSwing06" x="164" y="504" w="424" h="180" pX="0.5" pY="0.5"/>
    <sprite n="WitchSwordLivna/DemonBladeSwing07" x="524" y="344" w="408" h="140" pX="0.5" pY="0.5"/>
    <sprite n="WitchSwordLivna/DemonBladeSwing08" x="0" y="212" w="344" h="88" pX="0.5" pY="0.5"/>
    <sprite n="WitchSwordLivna/DemonBladeSwing09" x="64" y="0" w="104" h="32" pX="0.5" pY="0.5"/>
    <sprite n="WitchSwordLivna/DemonBladeSwing10" x="0" y="0" w="4" h="4" pX="0.5" pY="0.5"/>
    <sprite n="YoePo'sSpear" x="0" y="504" w="60" h="176" pX="0.5" pY="0.5"/>
</TextureAtlas>
